row_index,prediction_result,review_text,true_sentiment,predicted_sentiment,prediction_confidence,prediction_decision_score,strongest_feature_group,top_supporting_features,top_opposing_features,explanation
0,correct,They aren't as warm or water resistant as I would have like given they are advertised as waterproof.,neu,neu,0.5078,0.1653,RoBERTa,"Enhanced RoBERTa Neu = 0.6125 (contribution: 0.2992);
Enhanced SVM Neu = 0.6308 (contribution: 0.1506);
Meta Pos Phrase Count = 0.0 (contribution: 0.0789);
Meta Intensifier Count = 0.0 (contribution: 0.0737);
Meta Neg Phrase Count = 0.0 (contribution: 0.0509)","Meta Has Contrast = 0.0 (contribution: -0.0765);
Meta Has Intensifier = 0.0 (contribution: -0.0742);
Meta Has Pos Phrase = 0.0 (contribution: -0.0692);
Meta Has Neg Phrase = 0.0 (contribution: -0.055);
Meta Contrast Count = 0.0 (contribution: -0.0442)","The meta SVM predicted 'neu' mainly because the strongest supporting signals came from RoBERTa. The top supporting features were Enhanced RoBERTa Neu, Enhanced SVM Neu, Meta Pos Phrase Count, Meta Intensifier Count, Meta Neg Phrase Count. The main opposing signal was Meta Has Contrast."
1,correct,Pins bend too easily,neg,neg,0.585,0.36,RoBERTa,"Enhanced RoBERTa Neg = 0.7039 (contribution: 0.3148);
Enhanced RoBERTa Pos = 0.0254 (contribution: 0.2164);
Meta Has Negator = 0.0 (contribution: 0.1097);
Meta Has Pos Phrase = 0.0 (contribution: 0.0578);
Meta Has Neg Phrase = 0.0 (contribution: 0.0386)","Meta Pos Phrase Count = 0.0 (contribution: -0.0507);
Meta Negator Count = 0.0 (contribution: -0.0478);
Meta Neg Phrase Count = 0.0 (contribution: -0.0339);
Enhanced VADER Neu = 0.556 (contribution: -0.0262);
Meta Intensifier Count = 0.0 (contribution: -0.0151)","The meta SVM predicted 'neg' mainly because the strongest supporting signals came from RoBERTa. The top supporting features were Enhanced RoBERTa Neg, Enhanced RoBERTa Pos, Meta Has Negator, Meta Has Pos Phrase, Meta Has Neg Phrase. The main opposing signal was Meta Pos Phrase Count."
2,correct,"I ordered 3 sizes up because of the reviews , the material is thinner than I expected but not see through, has thumb holes didn't really notice until after I bought it , so gets baggy at the bottom , I really like how it has the flowy sides the shape nd style of the shirt is really nice on top of a pencil skirt (is the way I'm wearing it , I would say the bag doesn't have much shape but I would go darker to be more sliming, I like the hood and the comfy part of the sweater , it's tighter on my upper arms only cuz I have bigger upper arms the elbow down is bigger material , and it doesn't look like expensive quality but grateful was only 15.99 . I may purchase another color. I bought the pink one(""purple) it's not purple it's actually pink close to the picture looks to me like a rosy darker hot pink color. I am thinning of getting the green one next it'll be a grate live in sweater for the fall and casual for winter under the coat. Love the hood with extra space not too snug",pos,pos,0.435,0.0067,RoBERTa,"Meta Intensifier Count = 3.0 (contribution: 0.2907);
Enhanced RoBERTa Neg = 0.0281 (contribution: 0.2721);
Enhanced RoBERTa Pos = 0.5938 (contribution: 0.2149);
Meta Has Negator = 1.0 (contribution: 0.0407);
Enhanced VADER Neg = 0.0 (contribution: 0.0343)","Meta Has Intensifier = 1.0 (contribution: -0.1264);
Meta Contrast Count = 3.0 (contribution: -0.0999);
Meta Has Contrast = 1.0 (contribution: -0.0756);
Meta Negator Count = 6.0 (contribution: -0.0727);
Enhanced SVM Neu = 0.4521 (contribution: -0.0498)","The meta SVM predicted 'pos' mainly because the strongest supporting signals came from RoBERTa. The top supporting features were Meta Intensifier Count, Enhanced RoBERTa Neg, Enhanced RoBERTa Pos, Meta Has Negator, Enhanced VADER Neg. The main opposing signal was Meta Has Intensifier."
5,correct,"I buy a lot of stuff on Amazon and I'd say this is one of cheapest quality items I've seen. I got this for my daughter and although she likes it, I feel it's very poor quality.I don't expect this garment to last more than a month , very disappointing. 100%polyester",neg,neg,0.63,0.4886,RoBERTa,"Enhanced RoBERTa Neg = 0.9236 (contribution: 0.5104);
Meta Neg Phrase Count = 1.0 (contribution: 0.2564);
Enhanced RoBERTa Pos = 0.0065 (contribution: 0.2293);
Enhanced RoBERTa Neu = 0.0699 (contribution: 0.1185);
Meta Has Pos Phrase = 0.0 (contribution: 0.0578)","Meta Has Neg Phrase = 1.0 (contribution: -0.3287);
Meta Has Negator = 1.0 (contribution: -0.0851);
Meta Pos Phrase Count = 0.0 (contribution: -0.0507);
Meta Has Intensifier = 1.0 (contribution: -0.0245);
Meta Has Contrast = 1.0 (contribution: -0.0226)","The meta SVM predicted 'neg' mainly because the strongest supporting signals came from RoBERTa. The top supporting features were Enhanced RoBERTa Neg, Meta Neg Phrase Count, Enhanced RoBERTa Pos, Enhanced RoBERTa Neu, Meta Has Pos Phrase. The main opposing signal was Meta Has Neg Phrase."
6,correct,I have the highest respect for the nations highest award. Very good program about the medal of honor and I would recommend it highly.,pos,pos,0.7727,0.9223,RoBERTa,"Enhanced RoBERTa Pos = 0.9289 (contribution: 0.5017);
Enhanced RoBERTa Neg = 0.0041 (contribution: 0.2924);
Meta Intensifier Count = 2.0 (contribution: 0.1722);
Enhanced SVM Pos = 0.6008 (contribution: 0.1151);
Meta Pos Phrase Count = 1.0 (contribution: 0.1018)","Meta Has Intensifier = 1.0 (contribution: -0.1264);
Enhanced NB Neg = 0.1554 (contribution: -0.0577);
Meta Has Negator = 0.0 (contribution: -0.0525);
Enhanced VADER Compound = 0.9601 (contribution: -0.0236);
Enhanced NB Pos = 0.5331 (contribution: -0.019)","The meta SVM predicted 'pos' mainly because the strongest supporting signals came from RoBERTa. The top supporting features were Enhanced RoBERTa Pos, Enhanced RoBERTa Neg, Meta Intensifier Count, Enhanced SVM Pos, Meta Pos Phrase Count. The main opposing signal was Meta Has Intensifier."
7,correct,Great case for the price! Stunning tempered glass panels really make it a showpiece.,pos,pos,0.6785,0.615,RoBERTa,"Enhanced RoBERTa Pos = 0.956 (contribution: 0.5249);
Enhanced RoBERTa Neg = 0.0044 (contribution: 0.2921);
Enhanced RoBERTa Neu = 0.0397 (contribution: 0.0737);
Enhanced SVM Neu = 0.2202 (contribution: 0.0648);
Meta Has Contrast = 0.0 (contribution: 0.0636)","Meta Has Intensifier = 1.0 (contribution: -0.1264);
Meta Has Negator = 0.0 (contribution: -0.0525);
Enhanced NB Neg = 0.1853 (contribution: -0.0484);
Enhanced NB Pos = 0.5998 (contribution: -0.0246);
Enhanced VADER Compound = 0.7901 (contribution: -0.0177)","The meta SVM predicted 'pos' mainly because the strongest supporting signals came from RoBERTa. The top supporting features were Enhanced RoBERTa Pos, Enhanced RoBERTa Neg, Enhanced RoBERTa Neu, Enhanced SVM Neu, Meta Has Contrast. The main opposing signal was Meta Has Intensifier."
9,correct,They are ok. I got the wrong size somehow. Also they are made out of cheap material. I will wear them but I bought a different pair on amazon for a little more money that was definitely worth it.,neu,neu,0.5373,0.2383,RoBERTa,"Meta Has Neg Phrase = 1.0 (contribution: 0.4689);
Enhanced RoBERTa Neu = 0.5445 (contribution: 0.2327);
Enhanced VADER Compound = 0.7543 (contribution: 0.1015);
Meta Has Contrast = 1.0 (contribution: 0.091);
Meta Pos Phrase Count = 0.0 (contribution: 0.0789)","Meta Neg Phrase Count = 1.0 (contribution: -0.3851);
Meta Has Intensifier = 0.0 (contribution: -0.0742);
Meta Has Pos Phrase = 0.0 (contribution: -0.0692);
Meta Has Negator = 0.0 (contribution: -0.064);
Meta Has Diminisher = 0.0 (contribution: -0.0131)","The meta SVM predicted 'neu' mainly because the strongest supporting signals came from RoBERTa. The top supporting features were Meta Has Neg Phrase, Enhanced RoBERTa Neu, Enhanced VADER Compound, Meta Has Contrast, Meta Pos Phrase Count. The main opposing signal was Meta Neg Phrase Count."
10,correct,Very good strap works as stated,pos,pos,0.5849,0.3554,RoBERTa,"Enhanced RoBERTa Pos = 0.852 (contribution: 0.4358);
Enhanced RoBERTa Neg = 0.0067 (contribution: 0.2902);
Meta Has Contrast = 0.0 (contribution: 0.0636);
Enhanced VADER Pos = 0.39 (contribution: 0.0553);
Meta Intensifier Count = 1.0 (contribution: 0.0537)","Meta Has Intensifier = 1.0 (contribution: -0.1264);
Enhanced NB Neg = 0.1012 (contribution: -0.0745);
Enhanced SVM Neu = 0.5016 (contribution: -0.0742);
Meta Has Negator = 0.0 (contribution: -0.0525);
Enhanced NB Pos = 0.6341 (contribution: -0.0275)","The meta SVM predicted 'pos' mainly because the strongest supporting signals came from RoBERTa. The top supporting features were Enhanced RoBERTa Pos, Enhanced RoBERTa Neg, Meta Has Contrast, Enhanced VADER Pos, Meta Intensifier Count. The main opposing signal was Meta Has Intensifier."
11,correct,I did not the length to long.,neu,neu,0.3944,-0.1289,RoBERTa,"Enhanced RoBERTa Neu = 0.5359 (contribution: 0.2243);
Meta Pos Phrase Count = 0.0 (contribution: 0.0789);
Meta Intensifier Count = 0.0 (contribution: 0.0737);
Enhanced SVM Neu = 0.4561 (contribution: 0.0565);
Meta Neg Phrase Count = 0.0 (contribution: 0.0509)","Meta Has Contrast = 0.0 (contribution: -0.0765);
Meta Has Intensifier = 0.0 (contribution: -0.0742);
Meta Has Pos Phrase = 0.0 (contribution: -0.0692);
Enhanced VADER Compound = 0.0 (contribution: -0.06);
Meta Has Neg Phrase = 0.0 (contribution: -0.055)","The meta SVM predicted 'neu' mainly because the strongest supporting signals came from RoBERTa. The top supporting features were Enhanced RoBERTa Neu, Meta Pos Phrase Count, Meta Intensifier Count, Enhanced SVM Neu, Meta Neg Phrase Count. The main opposing signal was Meta Has Contrast."
13,correct,"This book was absolutely the most boring book I've ever read! The sisters take up about 20 pages just explaining who's who in their family, which was just about the most unbelievably dull experience I've ever had reading. Also, they always manage to sound like they were and are perfect people. It's a great premise for a book, but the story is lost when Bessie and Sadie only speak of what great things they did, and not of what the blacks of that time period did. I love Black History, but this book was an extreme disappointment to me. I'd rather read a school textbook than this book.",neg,neg,0.5081,0.2189,RoBERTa,"Enhanced RoBERTa Neg = 0.8916 (contribution: 0.4819);
Enhanced RoBERTa Pos = 0.0097 (contribution: 0.2271);
Enhanced RoBERTa Neu = 0.0987 (contribution: 0.1041);
Meta Has Pos Phrase = 0.0 (contribution: 0.0578);
Meta Has Neg Phrase = 0.0 (contribution: 0.0386)","Enhanced VADER Compound = 0.8372 (contribution: -0.1081);
Meta Has Negator = 1.0 (contribution: -0.0851);
Meta Pos Phrase Count = 0.0 (contribution: -0.0507);
Meta Neg Phrase Count = 0.0 (contribution: -0.0339);
Meta Contrast Count = 2.0 (contribution: -0.0282)","The meta SVM predicted 'neg' mainly because the strongest supporting signals came from RoBERTa. The top supporting features were Enhanced RoBERTa Neg, Enhanced RoBERTa Pos, Enhanced RoBERTa Neu, Meta Has Pos Phrase, Meta Has Neg Phrase. The main opposing signal was Enhanced VADER Compound."
14,correct,Much clearer than VHS-to-DVD-to-Digital,pos,pos,0.365,-0.2242,RoBERTa,"Enhanced RoBERTa Neg = 0.0605 (contribution: 0.2447);
Meta Has Intensifier = 0.0 (contribution: 0.0671);
Meta Has Contrast = 0.0 (contribution: 0.0636);
Enhanced RoBERTa Pos = 0.4058 (contribution: 0.0539);
Meta Contrast Count = 0.0 (contribution: 0.0344)","Meta Intensifier Count = 0.0 (contribution: -0.0648);
Enhanced RoBERTa Neu = 0.5338 (contribution: -0.0627);
Meta Has Negator = 0.0 (contribution: -0.0525);
Enhanced SVM Pos = 0.1948 (contribution: -0.0458);
Enhanced VADER Pos = 0.0 (contribution: -0.0426)","The meta SVM predicted 'pos' mainly because the strongest supporting signals came from RoBERTa. The top supporting features were Enhanced RoBERTa Neg, Meta Has Intensifier, Meta Has Contrast, Enhanced RoBERTa Pos, Meta Contrast Count. The main opposing signal was Meta Intensifier Count."
15,correct,ADAPTER IS NOT READY FOR PRIME TIME,neg,neg,0.6678,0.5802,RoBERTa,"Enhanced RoBERTa Neg = 0.8287 (contribution: 0.4259);
Enhanced RoBERTa Pos = 0.0156 (contribution: 0.2231);
Enhanced VADER Compound = -0.2755 (contribution: 0.1078);
Enhanced RoBERTa Neu = 0.1557 (contribution: 0.0756);
Meta Has Pos Phrase = 0.0 (contribution: 0.0578)","Meta Has Negator = 1.0 (contribution: -0.0851);
Meta Pos Phrase Count = 0.0 (contribution: -0.0507);
Meta Neg Phrase Count = 0.0 (contribution: -0.0339);
Enhanced VADER Neg = 0.26 (contribution: -0.0264);
Meta Intensifier Count = 0.0 (contribution: -0.0151)","The meta SVM predicted 'neg' mainly because the strongest supporting signals came from RoBERTa. The top supporting features were Enhanced RoBERTa Neg, Enhanced RoBERTa Pos, Enhanced VADER Compound, Enhanced RoBERTa Neu, Meta Has Pos Phrase. The main opposing signal was Meta Has Negator."
16,correct,"This is not a good FM antenna, but it is a very good amplifier. Meaning If the reception is weak, this antenna will not help. But if the reception is already strong, the sound quality will improve a lot.",neu,neu,0.4876,0.0927,Polarity Shift Features,"Enhanced RoBERTa Neu = 0.4927 (contribution: 0.1819);
Meta Has Intensifier = 1.0 (contribution: 0.1399);
Meta Has Contrast = 1.0 (contribution: 0.091);
Meta Pos Phrase Count = 0.0 (contribution: 0.0789);
Meta Contrast Count = 2.0 (contribution: 0.0709)","Enhanced VADER Compound = -0.3069 (contribution: -0.1257);
Meta Has Pos Phrase = 0.0 (contribution: -0.0692);
Meta Intensifier Count = 1.0 (contribution: -0.0611);
Meta Has Neg Phrase = 0.0 (contribution: -0.055);
Enhanced NB Neg = 0.4449 (contribution: -0.035)","The meta SVM predicted 'neu' mainly because the strongest supporting signals came from Polarity Shift Features. The top supporting features were Enhanced RoBERTa Neu, Meta Has Intensifier, Meta Has Contrast, Meta Pos Phrase Count, Meta Contrast Count. The main opposing signal was Enhanced VADER Compound."
18,correct,Believe,pos,pos,0.49,0.1066,RoBERTa,"Enhanced RoBERTa Neg = 0.0326 (contribution: 0.2683);
Enhanced RoBERTa Pos = 0.6031 (contribution: 0.2228);
Meta Has Intensifier = 0.0 (contribution: 0.0671);
Meta Has Contrast = 0.0 (contribution: 0.0636);
Enhanced SVM Neu = 0.2798 (contribution: 0.0354)","Meta Intensifier Count = 0.0 (contribution: -0.0648);
Meta Has Negator = 0.0 (contribution: -0.0525);
Enhanced VADER Pos = 0.0 (contribution: -0.0426);
Enhanced VADER Neu = 1.0 (contribution: -0.0301);
Enhanced RoBERTa Neu = 0.3643 (contribution: -0.0159)","The meta SVM predicted 'pos' mainly because the strongest supporting signals came from RoBERTa. The top supporting features were Enhanced RoBERTa Neg, Enhanced RoBERTa Pos, Meta Has Intensifier, Meta Has Contrast, Enhanced SVM Neu. The main opposing signal was Meta Intensifier Count."
19,correct,"Ladies with smaller sized chest would be fine with this product- Ladies with larger (D+), don't bother! The ears don't stick enough to keep the girls lifted and give you a weird shape when they do stick for a couple minutes.",neg,neg,0.3768,-0.1812,RoBERTa,"Enhanced RoBERTa Pos = 0.0865 (contribution: 0.1747);
Meta Has Pos Phrase = 0.0 (contribution: 0.0578);
Meta Has Neg Phrase = 0.0 (contribution: 0.0386);
Enhanced NB Neg = 0.5924 (contribution: 0.0288);
Meta Negator Count = 2.0 (contribution: 0.025)","Enhanced RoBERTa Neu = 0.5467 (contribution: -0.12);
Meta Has Negator = 1.0 (contribution: -0.0851);
Meta Pos Phrase Count = 0.0 (contribution: -0.0507);
Meta Neg Phrase Count = 0.0 (contribution: -0.0339);
Meta Intensifier Count = 0.0 (contribution: -0.0151)","The meta SVM predicted 'neg' mainly because the strongest supporting signals came from RoBERTa. The top supporting features were Enhanced RoBERTa Pos, Meta Has Pos Phrase, Meta Has Neg Phrase, Enhanced NB Neg, Meta Negator Count. The main opposing signal was Enhanced RoBERTa Neu."
21,correct,fake and gay,neg,neg,0.6368,0.4865,RoBERTa,"Enhanced RoBERTa Neg = 0.7901 (contribution: 0.3915);
Enhanced RoBERTa Pos = 0.0278 (contribution: 0.2148);
Enhanced VADER Compound = -0.4767 (contribution: 0.1468);
Meta Has Negator = 0.0 (contribution: 0.1097);
Enhanced RoBERTa Neu = 0.1821 (contribution: 0.0624)","Enhanced VADER Neg = 0.608 (contribution: -0.0769);
Meta Pos Phrase Count = 0.0 (contribution: -0.0507);
Enhanced VADER Neu = 0.392 (contribution: -0.0481);
Meta Negator Count = 0.0 (contribution: -0.0478);
Meta Neg Phrase Count = 0.0 (contribution: -0.0339)","The meta SVM predicted 'neg' mainly because the strongest supporting signals came from RoBERTa. The top supporting features were Enhanced RoBERTa Neg, Enhanced RoBERTa Pos, Enhanced VADER Compound, Meta Has Negator, Enhanced RoBERTa Neu. The main opposing signal was Enhanced VADER Neg."
23,correct,the cam too big,neg,neg,0.438,-0.015,Polarity Shift Features,"Enhanced RoBERTa Pos = 0.0861 (contribution: 0.175);
Meta Has Negator = 0.0 (contribution: 0.1097);
Meta Has Pos Phrase = 0.0 (contribution: 0.0578);
Enhanced VADER Compound = 0.0 (contribution: 0.0543);
Meta Has Neg Phrase = 0.0 (contribution: 0.0386)","Enhanced RoBERTa Neu = 0.5482 (contribution: -0.1208);
Meta Pos Phrase Count = 0.0 (contribution: -0.0507);
Meta Negator Count = 0.0 (contribution: -0.0478);
Meta Neg Phrase Count = 0.0 (contribution: -0.0339);
Meta Intensifier Count = 0.0 (contribution: -0.0151)","The meta SVM predicted 'neg' mainly because the strongest supporting signals came from Polarity Shift Features. The top supporting features were Enhanced RoBERTa Pos, Meta Has Negator, Meta Has Pos Phrase, Enhanced VADER Compound, Meta Has Neg Phrase. The main opposing signal was Enhanced RoBERTa Neu."
24,correct,"The Cay by: Theodore TaylorThe main characters of the book are Timothy and Phillip. Timothy is a large black man that takes care of Phillip on the island. He is caring and hard working. He dies during a hurricane trying to protect Phillip. Phillip is a young boy who gets stranded on the island with Timothy. At first Phillip doesn't appreciate Timothy because he's black but soon he and Timothy become great friends.The plot of the story is about a young boy and an elderly man who get shipwrecked on an island. The young boy becomes blind shortly after the shipwreck. The young boy has to learn to become friends with the elderly black man. They end up becoming great friends learning new ways of surviving on the island.The setting of The Cay is on an island in the Caribbean during the time of World War II.The theme of the book is racism, life, faith, and survival.I liked The Cay because it teaches you that you can't judge someone by the color of their skin. Also it teaches you that it's okay to have disabilities because it doesn't stop people from doing things to be independent.",neu,neu,0.5625,0.3007,RoBERTa,"Enhanced RoBERTa Neu = 0.6429 (contribution: 0.329);
Enhanced VADER Compound = 0.9723 (contribution: 0.1482);
Meta Has Contrast = 1.0 (contribution: 0.091);
Meta Pos Phrase Count = 0.0 (contribution: 0.0789);
Meta Intensifier Count = 0.0 (contribution: 0.0737)","Meta Has Intensifier = 0.0 (contribution: -0.0742);
Meta Has Pos Phrase = 0.0 (contribution: -0.0692);
Meta Has Neg Phrase = 0.0 (contribution: -0.055);
Meta Negator Count = 3.0 (contribution: -0.0484);
Enhanced SVM Neu = 0.3135 (contribution: -0.0204)","The meta SVM predicted 'neu' mainly because the strongest supporting signals came from RoBERTa. The top supporting features were Enhanced RoBERTa Neu, Enhanced VADER Compound, Meta Has Contrast, Meta Pos Phrase Count, Meta Intensifier Count. The main opposing signal was Meta Has Intensifier."
25,correct,"It was easy to put in my wife's new Alcatel phone, and it does its job.",pos,pos,0.6625,0.5648,RoBERTa,"Enhanced RoBERTa Pos = 0.9072 (contribution: 0.4831);
Enhanced RoBERTa Neg = 0.0053 (contribution: 0.2913);
Meta Has Intensifier = 0.0 (contribution: 0.0671);
Meta Has Contrast = 0.0 (contribution: 0.0636);
Enhanced SVM Pos = 0.4638 (contribution: 0.0608)","Meta Intensifier Count = 0.0 (contribution: -0.0648);
Meta Has Negator = 0.0 (contribution: -0.0525);
Enhanced NB Neg = 0.2144 (contribution: -0.0394);
Enhanced NB Pos = 0.4728 (contribution: -0.0139);
Meta Diminisher Count = 0.0 (contribution: -0.0115)","The meta SVM predicted 'pos' mainly because the strongest supporting signals came from RoBERTa. The top supporting features were Enhanced RoBERTa Pos, Enhanced RoBERTa Neg, Meta Has Intensifier, Meta Has Contrast, Enhanced SVM Pos. The main opposing signal was Meta Intensifier Count."
26,correct,"Thriller, edited by the ubiquitous James Patterson, is the first publication of the recently formed International Thriller Writers Inc. To publicise (and help fund) the ITW, Patterson has compiled a collection of thirty stories donated by well-known thriller writers, all using ""a familiar character or plotline"" from their novels.Unsurprisingly, the result is something of a mixed bag. Not all novelists are masters of the short story form, and many of these writers seem uncomfortable within its confines. Some of the stories skimp on characterization, and some on plot; some work well as stand-alones, but others rely too much on the readers' knowledge of characters and organizations from the writers' novels. That said, there are some gems inside.Patterson leads with one of the strongest stories: 'James Penney's New Identity', by Lee Child. Penney, a Vietnam vet, suffers from post-traumatic syndrome, and has been retrenched after seventeen years in the same job because of a poor attendance record. Going slightly crazy, he sets fire to his house before fleeing in his prized Firebird, but the fire spreads. Soon he's wanted for arson - and then, he encounters military cop Jack Reacher. It's a neat little tale, and all you need to know about Reacher for it to work is his idea of honour.J. A. Konrath's 'Epitaph' is less surprising, but it's a well-written and punchy story involving Phin Trout, one of the colourful sidekicks of Whiskey Sour's heroine ""Jack"" Daniels. In James Rollins's amusing and fast-paced 'Kowalski's in Love', Sigma Force's heroic but less-than-brilliant Joe Kowalski has to fight his way past booby traps and rabid baboons to loot a mad scientist's island laboratory before the Brazilian government fire-bombs the place. In F. Paul Wilson's 'Interlude at Duane's', unarmed career criminal Repairman Jack has to hunt for improvised weapons in a drug-store held up by a heavily armed team of enthusiastic amateurs; the action is frantic, and the results gruesome, but the tone is light-heartedly anarchic.More serious is James Siegel's 'Empathy', a grim and claustrophobic stand-alone about a masseuse who suspects that a client is a paedophile, but lacks proof. David Morrell's 'The Abelard Sanction' features a tense armed stand-off between enemy spies in a sanctuary; it starts with several pages of background, but Morrell manages to make this as interesting as his conflicted characters. Dennis Lynds's 'Success of a Mission' and Grant Blackwood's 'Sacrifical Lion' are well-constructed accounts of dangerous undercover missions - one in the Middle East, the other in Stalin's Russia.Two of the stories make use of the September 11 attacks and their aftermath. David Dun's 'Spirit Walker' pits Tilok tracker Kier Wintripp against the Anthrax letter bomber, and in Steve Berry's 'The Devils' Due' - one of the gems in the collection - Osama Bin Laden arranges a meeting with Cotton Malone and offers to surrender.For fans of historical conspiracies, there is Katherine Neville's 'The Tuesday Club', in which Benjamin Franklin and Thomas Jefferson look for secret messages in 'Frere Jacques'. David Liss pits 18th century thief-taker Benjamin Weaver against a cunning highwayman, and Ted Bell spins a yarn of Napoleonic-era sailors and pirates in 'The Powder Monkey'.Christopher Reich's 'Assassins' and Robert Liparulo's 'Kill Zone' are little more than character studies, but Liparullo does a particularly good job of showing us the viewpoint of police sniper Byron Stone.Alex Kava's 'Goodnight, Sweet Mother' and John Lescroart and M. J. Rose's 'The Portal' are both enjoyably twisted, but Heather Graham's 'The Face in the Window' is rather predictable. Michael and Daniel Palmer's 'Disfigured' is an intriguing tale of a deranged kidnap plot, but needed to be at least twice as long.James Grippando's 'Operation Northwoods' feels more like a teaser for his next novel - as do Gayle Lynds's 'The Hunt for Dmitri', Brad Thor's 'The Athens Solution', and Douglas Preston and Lincoln Child's 'Gone Fishing', despite their promising beginnings.Chris Mooney's 'Falling', Denise Hamilton's 'At The Drop of A Hat', Christopher Rice's 'Man Catch', and M. Diane Vogt's 'Surviving Toronto' all feel more like compressed novels, with too many scenes and characters reduced to ciphers and most of the tension left out. Raelynn Hillhouse handles the short story length better in 'Diplomatic Constraints', an exciting prologue to 'Outsourced', but I still felt I was missing something.This book is rather like a smorgasbord for thriller readers. Even if you don't like everything on offer, chances are you'll find something you'll want to try again.",neu,neu,0.8428,1.1895,Polarity Shift Features,"Meta Contrast Count = 11.0 (contribution: 0.5891);
Enhanced RoBERTa Neu = 0.6839 (contribution: 0.3692);
Meta Has Diminisher = 1.0 (contribution: 0.1828);
Meta Has Contrast = 1.0 (contribution: 0.091);
Meta Pos Phrase Count = 0.0 (contribution: 0.0789)","Meta Has Intensifier = 0.0 (contribution: -0.0742);
Meta Has Pos Phrase = 0.0 (contribution: -0.0692);
Meta Has Neg Phrase = 0.0 (contribution: -0.055);
Enhanced SVM Pos = 0.4116 (contribution: -0.0277);
Meta Negator Count = 2.0 (contribution: -0.0197)","The meta SVM predicted 'neu' mainly because the strongest supporting signals came from Polarity Shift Features. The top supporting features were Meta Contrast Count, Enhanced RoBERTa Neu, Meta Has Diminisher, Meta Has Contrast, Meta Pos Phrase Count. The main opposing signal was Meta Has Intensifier."
27,correct,"I just got mine now, and its an awesome cross! Great detail of the Holy Trinity. Love it!",pos,pos,0.7023,0.6893,RoBERTa,"Enhanced RoBERTa Pos = 0.976 (contribution: 0.542);
Enhanced RoBERTa Neg = 0.003 (contribution: 0.2933);
Enhanced RoBERTa Neu = 0.021 (contribution: 0.0789);
Enhanced VADER Pos = 0.481 (contribution: 0.0782);
Meta Has Intensifier = 0.0 (contribution: 0.0671)","Meta Intensifier Count = 0.0 (contribution: -0.0648);
Meta Has Negator = 0.0 (contribution: -0.0525);
Enhanced NB Neg = 0.1821 (contribution: -0.0494);
Enhanced VADER Compound = 0.9323 (contribution: -0.0226);
Enhanced NB Pos = 0.4979 (contribution: -0.0161)","The meta SVM predicted 'pos' mainly because the strongest supporting signals came from RoBERTa. The top supporting features were Enhanced RoBERTa Pos, Enhanced RoBERTa Neg, Enhanced RoBERTa Neu, Enhanced VADER Pos, Meta Has Intensifier. The main opposing signal was Meta Intensifier Count."
31,correct,"I liked the monitor colors, size, clarity, but I have an HP computer (good processor, three years old) and it will not download the driver software. I find the buttons ( not very deep) in the back to be uncmfortable to work from the front.. I'm reasonably computer savvy and have not had this problem before. So I called AOC twice but neither technician could figure out a way to resolve the problem, using the disc or with a separate emailed download. They said this happens sometimes.",neg,neg,0.5455,0.297,RoBERTa,"Enhanced RoBERTa Neg = 0.6637 (contribution: 0.279);
Enhanced RoBERTa Pos = 0.029 (contribution: 0.214);
Enhanced VADER Compound = -0.4981 (contribution: 0.151);
Meta Negator Count = 3.0 (contribution: 0.0614);
Meta Has Pos Phrase = 0.0 (contribution: 0.0578)","Meta Has Negator = 1.0 (contribution: -0.0851);
Meta Pos Phrase Count = 0.0 (contribution: -0.0507);
Meta Neg Phrase Count = 0.0 (contribution: -0.0339);
Meta Contrast Count = 2.0 (contribution: -0.0282);
Meta Has Intensifier = 1.0 (contribution: -0.0245)","The meta SVM predicted 'neg' mainly because the strongest supporting signals came from RoBERTa. The top supporting features were Enhanced RoBERTa Neg, Enhanced RoBERTa Pos, Enhanced VADER Compound, Meta Negator Count, Meta Has Pos Phrase. The main opposing signal was Meta Has Negator."
32,correct,"I am going to be honest and I am telling you that for premade and moldable fronts or grillz they are pretty damn nice and comfortable! I have purchased two different sets of them and I like both sets and I wear them often! I am basically saying that I am far from a goofy type guy that is clueless about looking good or people telling you that you look good but you actually look dumb as hell and they're not trying to hurt your feelings, LoL!",neu,neu,0.4951,0.1176,RoBERTa,"Enhanced RoBERTa Neu = 0.4508 (contribution: 0.141);
Meta Has Contrast = 1.0 (contribution: 0.091);
Meta Pos Phrase Count = 0.0 (contribution: 0.0789);
Meta Intensifier Count = 0.0 (contribution: 0.0737);
Enhanced VADER Compound = 0.5775 (contribution: 0.0637)","Meta Has Intensifier = 0.0 (contribution: -0.0742);
Meta Has Pos Phrase = 0.0 (contribution: -0.0692);
Meta Has Neg Phrase = 0.0 (contribution: -0.055);
Enhanced SVM Pos = 0.4011 (contribution: -0.0249);
Meta Has Diminisher = 0.0 (contribution: -0.0131)","The meta SVM predicted 'neu' mainly because the strongest supporting signals came from RoBERTa. The top supporting features were Enhanced RoBERTa Neu, Meta Has Contrast, Meta Pos Phrase Count, Meta Intensifier Count, Enhanced VADER Compound. The main opposing signal was Meta Has Intensifier."
33,correct,"This is the book that was used for MATH 0150 at Kean University, Union, NJ, USA.",neu,neu,0.4449,0.0269,RoBERTa,"Enhanced RoBERTa Neu = 0.8853 (contribution: 0.5663);
Meta Pos Phrase Count = 0.0 (contribution: 0.0789);
Meta Intensifier Count = 0.0 (contribution: 0.0737);
Meta Neg Phrase Count = 0.0 (contribution: 0.0509);
Enhanced RoBERTa Pos = 0.082 (contribution: 0.048)","Meta Has Contrast = 0.0 (contribution: -0.0765);
Meta Has Intensifier = 0.0 (contribution: -0.0742);
Meta Has Pos Phrase = 0.0 (contribution: -0.0692);
Meta Has Negator = 0.0 (contribution: -0.064);
Enhanced VADER Compound = 0.0 (contribution: -0.06)","The meta SVM predicted 'neu' mainly because the strongest supporting signals came from RoBERTa. The top supporting features were Enhanced RoBERTa Neu, Meta Pos Phrase Count, Meta Intensifier Count, Meta Neg Phrase Count, Enhanced RoBERTa Pos. The main opposing signal was Meta Has Contrast."
35,correct,You'd have to be nuts to trust your data to this device,neg,neg,0.597,0.3915,RoBERTa,"Enhanced RoBERTa Neg = 0.7267 (contribution: 0.3351);
Enhanced RoBERTa Pos = 0.0224 (contribution: 0.2185);
Meta Has Negator = 0.0 (contribution: 0.1097);
Meta Has Pos Phrase = 0.0 (contribution: 0.0578);
Meta Has Neg Phrase = 0.0 (contribution: 0.0386)","Meta Pos Phrase Count = 0.0 (contribution: -0.0507);
Meta Negator Count = 0.0 (contribution: -0.0478);
Meta Neg Phrase Count = 0.0 (contribution: -0.0339);
Meta Intensifier Count = 0.0 (contribution: -0.0151);
Enhanced VADER Neu = 0.641 (contribution: -0.0149)","The meta SVM predicted 'neg' mainly because the strongest supporting signals came from RoBERTa. The top supporting features were Enhanced RoBERTa Neg, Enhanced RoBERTa Pos, Meta Has Negator, Meta Has Pos Phrase, Meta Has Neg Phrase. The main opposing signal was Meta Pos Phrase Count."
39,correct,"Don't let this one pass you buy. Despite the height of the heel , it's extremely comfortable .I have this shoe in the black patent. It's a a buy you won't regret..",pos,pos,0.6934,0.6762,RoBERTa,"Enhanced RoBERTa Pos = 0.8554 (contribution: 0.4388);
Enhanced RoBERTa Neg = 0.0078 (contribution: 0.2892);
Enhanced SVM Neu = 0.1618 (contribution: 0.0937);
Enhanced NB Neg = 0.5948 (contribution: 0.0787);
Meta Has Contrast = 0.0 (contribution: 0.0636)","Meta Has Intensifier = 1.0 (contribution: -0.1264);
Enhanced VADER Neu = 0.886 (contribution: -0.0162);
Enhanced VADER Pos = 0.114 (contribution: -0.014);
Meta Diminisher Count = 0.0 (contribution: -0.0115);
Meta Negator Count = 2.0 (contribution: -0.0106)","The meta SVM predicted 'pos' mainly because the strongest supporting signals came from RoBERTa. The top supporting features were Enhanced RoBERTa Pos, Enhanced RoBERTa Neg, Enhanced SVM Neu, Enhanced NB Neg, Meta Has Contrast. The main opposing signal was Meta Has Intensifier."
40,correct,Item is cracked and unusable,neg,neg,0.7303,0.7747,RoBERTa,"Enhanced RoBERTa Neg = 0.8982 (contribution: 0.4878);
Enhanced RoBERTa Pos = 0.0119 (contribution: 0.2256);
Enhanced VADER Compound = -0.5859 (contribution: 0.168);
Meta Has Negator = 0.0 (contribution: 0.1097);
Enhanced RoBERTa Neu = 0.0899 (contribution: 0.1085)","Enhanced VADER Neg = 0.487 (contribution: -0.0593);
Meta Pos Phrase Count = 0.0 (contribution: -0.0507);
Meta Negator Count = 0.0 (contribution: -0.0478);
Meta Neg Phrase Count = 0.0 (contribution: -0.0339);
Enhanced VADER Neu = 0.513 (contribution: -0.032)","The meta SVM predicted 'neg' mainly because the strongest supporting signals came from RoBERTa. The top supporting features were Enhanced RoBERTa Neg, Enhanced RoBERTa Pos, Enhanced VADER Compound, Meta Has Negator, Enhanced RoBERTa Neu. The main opposing signal was Enhanced VADER Neg."
41,correct,"I like the color of the case but it is too tight for my phone (I have a 5s). It pushes on the volume buttons so that it goes up and down without me pressing them. It squeezes the phone so that the screen is popping out a bit from the backing. I also have trouble plugging it in, as the case does not entirely align with the area for the charger. I am hoping that it stretches over time and is not so tight after a few weeks.",neu,neu,0.4951,0.1545,RoBERTa,"Enhanced RoBERTa Neu = 0.4657 (contribution: 0.1555);
Meta Has Contrast = 1.0 (contribution: 0.091);
Meta Pos Phrase Count = 0.0 (contribution: 0.0789);
Enhanced SVM Neu = 0.4892 (contribution: 0.0743);
Meta Intensifier Count = 0.0 (contribution: 0.0737)","Meta Has Intensifier = 0.0 (contribution: -0.0742);
Meta Has Pos Phrase = 0.0 (contribution: -0.0692);
Meta Has Neg Phrase = 0.0 (contribution: -0.055);
Meta Negator Count = 3.0 (contribution: -0.0484);
Enhanced VADER Neg = 0.04 (contribution: -0.0161)","The meta SVM predicted 'neu' mainly because the strongest supporting signals came from RoBERTa. The top supporting features were Enhanced RoBERTa Neu, Meta Has Contrast, Meta Pos Phrase Count, Enhanced SVM Neu, Meta Intensifier Count. The main opposing signal was Meta Has Intensifier."
45,correct,"Seascape, an avalanche of human emotions,knits the calm hermit Ben and the hysteric drifter Tracy in an net where the must bear their souls and see if love exists past an abortion, earning for escape, and distance from hope. Beautiful dialogue including outstanding scene/monologue, or directoral work.",pos,pos,0.5474,0.2757,RoBERTa,"Enhanced RoBERTa Pos = 0.6957 (contribution: 0.3021);
Enhanced RoBERTa Neg = 0.0221 (contribution: 0.2771);
Meta Has Intensifier = 0.0 (contribution: 0.0671);
Meta Has Contrast = 0.0 (contribution: 0.0636);
Enhanced VADER Pos = 0.317 (contribution: 0.037)","Meta Intensifier Count = 0.0 (contribution: -0.0648);
Enhanced SVM Neu = 0.4587 (contribution: -0.053);
Meta Has Negator = 0.0 (contribution: -0.0525);
Enhanced NB Neg = 0.2252 (contribution: -0.036);
Enhanced VADER Compound = 0.9584 (contribution: -0.0235)","The meta SVM predicted 'pos' mainly because the strongest supporting signals came from RoBERTa. The top supporting features were Enhanced RoBERTa Pos, Enhanced RoBERTa Neg, Meta Has Intensifier, Meta Has Contrast, Enhanced VADER Pos. The main opposing signal was Meta Intensifier Count."
46,correct,this is a downgrade from mx610,neg,neg,0.6264,0.4813,RoBERTa,"Enhanced RoBERTa Neg = 0.7501 (contribution: 0.3559);
Enhanced RoBERTa Pos = 0.0146 (contribution: 0.2238);
Meta Has Negator = 0.0 (contribution: 0.1097);
Meta Has Pos Phrase = 0.0 (contribution: 0.0578);
Enhanced VADER Compound = 0.0 (contribution: 0.0543)","Meta Pos Phrase Count = 0.0 (contribution: -0.0507);
Meta Negator Count = 0.0 (contribution: -0.0478);
Meta Neg Phrase Count = 0.0 (contribution: -0.0339);
Meta Intensifier Count = 0.0 (contribution: -0.0151);
Enhanced SVM Neu = 0.4658 (contribution: -0.0139)","The meta SVM predicted 'neg' mainly because the strongest supporting signals came from RoBERTa. The top supporting features were Enhanced RoBERTa Neg, Enhanced RoBERTa Pos, Meta Has Negator, Meta Has Pos Phrase, Enhanced VADER Compound. The main opposing signal was Meta Pos Phrase Count."
47,correct,"It's great. I'm near the max distance from Green Bay, WI. Time Warner took our NBC any MyTV off because of price disputes. Now TWC can do whatever with local tv. With next day shipping it was only around $42.00.",pos,pos,0.5028,0.141,RoBERTa,"Enhanced RoBERTa Neg = 0.0533 (contribution: 0.2508);
Enhanced RoBERTa Pos = 0.622 (contribution: 0.239);
Meta Has Intensifier = 0.0 (contribution: 0.0671);
Meta Has Contrast = 0.0 (contribution: 0.0636);
Meta Contrast Count = 0.0 (contribution: 0.0344)","Meta Intensifier Count = 0.0 (contribution: -0.0648);
Meta Has Negator = 0.0 (contribution: -0.0525);
Enhanced VADER Pos = 0.093 (contribution: -0.0193);
Enhanced VADER Neu = 0.86 (contribution: -0.0131);
Enhanced SVM Pos = 0.2794 (contribution: -0.0123)","The meta SVM predicted 'pos' mainly because the strongest supporting signals came from RoBERTa. The top supporting features were Enhanced RoBERTa Neg, Enhanced RoBERTa Pos, Meta Has Intensifier, Meta Has Contrast, Meta Contrast Count. The main opposing signal was Meta Intensifier Count."
48,correct,It lasted one night. It was flimsy and super thin. Not worth it.,neg,neg,0.6697,0.5993,RoBERTa,"Enhanced RoBERTa Neg = 0.9074 (contribution: 0.496);
Meta Neg Phrase Count = 1.0 (contribution: 0.2564);
Enhanced RoBERTa Pos = 0.0108 (contribution: 0.2263);
Enhanced VADER Compound = -0.7783 (contribution: 0.2053);
Enhanced RoBERTa Neu = 0.0817 (contribution: 0.1126)","Meta Has Neg Phrase = 1.0 (contribution: -0.3287);
Meta Has Negator = 1.0 (contribution: -0.0851);
Enhanced VADER Neg = 0.43 (contribution: -0.0511);
Meta Pos Phrase Count = 0.0 (contribution: -0.0507);
Meta Has Intensifier = 1.0 (contribution: -0.0245)","The meta SVM predicted 'neg' mainly because the strongest supporting signals came from RoBERTa. The top supporting features were Enhanced RoBERTa Neg, Meta Neg Phrase Count, Enhanced RoBERTa Pos, Enhanced VADER Compound, Enhanced RoBERTa Neu. The main opposing signal was Meta Has Neg Phrase."
49,correct,"This detector provides barely enough warning distance for my area. I live in a more-or-less heavily forested area of the country (Southern New Hampshire). Our roads are often twisty and hilly, with lots of vegetation to soak up radar waves. I still get by with this detector, but I have to be responsive to alerts as soon as they happen, or pay the consequences. With any radar detector that alerts on X-band, you need to be able to ignore spurious signals issued by automatic doors (WalMart, Target, etc.) and the collision detection sensors used on the more and more well-equipped cars today. I only use mine for X and Xa band detection, since those are typically most used here. LADAR? Forget about it!",neu,neu,0.4786,0.0558,RoBERTa,"Enhanced RoBERTa Neu = 0.633 (contribution: 0.3193);
Meta Has Diminisher = 1.0 (contribution: 0.1828);
Meta Has Contrast = 1.0 (contribution: 0.091);
Meta Pos Phrase Count = 0.0 (contribution: 0.0789);
Meta Intensifier Count = 0.0 (contribution: 0.0737)","Enhanced VADER Compound = -0.7937 (contribution: -0.2299);
Meta Has Intensifier = 0.0 (contribution: -0.0742);
Meta Has Pos Phrase = 0.0 (contribution: -0.0692);
Meta Has Negator = 0.0 (contribution: -0.064);
Meta Has Neg Phrase = 0.0 (contribution: -0.055)","The meta SVM predicted 'neu' mainly because the strongest supporting signals came from RoBERTa. The top supporting features were Enhanced RoBERTa Neu, Meta Has Diminisher, Meta Has Contrast, Meta Pos Phrase Count, Meta Intensifier Count. The main opposing signal was Enhanced VADER Compound."
50,correct,"Few months ago, our U.S history teacher advice us to buy this book and i got the last one, on the last minute. When I began read the book, it doesnt have enough ""entertainment"" but in few chapters later, I just notice that some part(maybe all) occured during the historical action a that time. What I mostly enjoyed is that when I read in this book, i learning more often and gave me a head start, because were in the part about the Spanish American War at class. I already finished the book a month ago and i enjoyed it alot. I recommended to the reader who like history or a student that needs more backup at history.",pos,pos,0.5936,0.4004,RoBERTa,"Enhanced RoBERTa Pos = 0.8812 (contribution: 0.4608);
Enhanced RoBERTa Neg = 0.0066 (contribution: 0.2902);
Meta Has Intensifier = 0.0 (contribution: 0.0671);
Enhanced NB Neg = 0.5319 (contribution: 0.0592);
Enhanced RoBERTa Neu = 0.1122 (contribution: 0.0537)","Meta Has Contrast = 1.0 (contribution: -0.0756);
Meta Intensifier Count = 0.0 (contribution: -0.0648);
Enhanced VADER Compound = 0.8402 (contribution: -0.0194);
Enhanced VADER Pos = 0.12 (contribution: -0.0125);
Meta Diminisher Count = 0.0 (contribution: -0.0115)","The meta SVM predicted 'pos' mainly because the strongest supporting signals came from RoBERTa. The top supporting features were Enhanced RoBERTa Pos, Enhanced RoBERTa Neg, Meta Has Intensifier, Enhanced NB Neg, Enhanced RoBERTa Neu. The main opposing signal was Meta Has Contrast."
52,correct,Says it's for a toddler but this hat was huge,neu,neu,0.5153,0.1743,RoBERTa,"Enhanced RoBERTa Neu = 0.5486 (contribution: 0.2367);
Meta Has Contrast = 1.0 (contribution: 0.091);
Enhanced SVM Neu = 0.5189 (contribution: 0.0903);
Meta Pos Phrase Count = 0.0 (contribution: 0.0789);
Meta Intensifier Count = 0.0 (contribution: 0.0737)","Meta Has Intensifier = 0.0 (contribution: -0.0742);
Meta Has Pos Phrase = 0.0 (contribution: -0.0692);
Meta Has Negator = 0.0 (contribution: -0.064);
Meta Has Neg Phrase = 0.0 (contribution: -0.055);
Enhanced VADER Neg = 0.0 (contribution: -0.0331)","The meta SVM predicted 'neu' mainly because the strongest supporting signals came from RoBERTa. The top supporting features were Enhanced RoBERTa Neu, Meta Has Contrast, Enhanced SVM Neu, Meta Pos Phrase Count, Meta Intensifier Count. The main opposing signal was Meta Has Intensifier."
54,correct,If your looking for a long dress that is comfortable and different this is the one.,pos,pos,0.5872,0.3654,RoBERTa,"Enhanced RoBERTa Pos = 0.7361 (contribution: 0.3367);
Enhanced RoBERTa Neg = 0.0071 (contribution: 0.2898);
Enhanced SVM Pos = 0.5234 (contribution: 0.0844);
Meta Has Intensifier = 0.0 (contribution: 0.0671);
Meta Has Contrast = 0.0 (contribution: 0.0636)","Meta Intensifier Count = 0.0 (contribution: -0.0648);
Meta Has Negator = 0.0 (contribution: -0.0525);
Enhanced NB Neg = 0.1746 (contribution: -0.0517);
Enhanced NB Neu = 0.4776 (contribution: -0.0321);
Meta Diminisher Count = 0.0 (contribution: -0.0115)","The meta SVM predicted 'pos' mainly because the strongest supporting signals came from RoBERTa. The top supporting features were Enhanced RoBERTa Pos, Enhanced RoBERTa Neg, Enhanced SVM Pos, Meta Has Intensifier, Meta Has Contrast. The main opposing signal was Meta Intensifier Count."
56,correct,"I read this book many years ago when I was 13 or 14 so my memory is a little fuzzy on the details, but I remember it made a huge impression on me at the time. I saw the movie and that is what originally inspired me to read the book, but there is a lot more to the book than just the love story that was portrayed in the movie. There is a lot of political and social history presented in the novel, but not so much that it overwhelms the reader. The story and the history are balanced very well. The main character strives to do well and survive against the odds, which was inspirational despite the fact that so many unfortunate incidents happened to him.",neu,neu,0.447,0.0707,Polarity Shift Features,"Enhanced VADER Compound = 0.9731 (contribution: 0.1484);
Meta Has Intensifier = 1.0 (contribution: 0.1399);
Meta Contrast Count = 3.0 (contribution: 0.1285);
Meta Has Contrast = 1.0 (contribution: 0.091);
Meta Pos Phrase Count = 0.0 (contribution: 0.0789)","Enhanced RoBERTa Neu = 0.1893 (contribution: -0.115);
Enhanced RoBERTa Pos = 0.8038 (contribution: -0.0848);
Meta Has Pos Phrase = 0.0 (contribution: -0.0692);
Meta Intensifier Count = 1.0 (contribution: -0.0611);
Meta Has Neg Phrase = 0.0 (contribution: -0.055)","The meta SVM predicted 'neu' mainly because the strongest supporting signals came from Polarity Shift Features. The top supporting features were Enhanced VADER Compound, Meta Has Intensifier, Meta Contrast Count, Meta Has Contrast, Meta Pos Phrase Count. The main opposing signal was Enhanced RoBERTa Neu."
57,correct,Good affordable laptop ram option,pos,pos,0.6302,0.4909,RoBERTa,"Enhanced RoBERTa Pos = 0.8077 (contribution: 0.398);
Enhanced RoBERTa Neg = 0.0083 (contribution: 0.2888);
Enhanced VADER Pos = 0.651 (contribution: 0.1209);
Meta Has Intensifier = 0.0 (contribution: 0.0671);
Meta Has Contrast = 0.0 (contribution: 0.0636)","Meta Intensifier Count = 0.0 (contribution: -0.0648);
Enhanced NB Neg = 0.1579 (contribution: -0.0569);
Meta Has Negator = 0.0 (contribution: -0.0525);
Enhanced SVM Neu = 0.397 (contribution: -0.0226);
Enhanced VADER Compound = 0.6808 (contribution: -0.0139)","The meta SVM predicted 'pos' mainly because the strongest supporting signals came from RoBERTa. The top supporting features were Enhanced RoBERTa Pos, Enhanced RoBERTa Neg, Enhanced VADER Pos, Meta Has Intensifier, Meta Has Contrast. The main opposing signal was Meta Intensifier Count."
58,correct,Nice but thought it was more wide neck opening. Nice soft fabric.,neu,neu,0.4118,-0.0567,SVM,"Enhanced VADER Compound = 0.8338 (contribution: 0.1186);
Meta Has Contrast = 1.0 (contribution: 0.091);
Enhanced SVM Neu = 0.5023 (contribution: 0.0813);
Meta Pos Phrase Count = 0.0 (contribution: 0.0789);
Meta Intensifier Count = 0.0 (contribution: 0.0737)","Meta Has Intensifier = 0.0 (contribution: -0.0742);
Meta Has Pos Phrase = 0.0 (contribution: -0.0692);
Meta Has Negator = 0.0 (contribution: -0.064);
Meta Has Neg Phrase = 0.0 (contribution: -0.055);
Enhanced VADER Pos = 0.496 (contribution: -0.0548)","The meta SVM predicted 'neu' mainly because the strongest supporting signals came from SVM. The top supporting features were Enhanced VADER Compound, Meta Has Contrast, Enhanced SVM Neu, Meta Pos Phrase Count, Meta Intensifier Count. The main opposing signal was Meta Has Intensifier."
59,correct,This is not on Charter's list even though the description said so.,neg,neg,0.4778,0.1317,RoBERTa,"Enhanced RoBERTa Pos = 0.0184 (contribution: 0.2211);
Enhanced RoBERTa Neg = 0.5691 (contribution: 0.1948);
Meta Has Pos Phrase = 0.0 (contribution: 0.0578);
Enhanced VADER Compound = 0.0 (contribution: 0.0543);
Enhanced SVM Neg = 0.6077 (contribution: 0.042)","Meta Has Negator = 1.0 (contribution: -0.0851);
Enhanced RoBERTa Neu = 0.4124 (contribution: -0.0528);
Meta Pos Phrase Count = 0.0 (contribution: -0.0507);
Meta Neg Phrase Count = 0.0 (contribution: -0.0339);
Meta Has Contrast = 1.0 (contribution: -0.0226)","The meta SVM predicted 'neg' mainly because the strongest supporting signals came from RoBERTa. The top supporting features were Enhanced RoBERTa Pos, Enhanced RoBERTa Neg, Meta Has Pos Phrase, Enhanced VADER Compound, Enhanced SVM Neg. The main opposing signal was Meta Has Negator."
60,correct,"Maybe I'm not imaginative, but most of the things this book offers are decorative items, not functional items. And they're not particularly attractive or interesting decorative items. A knitted pint glass? What FOR? I don't mind the occasional tchotchky, but these items are both silly and useless, as far as I'm concerned. There are two exceptions, a cute nightgown designed in the style of a twenties flapper dress, and a pair of ear muffs made of knitted fried eggs. If you like this kind of thing, and I don't know anyone who does, or if you like to knit and want to punish everyone you know with presents they'll hate, this is the book for you. Otherwise, stay far, far away.",neg,neg,0.634,0.5004,RoBERTa,"Enhanced RoBERTa Neg = 0.7286 (contribution: 0.3368);
Enhanced RoBERTa Pos = 0.0226 (contribution: 0.2183);
Enhanced VADER Compound = -0.4764 (contribution: 0.1467);
Meta Negator Count = 5.0 (contribution: 0.1341);
Meta Has Pos Phrase = 0.0 (contribution: 0.0578)","Meta Has Negator = 1.0 (contribution: -0.0851);
Meta Pos Phrase Count = 0.0 (contribution: -0.0507);
Meta Neg Phrase Count = 0.0 (contribution: -0.0339);
Meta Contrast Count = 2.0 (contribution: -0.0282);
Meta Has Contrast = 1.0 (contribution: -0.0226)","The meta SVM predicted 'neg' mainly because the strongest supporting signals came from RoBERTa. The top supporting features were Enhanced RoBERTa Neg, Enhanced RoBERTa Pos, Enhanced VADER Compound, Meta Negator Count, Meta Has Pos Phrase. The main opposing signal was Meta Has Negator."
62,correct,"When I first read this book I thought it was interesting but it sure didn't go with what I remembered from the Bible. In my Bible study groups we had not covered Revelations that much, so I had to go look up a few things. I discovered that many of the evangelists use a Bible written by a man named Scofield. He came from a dubious background. Look him up on the internet. While in prison for forgery, he converted to Christianity, of the Darbyite influence. Anyway, he ended up writing a Bible using his interpretations of what it meant, so of course, then he has changed it to his liking.But what the authors are saying is that we, believers in Jesus, will receive this Rapture they are talking about instead of going through the tribulations, but the original Bible does not say this. So I am wondering, if Armegeddon comes, and the Christians who believe what the authors are preaching, when they don't receive this Rapture when promised, will that make them turn away from God? Is this more a Satanic than a Christian book? I don't know, but I would suggest that before you take it as gospel, that you should look a little deeper. Jesus warned of us the false prophets. One thing good about the book is that it does make one want to get right with God. You might want to read the book ""Forcing God's Hands..."" by Grace Halsell, she has written a book explaining how this evangelical belief started and what it means and it is truly scary for the people of this world.",neu,neu,0.6033,0.4224,RoBERTa,"Enhanced RoBERTa Neu = 0.5754 (contribution: 0.263);
Meta Contrast Count = 4.0 (contribution: 0.1861);
Enhanced VADER Compound = 0.9513 (contribution: 0.1437);
Meta Has Contrast = 1.0 (contribution: 0.091);
Meta Pos Phrase Count = 0.0 (contribution: 0.0789)","Meta Negator Count = 5.0 (contribution: -0.1057);
Meta Has Intensifier = 0.0 (contribution: -0.0742);
Meta Has Pos Phrase = 0.0 (contribution: -0.0692);
Meta Has Neg Phrase = 0.0 (contribution: -0.055);
Enhanced NB Neg = 0.427 (contribution: -0.0289)","The meta SVM predicted 'neu' mainly because the strongest supporting signals came from RoBERTa. The top supporting features were Enhanced RoBERTa Neu, Meta Contrast Count, Enhanced VADER Compound, Meta Has Contrast, Meta Pos Phrase Count. The main opposing signal was Meta Negator Count."
64,correct,"Great for DVD's, but bad for Wi-Fi",neg,neg,0.433,-0.0166,RoBERTa,"Enhanced RoBERTa Pos = 0.0755 (contribution: 0.1823);
Enhanced VADER Compound = -0.4939 (contribution: 0.1501);
Enhanced RoBERTa Neg = 0.4934 (contribution: 0.1273);
Meta Has Negator = 0.0 (contribution: 0.1097);
Meta Has Pos Phrase = 0.0 (contribution: 0.0578)","Enhanced RoBERTa Neu = 0.4311 (contribution: -0.0622);
Meta Pos Phrase Count = 0.0 (contribution: -0.0507);
Meta Negator Count = 0.0 (contribution: -0.0478);
Enhanced VADER Neu = 0.407 (contribution: -0.0461);
Enhanced VADER Neg = 0.386 (contribution: -0.0447)","The meta SVM predicted 'neg' mainly because the strongest supporting signals came from RoBERTa. The top supporting features were Enhanced RoBERTa Pos, Enhanced VADER Compound, Enhanced RoBERTa Neg, Meta Has Negator, Meta Has Pos Phrase. The main opposing signal was Enhanced RoBERTa Neu."
66,correct,"Awful book! I like some of Alexandra Raife's books, but this one is awful. First there is the tease that is hinted at but not revealed. Just tell us, for pity's sake, so we can understand what is going on! Then the main male character is so unlikable that you keep hoping someone will show up who is really worth caring about. When I think of some of this author's other books, it's difficult to believe that this was even penned by her. The bad language and emotional shifts are excessive, and I don't care for the ""sex for fun with no commitment"" attitude. ""We'll just have sex and nobody will get hurt!"" What is that??? ""I want to see your naked body and make love to IT???????????????????"" A huge disappointment and I can't believe an author like Mary Stewart who has recommended this author has read this particular book.",neg,neg,0.5852,0.3954,RoBERTa,"Enhanced RoBERTa Neg = 0.9271 (contribution: 0.5135);
Enhanced RoBERTa Pos = 0.0061 (contribution: 0.2296);
Enhanced RoBERTa Neu = 0.0669 (contribution: 0.12);
Meta Negator Count = 4.0 (contribution: 0.0977);
Meta Has Pos Phrase = 0.0 (contribution: 0.0578)","Enhanced VADER Compound = 0.9109 (contribution: -0.1224);
Meta Has Negator = 1.0 (contribution: -0.0851);
Meta Pos Phrase Count = 0.0 (contribution: -0.0507);
Meta Neg Phrase Count = 0.0 (contribution: -0.0339);
Meta Contrast Count = 2.0 (contribution: -0.0282)","The meta SVM predicted 'neg' mainly because the strongest supporting signals came from RoBERTa. The top supporting features were Enhanced RoBERTa Neg, Enhanced RoBERTa Pos, Enhanced RoBERTa Neu, Meta Negator Count, Meta Has Pos Phrase. The main opposing signal was Enhanced VADER Compound."
67,correct,"I didn't really care for this book at all, the plot was a little too far fetched. I didn't like Anne at all, she was too vain, obsessed with being queen and just too full of herself for my liking.I liked Horatio the best but even his character could have had a little more depth to him.I only gave this book two stars for the Monkey. If you still want to read this book, I would suggest the library.",neg,neg,0.4693,0.1105,RoBERTa,"Enhanced RoBERTa Neg = 0.6346 (contribution: 0.2531);
Enhanced RoBERTa Pos = 0.0321 (contribution: 0.2119);
Meta Has Pos Phrase = 0.0 (contribution: 0.0578);
Enhanced VADER Compound = 0.0574 (contribution: 0.0432);
Meta Has Neg Phrase = 0.0 (contribution: 0.0386)","Meta Has Negator = 1.0 (contribution: -0.0851);
Meta Pos Phrase Count = 0.0 (contribution: -0.0507);
Meta Neg Phrase Count = 0.0 (contribution: -0.0339);
Meta Has Intensifier = 1.0 (contribution: -0.0245);
Meta Has Contrast = 1.0 (contribution: -0.0226)","The meta SVM predicted 'neg' mainly because the strongest supporting signals came from RoBERTa. The top supporting features were Enhanced RoBERTa Neg, Enhanced RoBERTa Pos, Meta Has Pos Phrase, Enhanced VADER Compound, Meta Has Neg Phrase. The main opposing signal was Meta Has Negator."
68,correct,"This is not a story. Rather it is a collection of stories about semi-related events occurring over a period of about 50 years, which in and of itself would not be such a bad thing, but East of Eden is so long! The style of Steinbeck's prose is erratic at best which, again, wouldn't be so unpleasant if East of Eden weren't trying to pass itself off as a novel. The basis of the story's symbolism is evident from the first chapter, but Steinbeck doesn't stop there. He hammers his message home with a three ton sledgehammer that is about as subtle as a train wreck. For example, each generation in East of Eden has a Cain character and an Abel character, and Steinbeck dives relatively deep when he begins the name of the corresponding characters with a ""C"" and an ""A"". That seems to be the limit of his subtlety as this bludgeoning draws slowly out over the torturous course of over seven hundred pages, finally grinding to a leadenly melodramatic finish. And yet, at the end of this gruelling road, the message is still frustratingly vague. The reader has suffered for nothing. The sporadic insertion of episodes totally unrelated to the rest of the book is reminiscent of bits of trash floating in a river of sludge from some factory's drain pipe. John Steinbeck is that factory, and in East of Eden he pumps out page after page of superficial writing. As Steinbeck would, were he writing this review, extend the metaphor beyond its use, one might even consider East of Eden a waste product from the creation of masterpieces such as The Grapes of Wrath and Tortilla Flat.I see that East of Eden might contain a modicum of interest for students of Steinbeck (I myself have researched the man and used this book to defend a thesis), but someone looking to become acquainted for the first time with the power that Steinbeck can wield would be better served by The Red Pony or one of the afore-mentioned alternatives.",neu,neu,0.644,0.5384,RoBERTa,"Enhanced RoBERTa Neu = 0.62 (contribution: 0.3066);
Meta Contrast Count = 4.0 (contribution: 0.1861);
Meta Has Intensifier = 1.0 (contribution: 0.1399);
Meta Has Contrast = 1.0 (contribution: 0.091);
Meta Pos Phrase Count = 0.0 (contribution: 0.0789)","Meta Negator Count = 5.0 (contribution: -0.1057);
Meta Has Pos Phrase = 0.0 (contribution: -0.0692);
Meta Intensifier Count = 1.0 (contribution: -0.0611);
Meta Has Neg Phrase = 0.0 (contribution: -0.055);
Enhanced VADER Compound = 0.1561 (contribution: -0.0266)","The meta SVM predicted 'neu' mainly because the strongest supporting signals came from RoBERTa. The top supporting features were Enhanced RoBERTa Neu, Meta Contrast Count, Meta Has Intensifier, Meta Has Contrast, Meta Pos Phrase Count. The main opposing signal was Meta Negator Count."
71,correct,"For both my girls, we needed to size-up.",neu,neu,0.4065,-0.0924,RoBERTa,"Enhanced RoBERTa Neu = 0.7395 (contribution: 0.4236);
Meta Pos Phrase Count = 0.0 (contribution: 0.0789);
Meta Intensifier Count = 0.0 (contribution: 0.0737);
Meta Neg Phrase Count = 0.0 (contribution: 0.0509);
Meta Negator Count = 0.0 (contribution: 0.0377)","Meta Has Contrast = 0.0 (contribution: -0.0765);
Meta Has Intensifier = 0.0 (contribution: -0.0742);
Meta Has Pos Phrase = 0.0 (contribution: -0.0692);
Meta Has Negator = 0.0 (contribution: -0.064);
Enhanced VADER Compound = 0.0 (contribution: -0.06)","The meta SVM predicted 'neu' mainly because the strongest supporting signals came from RoBERTa. The top supporting features were Enhanced RoBERTa Neu, Meta Pos Phrase Count, Meta Intensifier Count, Meta Neg Phrase Count, Meta Negator Count. The main opposing signal was Meta Has Contrast."
74,correct,She really likes it.,pos,pos,0.565,0.3181,RoBERTa,"Enhanced RoBERTa Pos = 0.6801 (contribution: 0.2887);
Enhanced RoBERTa Neg = 0.0194 (contribution: 0.2794);
Enhanced VADER Pos = 0.508 (contribution: 0.085);
Meta Has Contrast = 0.0 (contribution: 0.0636);
Meta Intensifier Count = 1.0 (contribution: 0.0537)","Meta Has Intensifier = 1.0 (contribution: -0.1264);
Meta Has Negator = 0.0 (contribution: -0.0525);
Meta Diminisher Count = 0.0 (contribution: -0.0115);
Enhanced NB Neg = 0.3076 (contribution: -0.0104);
Meta Pos Phrase Count = 0.0 (contribution: -0.0095)","The meta SVM predicted 'pos' mainly because the strongest supporting signals came from RoBERTa. The top supporting features were Enhanced RoBERTa Pos, Enhanced RoBERTa Neg, Enhanced VADER Pos, Meta Has Contrast, Meta Intensifier Count. The main opposing signal was Meta Has Intensifier."
77,correct,If i had known all it was was a patch glued to a crappy wallet id have just bought a patch and done it myself... At least i would have centered it...,neg,neg,0.5534,0.2844,RoBERTa,"Enhanced RoBERTa Pos = 0.0487 (contribution: 0.2005);
Enhanced VADER Compound = -0.5574 (contribution: 0.1625);
Enhanced RoBERTa Neg = 0.4928 (contribution: 0.1268);
Meta Has Negator = 0.0 (contribution: 0.1097);
Meta Has Pos Phrase = 0.0 (contribution: 0.0578)","Enhanced RoBERTa Neu = 0.4585 (contribution: -0.0759);
Meta Pos Phrase Count = 0.0 (contribution: -0.0507);
Meta Negator Count = 0.0 (contribution: -0.0478);
Meta Neg Phrase Count = 0.0 (contribution: -0.0339);
Meta Intensifier Count = 0.0 (contribution: -0.0151)","The meta SVM predicted 'neg' mainly because the strongest supporting signals came from RoBERTa. The top supporting features were Enhanced RoBERTa Pos, Enhanced VADER Compound, Enhanced RoBERTa Neg, Meta Has Negator, Meta Has Pos Phrase. The main opposing signal was Enhanced RoBERTa Neu."
78,correct,good price quality seems great,pos,pos,0.6838,0.6461,RoBERTa,"Enhanced RoBERTa Pos = 0.8684 (contribution: 0.4499);
Enhanced RoBERTa Neg = 0.0128 (contribution: 0.2849);
Enhanced VADER Pos = 0.7 (contribution: 0.1332);
Meta Has Intensifier = 0.0 (contribution: 0.0671);
Meta Has Contrast = 0.0 (contribution: 0.0636)","Meta Intensifier Count = 0.0 (contribution: -0.0648);
Enhanced NB Neg = 0.1715 (contribution: -0.0527);
Meta Has Negator = 0.0 (contribution: -0.0525);
Enhanced SVM Neu = 0.4086 (contribution: -0.0283);
Enhanced NB Pos = 0.548 (contribution: -0.0203)","The meta SVM predicted 'pos' mainly because the strongest supporting signals came from RoBERTa. The top supporting features were Enhanced RoBERTa Pos, Enhanced RoBERTa Neg, Enhanced VADER Pos, Meta Has Intensifier, Meta Has Contrast. The main opposing signal was Meta Intensifier Count."
80,correct,"The story is great, but the condition of the book was less than what I expected. All of the pages are brown and tear easily. The purchase that I selected was classified as ""new"". I was disappointed.",neg,neg,0.6147,0.5139,RoBERTa,"Enhanced RoBERTa Neg = 0.8636 (contribution: 0.457);
Enhanced RoBERTa Pos = 0.0097 (contribution: 0.2271);
Meta Has Negator = 0.0 (contribution: 0.1097);
Enhanced RoBERTa Neu = 0.1268 (contribution: 0.0901);
Meta Has Pos Phrase = 0.0 (contribution: 0.0578)","Meta Pos Phrase Count = 0.0 (contribution: -0.0507);
Meta Negator Count = 0.0 (contribution: -0.0478);
Meta Neg Phrase Count = 0.0 (contribution: -0.0339);
Enhanced NB Neu = 0.5158 (contribution: -0.0242);
Meta Has Contrast = 1.0 (contribution: -0.0226)","The meta SVM predicted 'neg' mainly because the strongest supporting signals came from RoBERTa. The top supporting features were Enhanced RoBERTa Neg, Enhanced RoBERTa Pos, Meta Has Negator, Enhanced RoBERTa Neu, Meta Has Pos Phrase. The main opposing signal was Meta Pos Phrase Count."
81,correct,Requires assembly. Don't let the picture fool you. It is supposed to come already assembled. Fake product. Don't buy!,neg,neg,0.7093,0.7022,RoBERTa,"Enhanced RoBERTa Neg = 0.8423 (contribution: 0.4381);
Enhanced RoBERTa Pos = 0.0124 (contribution: 0.2253);
Enhanced VADER Compound = -0.7424 (contribution: 0.1983);
Enhanced RoBERTa Neu = 0.1453 (contribution: 0.0808);
Meta Has Pos Phrase = 0.0 (contribution: 0.0578)","Meta Has Negator = 1.0 (contribution: -0.0851);
Meta Pos Phrase Count = 0.0 (contribution: -0.0507);
Meta Neg Phrase Count = 0.0 (contribution: -0.0339);
Enhanced VADER Neg = 0.27 (contribution: -0.0279);
Meta Intensifier Count = 0.0 (contribution: -0.0151)","The meta SVM predicted 'neg' mainly because the strongest supporting signals came from RoBERTa. The top supporting features were Enhanced RoBERTa Neg, Enhanced RoBERTa Pos, Enhanced VADER Compound, Enhanced RoBERTa Neu, Meta Has Pos Phrase. The main opposing signal was Meta Has Negator."
82,correct,"Not as good as they seem, but acceptable.",neu,neu,0.645,0.5243,RoBERTa,"Enhanced RoBERTa Neu = 0.6533 (contribution: 0.3392);
Enhanced SVM Neu = 0.6077 (contribution: 0.1382);
Meta Has Contrast = 1.0 (contribution: 0.091);
Meta Pos Phrase Count = 0.0 (contribution: 0.0789);
Meta Intensifier Count = 0.0 (contribution: 0.0737)","Meta Has Intensifier = 0.0 (contribution: -0.0742);
Meta Has Pos Phrase = 0.0 (contribution: -0.0692);
Meta Has Neg Phrase = 0.0 (contribution: -0.055);
Enhanced VADER Pos = 0.277 (contribution: -0.018);
Meta Has Diminisher = 0.0 (contribution: -0.0131)","The meta SVM predicted 'neu' mainly because the strongest supporting signals came from RoBERTa. The top supporting features were Enhanced RoBERTa Neu, Enhanced SVM Neu, Meta Has Contrast, Meta Pos Phrase Count, Meta Intensifier Count. The main opposing signal was Meta Has Intensifier."
83,correct,Bottoms made small,neg,neg,0.4081,-0.0855,Polarity Shift Features,"Enhanced RoBERTa Pos = 0.098 (contribution: 0.1669);
Meta Has Negator = 0.0 (contribution: 0.1097);
Meta Has Pos Phrase = 0.0 (contribution: 0.0578);
Enhanced VADER Compound = 0.0 (contribution: 0.0543);
Meta Has Neg Phrase = 0.0 (contribution: 0.0386)","Enhanced RoBERTa Neu = 0.5999 (contribution: -0.1467);
Meta Pos Phrase Count = 0.0 (contribution: -0.0507);
Meta Negator Count = 0.0 (contribution: -0.0478);
Enhanced RoBERTa Neg = 0.302 (contribution: -0.0431);
Meta Neg Phrase Count = 0.0 (contribution: -0.0339)","The meta SVM predicted 'neg' mainly because the strongest supporting signals came from Polarity Shift Features. The top supporting features were Enhanced RoBERTa Pos, Meta Has Negator, Meta Has Pos Phrase, Enhanced VADER Compound, Meta Has Neg Phrase. The main opposing signal was Enhanced RoBERTa Neu."
84,correct,Very good!!!! very good I love it. it works as good as i expected. impressive. I will come back again,pos,pos,0.7042,0.6984,RoBERTa,"Enhanced RoBERTa Pos = 0.9634 (contribution: 0.5312);
Enhanced RoBERTa Neg = 0.0041 (contribution: 0.2923);
Meta Intensifier Count = 2.0 (contribution: 0.1722);
Enhanced VADER Pos = 0.55 (contribution: 0.0955);
Enhanced RoBERTa Neu = 0.0325 (contribution: 0.0757)","Meta Has Intensifier = 1.0 (contribution: -0.1264);
Enhanced NB Neg = 0.092 (contribution: -0.0774);
Enhanced SVM Neu = 0.4626 (contribution: -0.0549);
Meta Has Negator = 0.0 (contribution: -0.0525);
Enhanced NB Pos = 0.648 (contribution: -0.0287)","The meta SVM predicted 'pos' mainly because the strongest supporting signals came from RoBERTa. The top supporting features were Enhanced RoBERTa Pos, Enhanced RoBERTa Neg, Meta Intensifier Count, Enhanced VADER Pos, Enhanced RoBERTa Neu. The main opposing signal was Meta Has Intensifier."
86,correct,Cute but not look good on me and little small,neu,neu,0.5002,0.2299,SVM,"Enhanced SVM Neu = 0.7194 (contribution: 0.1984);
Enhanced NB Neu = 0.7231 (contribution: 0.117);
Meta Has Contrast = 1.0 (contribution: 0.091);
Meta Pos Phrase Count = 0.0 (contribution: 0.0789);
Meta Intensifier Count = 0.0 (contribution: 0.0737)","Enhanced VADER Compound = -0.2753 (contribution: -0.1189);
Meta Has Intensifier = 0.0 (contribution: -0.0742);
Meta Has Pos Phrase = 0.0 (contribution: -0.0692);
Meta Has Neg Phrase = 0.0 (contribution: -0.055);
Enhanced RoBERTa Neg = 0.6748 (contribution: -0.0315)","The meta SVM predicted 'neu' mainly because the strongest supporting signals came from SVM. The top supporting features were Enhanced SVM Neu, Enhanced NB Neu, Meta Has Contrast, Meta Pos Phrase Count, Meta Intensifier Count. The main opposing signal was Enhanced VADER Compound."
87,correct,"I think I expected too much from this book and was therefore disappointed with it. It was an interesting account of Griffin's follies, but it wasn't as eerie as I had thought it would be. If you're into sci-fi you should read it, otherwise...well, it's up to you.",neu,neu,0.4293,0.0086,Polarity Shift Features,"Meta Has Contrast = 1.0 (contribution: 0.091);
Meta Pos Phrase Count = 0.0 (contribution: 0.0789);
Meta Intensifier Count = 0.0 (contribution: 0.0737);
Enhanced RoBERTa Neu = 0.3728 (contribution: 0.0646);
Enhanced RoBERTa Pos = 0.0323 (contribution: 0.0571)","Meta Has Intensifier = 0.0 (contribution: -0.0742);
Meta Has Pos Phrase = 0.0 (contribution: -0.0692);
Meta Has Neg Phrase = 0.0 (contribution: -0.055);
Enhanced RoBERTa Neg = 0.5949 (contribution: -0.0237);
Enhanced NB Neg = 0.3897 (contribution: -0.0163)","The meta SVM predicted 'neu' mainly because the strongest supporting signals came from Polarity Shift Features. The top supporting features were Meta Has Contrast, Meta Pos Phrase Count, Meta Intensifier Count, Enhanced RoBERTa Neu, Enhanced RoBERTa Pos. The main opposing signal was Meta Has Intensifier."
89,correct,"Poor quality. Material is cheap, itchy, rough, and has a odor that didn't go away with washing.",neg,neg,0.6499,0.5529,RoBERTa,"Enhanced RoBERTa Neg = 0.8981 (contribution: 0.4877);
Meta Neg Phrase Count = 1.0 (contribution: 0.2564);
Enhanced RoBERTa Pos = 0.0081 (contribution: 0.2282);
Enhanced VADER Compound = -0.6705 (contribution: 0.1844);
Enhanced RoBERTa Neu = 0.0939 (contribution: 0.1065)","Meta Has Neg Phrase = 1.0 (contribution: -0.3287);
Meta Has Negator = 1.0 (contribution: -0.0851);
Meta Pos Phrase Count = 0.0 (contribution: -0.0507);
Enhanced VADER Neg = 0.297 (contribution: -0.0318);
Enhanced NB Neu = 0.4855 (contribution: -0.0197)","The meta SVM predicted 'neg' mainly because the strongest supporting signals came from RoBERTa. The top supporting features were Enhanced RoBERTa Neg, Meta Neg Phrase Count, Enhanced RoBERTa Pos, Enhanced VADER Compound, Enhanced RoBERTa Neu. The main opposing signal was Meta Has Neg Phrase."
90,correct,"I bought this book wanting to learn how to make a journal. This book did not show the basics. It was a waste of money, the author seemed more interested in presenting cute ideas and making pretty pictures than teaching basics.",neg,neg,0.5931,0.3767,RoBERTa,"Enhanced RoBERTa Neg = 0.8722 (contribution: 0.4647);
Meta Neg Phrase Count = 1.0 (contribution: 0.2564);
Enhanced RoBERTa Pos = 0.0125 (contribution: 0.2252);
Enhanced RoBERTa Neu = 0.1153 (contribution: 0.0958);
Meta Has Pos Phrase = 0.0 (contribution: 0.0578)","Meta Has Neg Phrase = 1.0 (contribution: -0.3287);
Meta Has Negator = 1.0 (contribution: -0.0851);
Enhanced VADER Compound = 0.6115 (contribution: -0.0643);
Meta Pos Phrase Count = 0.0 (contribution: -0.0507);
Meta Intensifier Count = 0.0 (contribution: -0.0151)","The meta SVM predicted 'neg' mainly because the strongest supporting signals came from RoBERTa. The top supporting features were Enhanced RoBERTa Neg, Meta Neg Phrase Count, Enhanced RoBERTa Pos, Enhanced RoBERTa Neu, Meta Has Pos Phrase. The main opposing signal was Meta Has Neg Phrase."
93,correct,"It isn't chocolate like the one on the pic, i feel misled 👎",neg,neg,0.5258,0.2046,RoBERTa,"Enhanced RoBERTa Neg = 0.597 (contribution: 0.2195);
Enhanced RoBERTa Pos = 0.0244 (contribution: 0.2171);
Enhanced VADER Compound = -0.2755 (contribution: 0.1078);
Meta Has Pos Phrase = 0.0 (contribution: 0.0578);
Meta Has Neg Phrase = 0.0 (contribution: 0.0386)","Meta Has Negator = 1.0 (contribution: -0.0851);
Meta Pos Phrase Count = 0.0 (contribution: -0.0507);
Enhanced RoBERTa Neu = 0.3786 (contribution: -0.0359);
Meta Neg Phrase Count = 0.0 (contribution: -0.0339);
Meta Intensifier Count = 0.0 (contribution: -0.0151)","The meta SVM predicted 'neg' mainly because the strongest supporting signals came from RoBERTa. The top supporting features were Enhanced RoBERTa Neg, Enhanced RoBERTa Pos, Enhanced VADER Compound, Meta Has Pos Phrase, Meta Has Neg Phrase. The main opposing signal was Meta Has Negator."
95,correct,They're ok. They fall out easily even though I ordered my correct size of 00 gauge. And the picture on here looks better then the gems in person just so you know.,neu,neu,0.4086,-0.0844,RoBERTa,"Enhanced RoBERTa Neu = 0.492 (contribution: 0.1813);
Enhanced VADER Compound = 0.7579 (contribution: 0.1023);
Meta Has Contrast = 1.0 (contribution: 0.091);
Meta Pos Phrase Count = 0.0 (contribution: 0.0789);
Meta Intensifier Count = 0.0 (contribution: 0.0737)","Meta Has Intensifier = 0.0 (contribution: -0.0742);
Meta Has Pos Phrase = 0.0 (contribution: -0.0692);
Meta Has Negator = 0.0 (contribution: -0.064);
Enhanced NB Neg = 0.5182 (contribution: -0.0597);
Meta Has Neg Phrase = 0.0 (contribution: -0.055)","The meta SVM predicted 'neu' mainly because the strongest supporting signals came from RoBERTa. The top supporting features were Enhanced RoBERTa Neu, Enhanced VADER Compound, Meta Has Contrast, Meta Pos Phrase Count, Meta Intensifier Count. The main opposing signal was Meta Has Intensifier."
96,correct,"Easy to use, serves its purpose well",pos,pos,0.6741,0.6072,RoBERTa,"Enhanced RoBERTa Pos = 0.8889 (contribution: 0.4674);
Enhanced RoBERTa Neg = 0.0081 (contribution: 0.2889);
Enhanced VADER Pos = 0.5 (contribution: 0.083);
Meta Has Intensifier = 0.0 (contribution: 0.0671);
Meta Has Contrast = 0.0 (contribution: 0.0636)","Meta Intensifier Count = 0.0 (contribution: -0.0648);
Enhanced NB Neg = 0.1654 (contribution: -0.0546);
Meta Has Negator = 0.0 (contribution: -0.0525);
Enhanced NB Pos = 0.5585 (contribution: -0.0212);
Enhanced VADER Compound = 0.6124 (contribution: -0.0115)","The meta SVM predicted 'pos' mainly because the strongest supporting signals came from RoBERTa. The top supporting features were Enhanced RoBERTa Pos, Enhanced RoBERTa Neg, Enhanced VADER Pos, Meta Has Intensifier, Meta Has Contrast. The main opposing signal was Meta Intensifier Count."
98,correct,"Jean Jules Jusserand (1855 - 1932) was a diplomat, and an author. He was the French ambassador to the United States from 1902 to 1925, and during that time he wrote and published ""With Americans of Past and Present Days"" (1916) which was the winner of the first Pulitzer Prize in History in 1917. The work was a look at the relations between the United States and France up to that point in time. Just a couple years later, in the midst of World War I, Jusserand published a new edition of his work re-titled ""Brothers In Arms"", with a new preface, and he replaced his address about Horace Howard Furness with a piece entitled ""On Lafayette's Birthday and the Anniversary of the Marne"".""With Americans of Past and Present Days"" was an unusual work in several ways. Instead of providing a standard complete history of the relationship between the two countries, it is a collection of four essays followed by a piece about speeches given when commemorating the two hundredth anniversary of the Birth of Franklin, and then two addresses, and ""Brothers In Arms"" replaces one speech with another, and in both cases the majority of the text deals with the period around the birth of the United States.The first, and longest, essay is titled ""Rochambeau and the French in America"", and covers the relationship between Rochambeau and Washington, as well as the attitudes of the French towards the Americans, and the English, and their motives for helping the United States achieve its independence. It also covers to some extent the biography of Rochambeau after the revolution was over.The second essay is titled ""Major L'Enfant and the Federal City"" and it covers the creation of Washington D.C. and the significant contribution of Major Pierre Charles L'Enfant. Interestingly enough, though not all of the Major's ideas were implemented initially and the Major was dismissed before the work was completed, he was vindicated when the Park Commission and the Senate committee issued reports on the city in 1902, they wrote ""The original plan of the city of Washington having stood the test of a century, has met universal approval. The departures from that plan are to be regretted, and wherever possible, remedied.""The third essay is titled ""Washington and the French"", and covers how Washington's perception of our French allies changed from some initial suspicion, to one of respect, and lasting friendships with the French officers who served under him. Washington never had a chance to visit France, but his record of correspondence is quite clear. One of the most interesting areas was where Washington wrote about the revolution in France:""The Revolution which has been effected in France is of so wonderful a nature that the mind can hardly realize the fact...but I fear, though it has gone triumphantly through the first paroxysm, it is not the last it has to encounter before matters are finally settled. In a word, the revolution is of too great a magnitude to be effected in so short a space, and with the loss of so little blood.""Washington was amazingly prescient in his statement, as indeed the initial relatively peaceful revolution would soon turn to a period of terror.The next essay is simply titled ""Abraham Lincoln"", and it covers the attitudes of the French towards the great man. Just as the French took the cause of liberty to heart during our revolution, they greatly admired Lincoln for his stance against slavery. Jusserand's discussion of the reaction of the French to Lincoln's death really puts into perspective how much they thought of him.Next is a short piece titled ""The Franklin Medal"" and it discusses the minting of a special commemorative medal on the second centennial of the birth of Benjamin Franklin as a gift to be given to France. The French, of course, were enamored with Franklin and Franklin likewise was a strong supporter of the French. With the earthquake destroying San Francisco at around the same time, the French in return minted a special medal depicting a city rising from the ruins which was given to the mayor in 1909.The first of the two addresses in the revised edition is about Lafayette's Birthday and the Anniversary of the Marne. This is my least favorite section of either the original or the updated edition of the book. Unlike the other sections of the book, this one is more negative, and is really more an attack on Germany than anything else. There is a great deal of talk about France's position as well, but the thoughts about the United States are few and far between. It is understandable that a speech given near the end of a long and bloody conflict could be full of bitterness and hatred of the enemy, but that is all the more reason to not include it here. The new edition was published after the war, but clearly Jusserand had not forgiven the Germans or he would not have included it here. Ultimately it doesn't really fit, though the speech it replaces was also the weakest section of the original edition.Given the period in which this book was written, it should come as no surprise that the final address is about war, or perhaps it would be more accurate to say that it is about peace. Though Jusserand touches on the great conflict of the day, the address is much more about what he sees as the world moving away from wars and towards peace. Obviously, one could point out many ways in which his perception was way off, but in fact the nature of war has indeed changed quite a bit.In the first essay in this book, Jusserand describes how the French forbid their navy to interfere with Captain Cook's exploration in the time of the Revolutionary War. Can one ever imagine an enemy in this day and age doing such a thing? Another point which is driven home in the essay on Rochambeau is how important it was to be perceived as treating one's prisoners well, and once again that no longer appears to be of primary importance. So while Jusserand may not have been correct in seeing war becoming less significant, his perception that its nature had changed would seem to have been proved out by the two World Wars, as well as the conflicts during the Cold War.Overall this is an interesting work of history. It lacks the objectivity that so many look for in a historical text, as Jusserand is very much promoting the strength of the relationship between the two countries. Significant events, such as the Louisiana Purchase are barely mentioned at all, and large gaps exist between what he covers. His choice of subjects for his essays and addresses vary quite a bit as well. The first three essays are very strong pieces, followed by the weaker essay on Lincoln and then the two weakest pieces of the book. I gave the original edition four stars, rounding up, but in this case I am going with three stars because I feel it was weakened by the decision to include the piece on Lafayette and the anniversary of the Marne.",neu,neu,0.6812,0.6645,RoBERTa,"Meta Contrast Count = 11.0 (contribution: 0.5891);
Enhanced RoBERTa Neu = 0.7522 (contribution: 0.436);
Meta Has Diminisher = 1.0 (contribution: 0.1828);
Enhanced VADER Compound = 0.9585 (contribution: 0.1453);
Meta Has Intensifier = 1.0 (contribution: 0.1399)","Meta Intensifier Count = 5.0 (contribution: -0.6006);
Meta Negator Count = 10.0 (contribution: -0.2491);
Meta Has Pos Phrase = 0.0 (contribution: -0.0692);
Meta Has Neg Phrase = 0.0 (contribution: -0.055);
Enhanced NB Pos = 0.2766 (contribution: -0.002)","The meta SVM predicted 'neu' mainly because the strongest supporting signals came from RoBERTa. The top supporting features were Meta Contrast Count, Enhanced RoBERTa Neu, Meta Has Diminisher, Enhanced VADER Compound, Meta Has Intensifier. The main opposing signal was Meta Intensifier Count."
99,correct,"These sit on your ears (they do not ""cup"" the ears) but are very comfortable. They are not very loud which concerns me.",neu,neu,0.4373,-0.0063,RoBERTa,"Enhanced RoBERTa Neu = 0.5873 (contribution: 0.2746);
Meta Has Intensifier = 1.0 (contribution: 0.1399);
Enhanced VADER Compound = 0.7086 (contribution: 0.0918);
Meta Has Contrast = 1.0 (contribution: 0.091);
Meta Pos Phrase Count = 0.0 (contribution: 0.0789)","Meta Intensifier Count = 2.0 (contribution: -0.196);
Meta Has Pos Phrase = 0.0 (contribution: -0.0692);
Enhanced SVM Neu = 0.2457 (contribution: -0.057);
Meta Has Neg Phrase = 0.0 (contribution: -0.055);
Enhanced NB Neg = 0.4825 (contribution: -0.0476)","The meta SVM predicted 'neu' mainly because the strongest supporting signals came from RoBERTa. The top supporting features were Enhanced RoBERTa Neu, Meta Has Intensifier, Enhanced VADER Compound, Meta Has Contrast, Meta Pos Phrase Count. The main opposing signal was Meta Intensifier Count."
101,correct,Fahrenheit 451 was a disappointing book for a reader who is not an avid science fiction lover. This book is very difficult to read. The correctors a sometimes very confusing to understand. The setting is also very hard to have a visual picture. Although the plot is very good the way that it is described is hard to understand. I think if you are a science fiction lover that you would like this book. But if you sometimes like to read science fiction you will not like this because you have to be a huge science fiction lover to like this. I also think you need to be above the 6th grade or a very advanced reader.,neg,neg,0.4019,-0.1349,RoBERTa,"Enhanced RoBERTa Pos = 0.0489 (contribution: 0.2004);
Enhanced RoBERTa Neg = 0.5469 (contribution: 0.175);
Meta Intensifier Count = 5.0 (contribution: 0.1231);
Meta Has Pos Phrase = 0.0 (contribution: 0.0578);
Meta Has Neg Phrase = 0.0 (contribution: 0.0386)","Enhanced VADER Compound = 0.9711 (contribution: -0.134);
Meta Has Negator = 1.0 (contribution: -0.0851);
Meta Pos Phrase Count = 0.0 (contribution: -0.0507);
Enhanced RoBERTa Neu = 0.4042 (contribution: -0.0487);
Meta Neg Phrase Count = 0.0 (contribution: -0.0339)","The meta SVM predicted 'neg' mainly because the strongest supporting signals came from RoBERTa. The top supporting features were Enhanced RoBERTa Pos, Enhanced RoBERTa Neg, Meta Intensifier Count, Meta Has Pos Phrase, Meta Has Neg Phrase. The main opposing signal was Enhanced VADER Compound."
102,correct,"This book is one of the worst I have ever started to read (""started"" because I couldn't finish it). At first glance, the plot sounds interesting; but upon actually reading the text, it is lost in a miasma of cardboard characters and uninteresting subplots. The author goes on at great length about a wholly unbelievable technology (which allows one person to experience another's experiences), much to the detriment of the story. On top of this poor organization, the writing itself is amateurish -- not at all helped by being entirely in present tense, as if the author is hoping to distract the reader from the weak plot and characters. There have been very few books which I've started and been unwilling to finish, but this is one of them.",neg,neg,0.6588,0.594,RoBERTa,"Enhanced RoBERTa Neg = 0.8894 (contribution: 0.48);
Enhanced RoBERTa Pos = 0.0084 (contribution: 0.228);
Enhanced VADER Compound = -0.6364 (contribution: 0.1778);
Enhanced RoBERTa Neu = 0.1021 (contribution: 0.1024);
Meta Has Pos Phrase = 0.0 (contribution: 0.0578)","Meta Has Negator = 1.0 (contribution: -0.0851);
Meta Pos Phrase Count = 0.0 (contribution: -0.0507);
Meta Neg Phrase Count = 0.0 (contribution: -0.0339);
Meta Contrast Count = 2.0 (contribution: -0.0282);
Meta Has Intensifier = 1.0 (contribution: -0.0245)","The meta SVM predicted 'neg' mainly because the strongest supporting signals came from RoBERTa. The top supporting features were Enhanced RoBERTa Neg, Enhanced RoBERTa Pos, Enhanced VADER Compound, Enhanced RoBERTa Neu, Meta Has Pos Phrase. The main opposing signal was Meta Has Negator."
103,correct,I read this book years ago. It had a great plot but it got a bit silly in parts. Read it if you don't have anything better on hand. It was okay.,neu,neu,0.4516,0.019,RoBERTa,"Enhanced RoBERTa Neu = 0.5291 (contribution: 0.2176);
Enhanced VADER Compound = 0.7384 (contribution: 0.0981);
Meta Has Contrast = 1.0 (contribution: 0.091);
Meta Pos Phrase Count = 0.0 (contribution: 0.0789);
Meta Intensifier Count = 0.0 (contribution: 0.0737)","Meta Has Intensifier = 0.0 (contribution: -0.0742);
Meta Has Pos Phrase = 0.0 (contribution: -0.0692);
Enhanced SVM Neu = 0.2374 (contribution: -0.0615);
Meta Has Neg Phrase = 0.0 (contribution: -0.055);
Enhanced NB Neg = 0.4825 (contribution: -0.0476)","The meta SVM predicted 'neu' mainly because the strongest supporting signals came from RoBERTa. The top supporting features were Enhanced RoBERTa Neu, Enhanced VADER Compound, Meta Has Contrast, Meta Pos Phrase Count, Meta Intensifier Count. The main opposing signal was Meta Has Intensifier."
106,correct,These hats would have been much warmer with a inner liner of fleece. Otherwise these are good.,pos,pos,0.4715,0.0736,RoBERTa,"Enhanced RoBERTa Neg = 0.0651 (contribution: 0.2408);
Enhanced RoBERTa Pos = 0.5037 (contribution: 0.1377);
Meta Has Intensifier = 0.0 (contribution: 0.0671);
Meta Has Contrast = 0.0 (contribution: 0.0636);
Meta Contrast Count = 0.0 (contribution: 0.0344)","Meta Intensifier Count = 0.0 (contribution: -0.0648);
Meta Has Negator = 0.0 (contribution: -0.0525);
Enhanced RoBERTa Neu = 0.4312 (contribution: -0.0343);
Enhanced NB Neg = 0.2662 (contribution: -0.0233);
Enhanced VADER Compound = 0.6249 (contribution: -0.012)","The meta SVM predicted 'pos' mainly because the strongest supporting signals came from RoBERTa. The top supporting features were Enhanced RoBERTa Neg, Enhanced RoBERTa Pos, Meta Has Intensifier, Meta Has Contrast, Meta Contrast Count. The main opposing signal was Meta Intensifier Count."
108,correct,"Wow. I expected better. Is it Cornwell or his wife that just doesn't get us to that place we have come to expect from Cornwell. Trite might be a description. Forgetable is probably what I am going to be left with on this one.The period is one of my favorites, it is the dawn of the regency era, when the terror is taking over France. Great we have seen this in before in such works as Dickens, A Tale of Two Cities, and in the Scarlett Pimpernel.With those classic examples, Cornwell should know that he has do as well as they, or better. He doesn't. We have a little princess of a heroine whose backbone is forced upon us. We have a transparent villian, and we have a hero who really shines as hero only through the mist colored eyes of a romance novel. So what is a novel from one of the premier historical novelists is rally a romance with a thin veneer of historical laced on it.Better has been done elsewhere. Can be skipped.",neu,neu,0.5157,0.1916,RoBERTa,"Meta Has Neg Phrase = 1.0 (contribution: 0.4689);
Enhanced RoBERTa Neu = 0.5725 (contribution: 0.2601);
Enhanced VADER Compound = 0.983 (contribution: 0.1505);
Meta Has Intensifier = 1.0 (contribution: 0.1399);
Meta Pos Phrase Count = 0.0 (contribution: 0.0789)","Meta Neg Phrase Count = 1.0 (contribution: -0.3851);
Meta Has Contrast = 0.0 (contribution: -0.0765);
Meta Has Pos Phrase = 0.0 (contribution: -0.0692);
Meta Intensifier Count = 1.0 (contribution: -0.0611);
Meta Contrast Count = 0.0 (contribution: -0.0442)","The meta SVM predicted 'neu' mainly because the strongest supporting signals came from RoBERTa. The top supporting features were Meta Has Neg Phrase, Enhanced RoBERTa Neu, Enhanced VADER Compound, Meta Has Intensifier, Meta Pos Phrase Count. The main opposing signal was Meta Neg Phrase Count."
110,correct,Was nice and appropriate for a costume party. I got with the purple lining - matched my costume and highlights.,pos,pos,0.6761,0.6103,RoBERTa,"Enhanced RoBERTa Pos = 0.9024 (contribution: 0.479);
Enhanced RoBERTa Neg = 0.0038 (contribution: 0.2926);
Meta Has Intensifier = 0.0 (contribution: 0.0671);
Meta Has Contrast = 0.0 (contribution: 0.0636);
Enhanced SVM Pos = 0.4613 (contribution: 0.0598)","Meta Intensifier Count = 0.0 (contribution: -0.0648);
Meta Has Negator = 0.0 (contribution: -0.0525);
Enhanced NB Neg = 0.2655 (contribution: -0.0235);
Enhanced VADER Compound = 0.6705 (contribution: -0.0135);
Enhanced NB Pos = 0.4499 (contribution: -0.012)","The meta SVM predicted 'pos' mainly because the strongest supporting signals came from RoBERTa. The top supporting features were Enhanced RoBERTa Pos, Enhanced RoBERTa Neg, Meta Has Intensifier, Meta Has Contrast, Enhanced SVM Pos. The main opposing signal was Meta Intensifier Count."
111,correct,"This first (outside) later I'd this shirt is made of sheer fabric. The second layer is only a half shirt, so it looks ridiculous. Why not make the first layer the length of a full shirt?",neg,neg,0.6598,0.565,RoBERTa,"Enhanced RoBERTa Neg = 0.7874 (contribution: 0.3891);
Enhanced RoBERTa Pos = 0.0166 (contribution: 0.2224);
Enhanced VADER Compound = -0.4144 (contribution: 0.1347);
Meta Has Pos Phrase = 0.0 (contribution: 0.0578);
Enhanced RoBERTa Neu = 0.196 (contribution: 0.0554)","Meta Has Negator = 1.0 (contribution: -0.0851);
Meta Pos Phrase Count = 0.0 (contribution: -0.0507);
Meta Neg Phrase Count = 0.0 (contribution: -0.0339);
Meta Intensifier Count = 0.0 (contribution: -0.0151);
Meta Negator Count = 1.0 (contribution: -0.0114)","The meta SVM predicted 'neg' mainly because the strongest supporting signals came from RoBERTa. The top supporting features were Enhanced RoBERTa Neg, Enhanced RoBERTa Pos, Enhanced VADER Compound, Meta Has Pos Phrase, Enhanced RoBERTa Neu. The main opposing signal was Meta Has Negator."
112,correct,"I was surprisingly unimpressed with this book. So far I have read three of Gaskell's other novels -- North and South, Wives and Daughters and Mary Barton. I loved them all. Gaskell's faith, the elegant strength of her heroines, and the attention that she pays to the details of daily life kept me interested and engaged. Gaskell is just such a passionate and compassionate writer.I have loved the way she combines social commentary with fine story telling. But while Ruth starts out just as strong as her other books, I was bored a third of the way through. Ruth's long suffering, her sobbing and sighing and crying through her desertion by Mr. Bellingham, her motherhood, and her stuggle to overcome her sin drove me to distraction. I found this character annoying and insipid. While her early innocence was refreshing I really didn't feel there was much character development after that point. In fact, Ruth seems less like a real person than any of the other characters in Gaskell's novels. If you have never read anything by this author I would not recommend this book as the place to start. Any of the others is a better choice",neu,neu,0.3817,-0.1839,Polarity Shift Features,"Meta Has Neg Phrase = 1.0 (contribution: 0.4689);
Meta Has Intensifier = 1.0 (contribution: 0.1399);
Meta Has Contrast = 1.0 (contribution: 0.091);
Enhanced RoBERTa Neu = 0.397 (contribution: 0.0883);
Meta Pos Phrase Count = 0.0 (contribution: 0.0789)","Meta Neg Phrase Count = 1.0 (contribution: -0.3851);
Enhanced VADER Compound = -0.8095 (contribution: -0.2333);
Meta Intensifier Count = 2.0 (contribution: -0.196);
Meta Has Pos Phrase = 0.0 (contribution: -0.0692);
Meta Negator Count = 3.0 (contribution: -0.0484)","The meta SVM predicted 'neu' mainly because the strongest supporting signals came from Polarity Shift Features. The top supporting features were Meta Has Neg Phrase, Meta Has Intensifier, Meta Has Contrast, Enhanced RoBERTa Neu, Meta Pos Phrase Count. The main opposing signal was Meta Neg Phrase Count."
113,correct,Too light and cheap feeling,neg,neg,0.6319,0.4855,RoBERTa,"Enhanced RoBERTa Neg = 0.7589 (contribution: 0.3637);
Enhanced RoBERTa Pos = 0.0207 (contribution: 0.2196);
Meta Has Negator = 0.0 (contribution: 0.1097);
Meta Has Pos Phrase = 0.0 (contribution: 0.0578);
Enhanced RoBERTa Neu = 0.2204 (contribution: 0.0432)","Meta Pos Phrase Count = 0.0 (contribution: -0.0507);
Meta Negator Count = 0.0 (contribution: -0.0478);
Meta Neg Phrase Count = 0.0 (contribution: -0.0339);
Meta Intensifier Count = 0.0 (contribution: -0.0151);
Enhanced SVM Pos = 0.4117 (contribution: -0.0078)","The meta SVM predicted 'neg' mainly because the strongest supporting signals came from RoBERTa. The top supporting features were Enhanced RoBERTa Neg, Enhanced RoBERTa Pos, Meta Has Negator, Meta Has Pos Phrase, Enhanced RoBERTa Neu. The main opposing signal was Meta Pos Phrase Count."
114,correct,If a industrial cleaner never do a good job. what you expect from kiddy model,neg,neg,0.5863,0.3522,RoBERTa,"Enhanced RoBERTa Neg = 0.7536 (contribution: 0.359);
Enhanced RoBERTa Pos = 0.0171 (contribution: 0.2221);
Enhanced VADER Compound = -0.1793 (contribution: 0.0891);
Meta Has Pos Phrase = 0.0 (contribution: 0.0578);
Enhanced RoBERTa Neu = 0.2293 (contribution: 0.0388)","Meta Has Negator = 1.0 (contribution: -0.0851);
Meta Pos Phrase Count = 0.0 (contribution: -0.0507);
Meta Neg Phrase Count = 0.0 (contribution: -0.0339);
Meta Intensifier Count = 0.0 (contribution: -0.0151);
Enhanced VADER Neg = 0.159 (contribution: -0.0118)","The meta SVM predicted 'neg' mainly because the strongest supporting signals came from RoBERTa. The top supporting features were Enhanced RoBERTa Neg, Enhanced RoBERTa Pos, Enhanced VADER Compound, Meta Has Pos Phrase, Enhanced RoBERTa Neu. The main opposing signal was Meta Has Negator."
115,correct,This outfit does not look like the picture they promote it to look like. I'm very disappointed.,neg,neg,0.6949,0.6644,RoBERTa,"Enhanced RoBERTa Neg = 0.9158 (contribution: 0.5034);
Enhanced RoBERTa Pos = 0.0075 (contribution: 0.2286);
Enhanced VADER Compound = -0.614 (contribution: 0.1734);
Enhanced RoBERTa Neu = 0.0767 (contribution: 0.1151);
Meta Has Pos Phrase = 0.0 (contribution: 0.0578)","Meta Has Negator = 1.0 (contribution: -0.0851);
Meta Pos Phrase Count = 0.0 (contribution: -0.0507);
Enhanced VADER Neg = 0.328 (contribution: -0.0363);
Meta Neg Phrase Count = 0.0 (contribution: -0.0339);
Enhanced VADER Neu = 0.56 (contribution: -0.0257)","The meta SVM predicted 'neg' mainly because the strongest supporting signals came from RoBERTa. The top supporting features were Enhanced RoBERTa Neg, Enhanced RoBERTa Pos, Enhanced VADER Compound, Enhanced RoBERTa Neu, Meta Has Pos Phrase. The main opposing signal was Meta Has Negator."
117,correct,Best bookbag I ever had. Great price and great material.,pos,pos,0.7555,0.8771,RoBERTa,"Enhanced RoBERTa Pos = 0.9624 (contribution: 0.5303);
Enhanced RoBERTa Neg = 0.0045 (contribution: 0.292);
Enhanced VADER Pos = 0.674 (contribution: 0.1267);
Enhanced SVM Pos = 0.6075 (contribution: 0.1178);
Enhanced RoBERTa Neu = 0.0331 (contribution: 0.0755)","Enhanced NB Neg = 0.1287 (contribution: -0.066);
Meta Intensifier Count = 0.0 (contribution: -0.0648);
Meta Has Negator = 0.0 (contribution: -0.0525);
Enhanced NB Pos = 0.6362 (contribution: -0.0277);
Enhanced VADER Compound = 0.9246 (contribution: -0.0224)","The meta SVM predicted 'pos' mainly because the strongest supporting signals came from RoBERTa. The top supporting features were Enhanced RoBERTa Pos, Enhanced RoBERTa Neg, Enhanced VADER Pos, Enhanced SVM Pos, Enhanced RoBERTa Neu. The main opposing signal was Enhanced NB Neg."
120,correct,It broke butterfly came off,neg,neg,0.4315,0.0098,RoBERTa,"Enhanced RoBERTa Pos = 0.0432 (contribution: 0.2043);
Enhanced VADER Compound = -0.4215 (contribution: 0.1361);
Meta Has Negator = 0.0 (contribution: 0.1097);
Enhanced RoBERTa Neg = 0.4161 (contribution: 0.0585);
Meta Has Pos Phrase = 0.0 (contribution: 0.0578)","Enhanced RoBERTa Neu = 0.5407 (contribution: -0.117);
Meta Pos Phrase Count = 0.0 (contribution: -0.0507);
Enhanced VADER Neg = 0.412 (contribution: -0.0485);
Meta Negator Count = 0.0 (contribution: -0.0478);
Meta Neg Phrase Count = 0.0 (contribution: -0.0339)","The meta SVM predicted 'neg' mainly because the strongest supporting signals came from RoBERTa. The top supporting features were Enhanced RoBERTa Pos, Enhanced VADER Compound, Meta Has Negator, Enhanced RoBERTa Neg, Meta Has Pos Phrase. The main opposing signal was Enhanced RoBERTa Neu."
121,correct,material not as expected. very cheap looking and didnt look cute as on photo,neg,neg,0.6038,0.4573,RoBERTa,"Enhanced RoBERTa Neg = 0.818 (contribution: 0.4164);
Enhanced RoBERTa Pos = 0.014 (contribution: 0.2242);
Enhanced VADER Compound = -0.357 (contribution: 0.1236);
Enhanced RoBERTa Neu = 0.168 (contribution: 0.0694);
Meta Has Pos Phrase = 0.0 (contribution: 0.0578)","Meta Has Negator = 1.0 (contribution: -0.0851);
Meta Pos Phrase Count = 0.0 (contribution: -0.0507);
Enhanced NB Neu = 0.5924 (contribution: -0.0355);
Meta Neg Phrase Count = 0.0 (contribution: -0.0339);
Enhanced SVM Neu = 0.5757 (contribution: -0.0273)","The meta SVM predicted 'neg' mainly because the strongest supporting signals came from RoBERTa. The top supporting features were Enhanced RoBERTa Neg, Enhanced RoBERTa Pos, Enhanced VADER Compound, Enhanced RoBERTa Neu, Meta Has Pos Phrase. The main opposing signal was Meta Has Negator."
123,correct,Mr. Pullman is quite possibly the most gifted writer to ever walk the earth. His talent for words is incredibly. The finly woven characters in The Subtle Knife are exquisite. I believe that people will remember His Dark Materials as we remember Dickens or Twain. I know that some of you disagree with Mr. Pullmans religeos veiws in this book but he is doing what few writers have ever dared and you should appreciate it and not be so uptight.,pos,pos,0.5096,0.156,RoBERTa,"Enhanced RoBERTa Pos = 0.7806 (contribution: 0.3747);
Enhanced RoBERTa Neg = 0.0199 (contribution: 0.279);
Meta Intensifier Count = 1.0 (contribution: 0.0537);
Enhanced SVM Neu = 0.2568 (contribution: 0.0467);
Meta Has Negator = 1.0 (contribution: 0.0407)","Meta Has Intensifier = 1.0 (contribution: -0.1264);
Meta Has Contrast = 1.0 (contribution: -0.0756);
Enhanced VADER Pos = 0.064 (contribution: -0.0265);
Enhanced VADER Neu = 0.862 (contribution: -0.0133);
Enhanced SVM Neg = 0.418 (contribution: -0.0128)","The meta SVM predicted 'pos' mainly because the strongest supporting signals came from RoBERTa. The top supporting features were Enhanced RoBERTa Pos, Enhanced RoBERTa Neg, Meta Intensifier Count, Enhanced SVM Neu, Meta Has Negator. The main opposing signal was Meta Has Intensifier."
124,correct,"This is the second band (silver/gold) that I have ordered and they generally seem to last about a year. No complaints about that, as I wear it every day. I agree with some of the other raters in that a tool should have been included to do the adjustment. I had one left over from the last band I ordered, and it broke because the pins in the band were in so tight. So, along with the others, I will need to take this to a jeweler to adjust. This band is huge and it should be disclosed that the buyer will need (most likely) to get the band adjusted.",neu,neu,0.4753,0.0631,RoBERTa,"Meta Has Pos Phrase = 1.0 (contribution: 0.8144);
Enhanced RoBERTa Neu = 0.6358 (contribution: 0.3221);
Meta Intensifier Count = 0.0 (contribution: 0.0737);
Enhanced VADER Compound = 0.6124 (contribution: 0.0712);
Meta Neg Phrase Count = 0.0 (contribution: 0.0509)","Meta Pos Phrase Count = 1.0 (contribution: -0.8491);
Meta Has Contrast = 0.0 (contribution: -0.0765);
Meta Has Intensifier = 0.0 (contribution: -0.0742);
Meta Has Neg Phrase = 0.0 (contribution: -0.055);
Meta Contrast Count = 0.0 (contribution: -0.0442)","The meta SVM predicted 'neu' mainly because the strongest supporting signals came from RoBERTa. The top supporting features were Meta Has Pos Phrase, Enhanced RoBERTa Neu, Meta Intensifier Count, Enhanced VADER Compound, Meta Neg Phrase Count. The main opposing signal was Meta Pos Phrase Count."
125,correct,"Until Thomas L. Thompson's ""The Mythic Past,"" this was the best (and still the briefest) read on the essential history behind the stories that inspire us. While the author questions orthodox (fundamentalist) interpretations (where do YOU draw the line between mythic truth and historical accuracy -- Adam & Eve? the Patriarchs? Moses? David & Solomon? Josiah?... you get the picture) it in no way interferes with a devout appreciation of the scriptures, or with a contemporary concern for the political integrity of the Holy Land, etc. Worth tracking down if you're interested in the subject.",pos,pos,0.4934,0.1788,RoBERTa,"Enhanced RoBERTa Neg = 0.021 (contribution: 0.278);
Enhanced RoBERTa Pos = 0.5963 (contribution: 0.217);
Meta Has Intensifier = 0.0 (contribution: 0.0671);
Meta Has Contrast = 0.0 (contribution: 0.0636);
Meta Has Negator = 1.0 (contribution: 0.0407)","Meta Intensifier Count = 0.0 (contribution: -0.0648);
Enhanced SVM Neu = 0.4609 (contribution: -0.0541);
Enhanced VADER Compound = 0.961 (contribution: -0.0236);
Enhanced RoBERTa Neu = 0.3827 (contribution: -0.021);
Enhanced NB Neg = 0.2802 (contribution: -0.019)","The meta SVM predicted 'pos' mainly because the strongest supporting signals came from RoBERTa. The top supporting features were Enhanced RoBERTa Neg, Enhanced RoBERTa Pos, Meta Has Intensifier, Meta Has Contrast, Meta Has Negator. The main opposing signal was Meta Intensifier Count."
126,correct,"THIS REVIEW IS NOT BASED UPON CONTENT OF BOOK - I thought this would be great to have on Kindle, so I could access it wherever I might be (visiting friends, on vacation or discussing cooking w/ others). Unfortunately, as a reference book, this publication on Kindle simply doesn't work. In fact, it's extremely frustrating. The otherwise logical linking of content (not unusual for a cookbook) - for example, a recipe for marinade referenced in a recipe for a certain cut of meat - cannot be accessed in any reasonable way. The text references page numbers, which are absent from the Kindle. There could be embedded links to take a reader to the referenced material, but there are no links in this. Even trying to do a word search is very frustrating as you may find a number of results and there is no easy way to determine which of the results is related to what you are seeking. In sum, a waste of money. My confession: this is the first reference-type book I've tried on Kindle, so perhaps this deficiency in the product / application is well-known, but I naively thought that such a common use of hot links would be an obvious tool to make the Kindle presentation of the book superior even to the paper version. Alas, that opportunity is not realized with this.",neg,neg,0.8412,1.1733,RoBERTa,"Meta Neg Phrase Count = 2.0 (contribution: 0.5467);
Enhanced RoBERTa Neg = 0.9132 (contribution: 0.5012);
Enhanced RoBERTa Pos = 0.0076 (contribution: 0.2286);
Meta Negator Count = 7.0 (contribution: 0.2069);
Enhanced VADER Compound = -0.7496 (contribution: 0.1997)","Meta Has Neg Phrase = 1.0 (contribution: -0.3287);
Meta Has Negator = 1.0 (contribution: -0.0851);
Meta Pos Phrase Count = 0.0 (contribution: -0.0507);
Meta Contrast Count = 2.0 (contribution: -0.0282);
Meta Has Intensifier = 1.0 (contribution: -0.0245)","The meta SVM predicted 'neg' mainly because the strongest supporting signals came from RoBERTa. The top supporting features were Meta Neg Phrase Count, Enhanced RoBERTa Neg, Enhanced RoBERTa Pos, Meta Negator Count, Enhanced VADER Compound. The main opposing signal was Meta Has Neg Phrase."
127,correct,Nice head sett,pos,pos,0.5096,0.1754,RoBERTa,"Enhanced RoBERTa Neg = 0.0725 (contribution: 0.2346);
Enhanced RoBERTa Pos = 0.532 (contribution: 0.162);
Enhanced VADER Pos = 0.583 (contribution: 0.1038);
Meta Has Intensifier = 0.0 (contribution: 0.0671);
Meta Has Contrast = 0.0 (contribution: 0.0636)","Meta Intensifier Count = 0.0 (contribution: -0.0648);
Meta Has Negator = 0.0 (contribution: -0.0525);
Enhanced RoBERTa Neu = 0.3955 (contribution: -0.0245);
Enhanced SVM Neu = 0.3936 (contribution: -0.0209);
Enhanced NB Neu = 0.4232 (contribution: -0.0183)","The meta SVM predicted 'pos' mainly because the strongest supporting signals came from RoBERTa. The top supporting features were Enhanced RoBERTa Neg, Enhanced RoBERTa Pos, Enhanced VADER Pos, Meta Has Intensifier, Meta Has Contrast. The main opposing signal was Meta Intensifier Count."
130,correct,She wore these 3 times and they already ripped/broke. Tried to return/exchange and wasn't allowed to. My daughter is so upset as this was her favorite Christmas present.,neg,neg,0.6163,0.4468,RoBERTa,"Enhanced RoBERTa Neg = 0.7934 (contribution: 0.3945);
Enhanced RoBERTa Pos = 0.0206 (contribution: 0.2197);
Enhanced VADER Compound = -0.0941 (contribution: 0.0726);
Enhanced RoBERTa Neu = 0.186 (contribution: 0.0604);
Meta Has Pos Phrase = 0.0 (contribution: 0.0578)","Meta Has Negator = 1.0 (contribution: -0.0851);
Meta Pos Phrase Count = 0.0 (contribution: -0.0507);
Meta Neg Phrase Count = 0.0 (contribution: -0.0339);
Meta Intensifier Count = 0.0 (contribution: -0.0151);
Meta Negator Count = 1.0 (contribution: -0.0114)","The meta SVM predicted 'neg' mainly because the strongest supporting signals came from RoBERTa. The top supporting features were Enhanced RoBERTa Neg, Enhanced RoBERTa Pos, Enhanced VADER Compound, Enhanced RoBERTa Neu, Meta Has Pos Phrase. The main opposing signal was Meta Has Negator."
131,correct,"As debut novels go, this one was fairly good. The author introduces us to Conrad Voort, a police officer who comes from a long family line of law enforcement officers, and who also just happens to be the 'richest cop in New York'. Although Voort's personal relationship has just hit the skids, work must continue. He and his partner (who is also wealthy) must track down a killer who is leaving the initials BHC at each of the murder scenes. About half way through the book, the author throws in a wonderful twist as to the identity of the members of the Broken Hearts Club. The only real downside to this book is the author's continuing references regarding Voort's wealth in places where it isn't relevant to the storyline. When the author does this, it detracts from the storyline and the fact Voort is excellent cop with a sharp mind.",neu,neu,0.4523,0.0967,Polarity Shift Features,"Meta Has Diminisher = 1.0 (contribution: 0.1828);
Meta Has Contrast = 1.0 (contribution: 0.091);
Meta Pos Phrase Count = 0.0 (contribution: 0.0789);
Meta Intensifier Count = 0.0 (contribution: 0.0737);
Enhanced SVM Neu = 0.4511 (contribution: 0.0537)","Enhanced VADER Compound = -0.4111 (contribution: -0.148);
Meta Has Intensifier = 0.0 (contribution: -0.0742);
Meta Has Pos Phrase = 0.0 (contribution: -0.0692);
Meta Has Neg Phrase = 0.0 (contribution: -0.055);
Enhanced RoBERTa Pos = 0.6262 (contribution: -0.0522)","The meta SVM predicted 'neu' mainly because the strongest supporting signals came from Polarity Shift Features. The top supporting features were Meta Has Diminisher, Meta Has Contrast, Meta Pos Phrase Count, Meta Intensifier Count, Enhanced SVM Neu. The main opposing signal was Enhanced VADER Compound."
132,correct,"The Swann camera is a good security system for either home or business uses. The system has a few hiccups - the motion sensor among them -- but is value priced and simple to use. The included 2GB SD card can record up to 3 hours of continuous footage. I recommend you upgrade to the 32GB SD card, which can handle up to two days of continuous recording. I won't repeat the issues addressed by other reviewers. Although, the motion sensor is temperamental, so expect to spend a bit longer than you might have wanted for the initial configuration. The Swann website offers these installation tips: * For best results do NOT point the camera towards a light source such as the sun or light. * Also do not have the camera in a shaded area looking out into a well lit area as this will display poor results. Example: If the camera is hidden in a mailbox, because the mailbox is dark inside the camera sensor will try to adjust according to the available light. But if outside the mailbox there is good light like sunshine, you will get poor results. The light to the camera sensor in the front of the camera needs to be the same as the light at the focal target for best results. * Power for Wired and Wireless Cameras, both types of cameras require a power source, although the camera maybe weatherproof the connections to the AV cable and power adapter are not. Please make sure that these connections are in a water or moisture free environment. * Over time the lens or front case glass may become dirty, please use a lint free cloth to clean both. Similar cloth that would be used to clean a CD Disc. * Power adapters: all power adapters are for indoor use only and must be shielded from outdoor elements. When using an outdoor camera, please use extension cords to power the camera and keep cables away from the outdoor elements. * When installing the camera, before screwing in the mounting bracket, check the image on the screen to see if the picture is clear from direct sun or light. In summary, with proper set-up, the Swann SWA43-D6C12 Digital Wireless Camera and 4 Channel SD Recorder works better than the Defender Alarm Clock DVR with Built-in Color Pinhole Camera, another security system I tested as part of the Amazon Vine Program. Rating: Three stars.",neu,neu,0.5682,0.3078,Polarity Shift Features,"Meta Contrast Count = 4.0 (contribution: 0.1861);
Enhanced VADER Compound = 0.9957 (contribution: 0.1532);
Enhanced RoBERTa Neu = 0.445 (contribution: 0.1353);
Meta Has Contrast = 1.0 (contribution: 0.091);
Meta Pos Phrase Count = 0.0 (contribution: 0.0789)","Meta Negator Count = 4.0 (contribution: -0.0771);
Meta Has Intensifier = 0.0 (contribution: -0.0742);
Meta Has Pos Phrase = 0.0 (contribution: -0.0692);
Meta Has Neg Phrase = 0.0 (contribution: -0.055);
Enhanced RoBERTa Pos = 0.5022 (contribution: -0.0293)","The meta SVM predicted 'neu' mainly because the strongest supporting signals came from Polarity Shift Features. The top supporting features were Meta Contrast Count, Enhanced VADER Compound, Enhanced RoBERTa Neu, Meta Has Contrast, Meta Pos Phrase Count. The main opposing signal was Meta Negator Count."
133,correct,Granddaughter loves itMy granddaughter is 5 and is tall for her age.We got a 4 and it fits perfect,pos,pos,0.705,0.6964,RoBERTa,"Enhanced RoBERTa Pos = 0.963 (contribution: 0.5309);
Enhanced RoBERTa Neg = 0.003 (contribution: 0.2932);
Enhanced RoBERTa Neu = 0.034 (contribution: 0.0753);
Enhanced SVM Neu = 0.2034 (contribution: 0.0731);
Meta Has Intensifier = 0.0 (contribution: 0.0671)","Enhanced NB Neg = 0.1069 (contribution: -0.0727);
Meta Intensifier Count = 0.0 (contribution: -0.0648);
Meta Has Negator = 0.0 (contribution: -0.0525);
Enhanced NB Pos = 0.7062 (contribution: -0.0336);
Enhanced VADER Compound = 0.8126 (contribution: -0.0185)","The meta SVM predicted 'pos' mainly because the strongest supporting signals came from RoBERTa. The top supporting features were Enhanced RoBERTa Pos, Enhanced RoBERTa Neg, Enhanced RoBERTa Neu, Enhanced SVM Neu, Meta Has Intensifier. The main opposing signal was Enhanced NB Neg."
134,correct,The sound quality was terrible. The headsets themselves felt great and durable,neg,neg,0.5199,0.1885,RoBERTa,"Enhanced RoBERTa Neg = 0.6432 (contribution: 0.2608);
Enhanced RoBERTa Pos = 0.0471 (contribution: 0.2016);
Meta Has Negator = 0.0 (contribution: 0.1097);
Meta Has Pos Phrase = 0.0 (contribution: 0.0578);
Meta Has Neg Phrase = 0.0 (contribution: 0.0386)","Enhanced VADER Compound = 0.6124 (contribution: -0.0645);
Meta Pos Phrase Count = 0.0 (contribution: -0.0507);
Meta Negator Count = 0.0 (contribution: -0.0478);
Enhanced VADER Neu = 0.469 (contribution: -0.0378);
Meta Neg Phrase Count = 0.0 (contribution: -0.0339)","The meta SVM predicted 'neg' mainly because the strongest supporting signals came from RoBERTa. The top supporting features were Enhanced RoBERTa Neg, Enhanced RoBERTa Pos, Meta Has Negator, Meta Has Pos Phrase, Meta Has Neg Phrase. The main opposing signal was Enhanced VADER Compound."
135,correct,Not all wool as title implies. Very cheaply made.,neg,neg,0.4659,0.0716,RoBERTa,"Meta Neg Phrase Count = 1.0 (contribution: 0.2564);
Enhanced RoBERTa Pos = 0.0386 (contribution: 0.2074);
Enhanced RoBERTa Neg = 0.5612 (contribution: 0.1877);
Enhanced VADER Compound = -0.5849 (contribution: 0.1678);
Meta Has Pos Phrase = 0.0 (contribution: 0.0578)","Meta Has Neg Phrase = 1.0 (contribution: -0.3287);
Meta Has Negator = 1.0 (contribution: -0.0851);
Meta Pos Phrase Count = 0.0 (contribution: -0.0507);
Enhanced RoBERTa Neu = 0.4002 (contribution: -0.0467);
Enhanced VADER Neg = 0.351 (contribution: -0.0396)","The meta SVM predicted 'neg' mainly because the strongest supporting signals came from RoBERTa. The top supporting features were Meta Neg Phrase Count, Enhanced RoBERTa Pos, Enhanced RoBERTa Neg, Enhanced VADER Compound, Meta Has Pos Phrase. The main opposing signal was Meta Has Neg Phrase."
138,correct,"This book started with a bang and got me hooked. It is a very interesting premise and the accounts that Gladwell started with were relevant and powerful in illustrating his thesis. Halfway through the book, the different stories Gladwell included become less and less pertinent to his central thesis. The point becomes really diffuse in the second half of the book and he almost lost my interest. One of the stars in my rating is from the fact that it is a decent effort and an interesting premise, but could be executed better to maintain readers' interest.",neu,neu,0.5799,0.3445,RoBERTa,"Enhanced RoBERTa Neu = 0.5375 (contribution: 0.2258);
Meta Has Diminisher = 1.0 (contribution: 0.1828);
Meta Has Intensifier = 1.0 (contribution: 0.1399);
Enhanced VADER Compound = 0.9138 (contribution: 0.1357);
Meta Has Contrast = 1.0 (contribution: 0.091)","Meta Intensifier Count = 2.0 (contribution: -0.196);
Meta Has Pos Phrase = 0.0 (contribution: -0.0692);
Meta Has Negator = 0.0 (contribution: -0.064);
Meta Has Neg Phrase = 0.0 (contribution: -0.055);
Enhanced VADER Neg = 0.014 (contribution: -0.0271)","The meta SVM predicted 'neu' mainly because the strongest supporting signals came from RoBERTa. The top supporting features were Enhanced RoBERTa Neu, Meta Has Diminisher, Meta Has Intensifier, Enhanced VADER Compound, Meta Has Contrast. The main opposing signal was Meta Intensifier Count."
139,correct,The cable works great and I'm very pleased with the purchase. Works exactly as described for the classic Xbox.,pos,pos,0.7429,0.8056,RoBERTa,"Enhanced RoBERTa Pos = 0.9557 (contribution: 0.5246);
Enhanced RoBERTa Neg = 0.004 (contribution: 0.2924);
Enhanced SVM Pos = 0.6617 (contribution: 0.1393);
Meta Pos Phrase Count = 1.0 (contribution: 0.1018);
Enhanced RoBERTa Neu = 0.0403 (contribution: 0.0736)","Meta Has Intensifier = 1.0 (contribution: -0.1264);
Enhanced NB Neg = 0.1321 (contribution: -0.0649);
Meta Has Negator = 0.0 (contribution: -0.0525);
Enhanced NB Pos = 0.6346 (contribution: -0.0276);
Enhanced VADER Compound = 0.7645 (contribution: -0.0168)","The meta SVM predicted 'pos' mainly because the strongest supporting signals came from RoBERTa. The top supporting features were Enhanced RoBERTa Pos, Enhanced RoBERTa Neg, Enhanced SVM Pos, Meta Pos Phrase Count, Enhanced RoBERTa Neu. The main opposing signal was Meta Has Intensifier."
141,correct,"The Lorex LW2731 package comes with a 7 inch full colour LCD monitor and one security camera. The monitor is a bit on the small side coming in at 7 inches but supports up to 4 video feeds. The camera is also a tad on the largish side measuring around 4 inches (much larger than a webcam) but has built in LED lights for illumination. When I received this unit I thought I would set up the camera at the front of my house on the porch overhang pointing at my front door. This proved to be a bit of a pain in that both the camera and the monitor require mains power (no battery option). The power adapter for the camera, although it has a fairly generous amount of chord, was not enough to put the camera where I wanted so I had to rethink. Another problem with this is that you end up having to drill a hole through your wall in which to put the power cable, so not a quick easy solution. This leads me to another point. If a thief or whomever is determined to break into your house, then its a very simple case of just having to snip the wire and the camera won't work. It would have been much better for the camera at least to run off batteries. The wireless part of this unit is the video feed from the camera to the monitor, not the monitor to your home network. You have the ability to view the camera feed over skype (a good option) so that you can see your video feeds from anyplace, however in order to do this you must hook the monitor into your computer (cable supplied) and leave your computer running all the time (you must also remember to turn off power saving features on your computer). The video quality that the camera transmits is excellent. Better than some of the security camera footage you see on the news and the camera works very well whether in bright light or with the aid of the built in LEDs and sensor at night. The range of the wireless feed seems to be good. I couldn't find anyplace in my 3 story house where I couldn't pick up the video feed, even when I placed the camera in the top corner of a bedroom on the top floor and took the monitor down to the opposite corner of my bottom floor, so it was travelling a fair distance and through a lot of wood and concrete. If you are thinking of buying this unit to monitor the outside of your house (which I think most people would), then be prepared to have to do some work and drill holes in your walls to do this. Also be prepared to have to rethink where you wish to put the camera due to the power cables length. This is a major shortcoming of this unit in my opinion. If you are just looking to monitor the inside of your house or small business then this unit will work great, with the addition of some extra cameras. Overall then, a good security system once setup but has some fairly big flaws.",neu,neu,0.6198,0.5423,Polarity Shift Features,"Meta Has Pos Phrase = 1.0 (contribution: 0.8144);
Meta Has Neg Phrase = 1.0 (contribution: 0.4689);
Meta Contrast Count = 5.0 (contribution: 0.2436);
Enhanced RoBERTa Neu = 0.526 (contribution: 0.2146);
Meta Has Diminisher = 1.0 (contribution: 0.1828)","Meta Pos Phrase Count = 1.0 (contribution: -0.8491);
Meta Neg Phrase Count = 1.0 (contribution: -0.3851);
Meta Intensifier Count = 2.0 (contribution: -0.196);
Meta Negator Count = 7.0 (contribution: -0.1631);
Enhanced VADER Neg = 0.045 (contribution: -0.0139)","The meta SVM predicted 'neu' mainly because the strongest supporting signals came from Polarity Shift Features. The top supporting features were Meta Has Pos Phrase, Meta Has Neg Phrase, Meta Contrast Count, Enhanced RoBERTa Neu, Meta Has Diminisher. The main opposing signal was Meta Pos Phrase Count."
144,correct,"The Wheel of Time had a a lot of momentum in the first 4 or 5 books, but 6-8 are slow-paced at best. Thats not necissarily a bad thing though. There were not really any dull moments that I could find, it's just that detail fills up so much of the book that the plot progresses slowly. If you like Jordan's characters, you will be interested enough to read through the book and find out what happens to them. Overall, its a decent book, just don't expect a whole lot to happen in it.",neu,neu,0.5586,0.3078,Polarity Shift Features,"Enhanced RoBERTa Neu = 0.5169 (contribution: 0.2056);
Enhanced VADER Compound = 0.9664 (contribution: 0.147);
Meta Has Intensifier = 1.0 (contribution: 0.1399);
Meta Has Contrast = 1.0 (contribution: 0.091);
Meta Pos Phrase Count = 0.0 (contribution: 0.0789)","Meta Has Pos Phrase = 0.0 (contribution: -0.0692);
Meta Intensifier Count = 1.0 (contribution: -0.0611);
Meta Has Neg Phrase = 0.0 (contribution: -0.055);
Meta Negator Count = 3.0 (contribution: -0.0484);
Enhanced VADER Neg = 0.0 (contribution: -0.0331)","The meta SVM predicted 'neu' mainly because the strongest supporting signals came from Polarity Shift Features. The top supporting features were Enhanced RoBERTa Neu, Enhanced VADER Compound, Meta Has Intensifier, Meta Has Contrast, Meta Pos Phrase Count. The main opposing signal was Meta Has Pos Phrase."
145,correct,great concept but such a pain to program and get songs onto the thing. I returned,neg,neg,0.4295,-0.0188,VADER,"Enhanced RoBERTa Pos = 0.13 (contribution: 0.1451);
Enhanced VADER Compound = -0.4404 (contribution: 0.1398);
Meta Has Negator = 0.0 (contribution: 0.1097);
Meta Has Pos Phrase = 0.0 (contribution: 0.0578);
Meta Has Neg Phrase = 0.0 (contribution: 0.0386)","Enhanced RoBERTa Neu = 0.4842 (contribution: -0.0888);
Meta Pos Phrase Count = 0.0 (contribution: -0.0507);
Meta Negator Count = 0.0 (contribution: -0.0478);
Meta Neg Phrase Count = 0.0 (contribution: -0.0339);
Enhanced VADER Neg = 0.234 (contribution: -0.0227)","The meta SVM predicted 'neg' mainly because the strongest supporting signals came from VADER. The top supporting features were Enhanced RoBERTa Pos, Enhanced VADER Compound, Meta Has Negator, Meta Has Pos Phrase, Meta Has Neg Phrase. The main opposing signal was Enhanced RoBERTa Neu."
147,correct,I recieved this book for a Christmas present .I haven't read it but know the person I got it for will enjoy it. I got it on time really before I exspected it .Good service .I think if you want something fast you should order from this company.,pos,pos,0.5998,0.4245,RoBERTa,"Enhanced RoBERTa Pos = 0.9015 (contribution: 0.4783);
Enhanced RoBERTa Neg = 0.0076 (contribution: 0.2894);
Enhanced RoBERTa Neu = 0.0909 (contribution: 0.0596);
Meta Intensifier Count = 1.0 (contribution: 0.0537);
Enhanced NB Neg = 0.4725 (contribution: 0.0407)","Meta Has Intensifier = 1.0 (contribution: -0.1264);
Meta Has Contrast = 1.0 (contribution: -0.0756);
Enhanced VADER Compound = 0.8625 (contribution: -0.0202);
Meta Diminisher Count = 0.0 (contribution: -0.0115);
Meta Contrast Count = 1.0 (contribution: -0.0104)","The meta SVM predicted 'pos' mainly because the strongest supporting signals came from RoBERTa. The top supporting features were Enhanced RoBERTa Pos, Enhanced RoBERTa Neg, Enhanced RoBERTa Neu, Meta Intensifier Count, Enhanced NB Neg. The main opposing signal was Meta Has Intensifier."
151,correct,"The neckline sags and will not lay flat. I am 5-4, 130#. The neckline sag in a really weird way, not just like it was too big. The pic from another review showing the sagging neckline is how mine fit. The arms are way too tight. Too bad I missed the return window. :\",neg,neg,0.6991,0.6721,RoBERTa,"Enhanced RoBERTa Neg = 0.8429 (contribution: 0.4386);
Enhanced RoBERTa Pos = 0.0108 (contribution: 0.2264);
Enhanced VADER Compound = -0.8226 (contribution: 0.2139);
Enhanced RoBERTa Neu = 0.1463 (contribution: 0.0803);
Meta Has Pos Phrase = 0.0 (contribution: 0.0578)","Meta Has Negator = 1.0 (contribution: -0.0851);
Meta Pos Phrase Count = 0.0 (contribution: -0.0507);
Meta Neg Phrase Count = 0.0 (contribution: -0.0339);
Meta Has Intensifier = 1.0 (contribution: -0.0245);
Enhanced VADER Neg = 0.203 (contribution: -0.0182)","The meta SVM predicted 'neg' mainly because the strongest supporting signals came from RoBERTa. The top supporting features were Enhanced RoBERTa Neg, Enhanced RoBERTa Pos, Enhanced VADER Compound, Enhanced RoBERTa Neu, Meta Has Pos Phrase. The main opposing signal was Meta Has Negator."
154,correct,"I really hate that at the top of the lens, the manufacturers name is written. Makes them looks cheap. They should have printed it along the sides on the plastic where it is not as noticeable. I guess you get what you pay for.",neg,neg,0.6961,0.6674,RoBERTa,"Enhanced RoBERTa Neg = 0.8992 (contribution: 0.4887);
Enhanced RoBERTa Pos = 0.0074 (contribution: 0.2287);
Enhanced VADER Compound = -0.5563 (contribution: 0.1622);
Enhanced RoBERTa Neu = 0.0934 (contribution: 0.1067);
Meta Has Pos Phrase = 0.0 (contribution: 0.0578)","Meta Has Negator = 1.0 (contribution: -0.0851);
Meta Pos Phrase Count = 0.0 (contribution: -0.0507);
Meta Neg Phrase Count = 0.0 (contribution: -0.0339);
Meta Has Intensifier = 1.0 (contribution: -0.0245);
Meta Negator Count = 1.0 (contribution: -0.0114)","The meta SVM predicted 'neg' mainly because the strongest supporting signals came from RoBERTa. The top supporting features were Enhanced RoBERTa Neg, Enhanced RoBERTa Pos, Enhanced VADER Compound, Enhanced RoBERTa Neu, Meta Has Pos Phrase. The main opposing signal was Meta Has Negator."
155,correct,"Sure, it bows out the side of my NZXT Tempest, but this heatsink cannot be beat. Plus, it looks great - really stands out amongst the (sadly not yet dead) trend of flashy blue LEDs.",pos,pos,0.5453,0.2632,RoBERTa,"Enhanced RoBERTa Pos = 0.8702 (contribution: 0.4514);
Enhanced RoBERTa Neg = 0.0148 (contribution: 0.2833);
Enhanced NB Neg = 0.5516 (contribution: 0.0653);
Meta Intensifier Count = 1.0 (contribution: 0.0537);
Enhanced RoBERTa Neu = 0.115 (contribution: 0.0529)","Meta Has Intensifier = 1.0 (contribution: -0.1264);
Meta Has Contrast = 1.0 (contribution: -0.0756);
Meta Contrast Count = 2.0 (contribution: -0.0551);
Enhanced SVM Pos = 0.1836 (contribution: -0.0503);
Enhanced SVM Neg = 0.5421 (contribution: -0.0328)","The meta SVM predicted 'pos' mainly because the strongest supporting signals came from RoBERTa. The top supporting features were Enhanced RoBERTa Pos, Enhanced RoBERTa Neg, Enhanced NB Neg, Meta Intensifier Count, Enhanced RoBERTa Neu. The main opposing signal was Meta Has Intensifier."
158,correct,My shirt showed up smelling of fish/ mildew covered in actual mold i was able to wash it and remove the smell but material is cheap quality very thin,neg,neg,0.6469,0.591,RoBERTa,"Enhanced RoBERTa Neg = 0.8511 (contribution: 0.4459);
Enhanced RoBERTa Pos = 0.0089 (contribution: 0.2277);
Meta Has Negator = 0.0 (contribution: 0.1097);
Enhanced RoBERTa Neu = 0.14 (contribution: 0.0834);
Meta Has Pos Phrase = 0.0 (contribution: 0.0578)","Meta Pos Phrase Count = 0.0 (contribution: -0.0507);
Meta Negator Count = 0.0 (contribution: -0.0478);
Meta Neg Phrase Count = 0.0 (contribution: -0.0339);
Meta Has Intensifier = 1.0 (contribution: -0.0245);
Meta Has Contrast = 1.0 (contribution: -0.0226)","The meta SVM predicted 'neg' mainly because the strongest supporting signals came from RoBERTa. The top supporting features were Enhanced RoBERTa Neg, Enhanced RoBERTa Pos, Meta Has Negator, Enhanced RoBERTa Neu, Meta Has Pos Phrase. The main opposing signal was Meta Pos Phrase Count."
159,correct,"Very thin, some raffles",neu,neu,0.4155,-0.058,RoBERTa,"Enhanced RoBERTa Neu = 0.7048 (contribution: 0.3896);
Meta Has Intensifier = 1.0 (contribution: 0.1399);
Meta Pos Phrase Count = 0.0 (contribution: 0.0789);
Meta Neg Phrase Count = 0.0 (contribution: 0.0509);
Enhanced RoBERTa Pos = 0.0796 (contribution: 0.0484)","Meta Has Contrast = 0.0 (contribution: -0.0765);
Meta Has Pos Phrase = 0.0 (contribution: -0.0692);
Meta Has Negator = 0.0 (contribution: -0.064);
Meta Intensifier Count = 1.0 (contribution: -0.0611);
Enhanced VADER Compound = 0.0 (contribution: -0.06)","The meta SVM predicted 'neu' mainly because the strongest supporting signals came from RoBERTa. The top supporting features were Enhanced RoBERTa Neu, Meta Has Intensifier, Meta Pos Phrase Count, Meta Neg Phrase Count, Enhanced RoBERTa Pos. The main opposing signal was Meta Has Contrast."
161,correct,"This book was awful! The writing was very well done, but the plot was terrible. I really hated this book and it's the last one I read by John Saul. This one really did me in. It is about the occult and family curses and a Ouija board. It definitely made an impression on me. It's about the Conger family curse. Their youngest daughter, Sarah, was looked on as being mentally ill simply because she had been so traumatized she couldn't talk; when really, the older daughter, Elizabeth, was the one that belonged in the Looney bin. She killed three kids and her pet cat and played tea party with them and a skeleton in a cave shaft. Sarah saw everything she did but couldn't talk so tried in other ways to tell her parents what was going on but they didn't get it and blamed her for things. Sarah was institutionalized for 15 years! The ending is awful too. It's just sad and depressing from cover to cover and never gets better. I wouldn't recommend this to anyone!",neg,neg,0.7322,0.767,RoBERTa,"Enhanced RoBERTa Neg = 0.9084 (contribution: 0.4969);
Meta Neg Phrase Count = 1.0 (contribution: 0.2564);
Enhanced VADER Compound = -0.99 (contribution: 0.2464);
Enhanced RoBERTa Pos = 0.0065 (contribution: 0.2293);
Meta Negator Count = 5.0 (contribution: 0.1341)","Meta Has Neg Phrase = 1.0 (contribution: -0.3287);
Meta Has Negator = 1.0 (contribution: -0.0851);
Meta Contrast Count = 3.0 (contribution: -0.0511);
Meta Pos Phrase Count = 0.0 (contribution: -0.0507);
Meta Has Intensifier = 1.0 (contribution: -0.0245)","The meta SVM predicted 'neg' mainly because the strongest supporting signals came from RoBERTa. The top supporting features were Enhanced RoBERTa Neg, Meta Neg Phrase Count, Enhanced VADER Compound, Enhanced RoBERTa Pos, Meta Negator Count. The main opposing signal was Meta Has Neg Phrase."
162,correct,"This is not Sklansky's best work. The books does have 2 or 3 good concepts but the rest of the book is vague. I wish he had combined this useful info in another book. The rest of the book is junk, with some filler quizes and crap advice. I mean geesh...his discussion on final table play is horrible.",neg,neg,0.5464,0.308,RoBERTa,"Enhanced RoBERTa Neg = 0.8822 (contribution: 0.4736);
Enhanced RoBERTa Pos = 0.0103 (contribution: 0.2267);
Enhanced RoBERTa Neu = 0.1075 (contribution: 0.0997);
Meta Has Pos Phrase = 0.0 (contribution: 0.0578);
Meta Has Neg Phrase = 0.0 (contribution: 0.0386)","Meta Has Negator = 1.0 (contribution: -0.0851);
Meta Pos Phrase Count = 0.0 (contribution: -0.0507);
Meta Neg Phrase Count = 0.0 (contribution: -0.0339);
Meta Has Contrast = 1.0 (contribution: -0.0226);
Enhanced NB Neu = 0.4887 (contribution: -0.0202)","The meta SVM predicted 'neg' mainly because the strongest supporting signals came from RoBERTa. The top supporting features were Enhanced RoBERTa Neg, Enhanced RoBERTa Pos, Enhanced RoBERTa Neu, Meta Has Pos Phrase, Meta Has Neg Phrase. The main opposing signal was Meta Has Negator."
163,correct,It's soft and well made. It needs to be just an inch longer to fit my wallet and Kindle.,pos,pos,0.5599,0.3107,RoBERTa,"Enhanced RoBERTa Neg = 0.0395 (contribution: 0.2625);
Enhanced RoBERTa Pos = 0.5839 (contribution: 0.2063);
Enhanced SVM Pos = 0.6076 (contribution: 0.1178);
Meta Has Intensifier = 0.0 (contribution: 0.0671);
Meta Has Contrast = 0.0 (contribution: 0.0636)","Meta Intensifier Count = 0.0 (contribution: -0.0648);
Meta Has Negator = 0.0 (contribution: -0.0525);
Enhanced NB Neg = 0.1827 (contribution: -0.0492);
Enhanced NB Pos = 0.5719 (contribution: -0.0223);
Enhanced RoBERTa Neu = 0.3767 (contribution: -0.0193)","The meta SVM predicted 'pos' mainly because the strongest supporting signals came from RoBERTa. The top supporting features were Enhanced RoBERTa Neg, Enhanced RoBERTa Pos, Enhanced SVM Pos, Meta Has Intensifier, Meta Has Contrast. The main opposing signal was Meta Intensifier Count."
165,correct,"One edge of the band is pretty rough. Some of the stitching on the inside is not great and required a bit of trimming to make comfortable against my skin. My main complaint though is that the included pins were the wrong size. If you look at the photo I uploaded you can see one of the pins sitting on top of the band, they are the same size, that's not going to work! Luckily I could just use the pins that were already in my watch but I did buy this band specifically to have a back up set. On the positive side this band does include a pin removal tool which is quite well made and works great.",neu,neu,0.4627,0.0229,Polarity Shift Features,"Meta Has Pos Phrase = 1.0 (contribution: 0.8144);
Meta Has Neg Phrase = 1.0 (contribution: 0.4689);
Enhanced VADER Compound = 0.9416 (contribution: 0.1416);
Meta Has Contrast = 1.0 (contribution: 0.091);
Meta Intensifier Count = 0.0 (contribution: 0.0737)","Meta Pos Phrase Count = 1.0 (contribution: -0.8491);
Meta Neg Phrase Count = 1.0 (contribution: -0.3851);
Meta Has Intensifier = 0.0 (contribution: -0.0742);
Enhanced RoBERTa Neg = 0.6616 (contribution: -0.0302);
Enhanced SVM Pos = 0.3931 (contribution: -0.0227)","The meta SVM predicted 'neu' mainly because the strongest supporting signals came from Polarity Shift Features. The top supporting features were Meta Has Pos Phrase, Meta Has Neg Phrase, Enhanced VADER Compound, Meta Has Contrast, Meta Intensifier Count. The main opposing signal was Meta Pos Phrase Count."
168,correct,Did not expect the texture to feel and look like plastic,neg,neg,0.5885,0.3647,RoBERTa,"Enhanced RoBERTa Neg = 0.793 (contribution: 0.3941);
Enhanced RoBERTa Pos = 0.0125 (contribution: 0.2252);
Meta Has Pos Phrase = 0.0 (contribution: 0.0578);
Enhanced RoBERTa Neu = 0.1945 (contribution: 0.0562);
Meta Has Neg Phrase = 0.0 (contribution: 0.0386)","Meta Has Negator = 1.0 (contribution: -0.0851);
Meta Pos Phrase Count = 0.0 (contribution: -0.0507);
Meta Neg Phrase Count = 0.0 (contribution: -0.0339);
Enhanced VADER Compound = 0.3612 (contribution: -0.0157);
Meta Intensifier Count = 0.0 (contribution: -0.0151)","The meta SVM predicted 'neg' mainly because the strongest supporting signals came from RoBERTa. The top supporting features were Enhanced RoBERTa Neg, Enhanced RoBERTa Pos, Meta Has Pos Phrase, Enhanced RoBERTa Neu, Meta Has Neg Phrase. The main opposing signal was Meta Has Negator."
169,correct,"I've read lots about Princess Diana. This book like so many others paints Diana as a shrew and Charles as a victim. What no one seems to care about is that Charles entered his marriage with a girlfriend on his arm. Camilla did not appear ""sometime after the marriage broke down"".Too many times before the wedding and on the honeymoon Charles failed to reassure Diana regarding his real relationship with Camilla.He never gave Camilla up.That alone accounts for 99% of the problems that faced the Wales.Another sour point in the book is the Tiggy situation. I thought royal nannies stayed in the background. But not Tiggy. Tiggy was everywhere to be seen. Most books support Tiggy as ""great"" and Diana is horrible. I'm confused as to the Christmas Party where Diana sidles up to Tiggy and whispers ""sorry to here about the baby"".Everyone(and I mean everyone in the whole room heard the whispered comment. That seems strange to me. Also I've had people ""hit me between the eyes"" with an off-the-wall statement like that. And all I say is ""beg pardon"".I don't have to be helped from the room nor consult a lawyer.Seems way over played to me.The authors seem to dismiss Diana's good deeds as play acting for good press.If you are a Diana fan. Look elsewhere for a book to read about the princess.",neg,neg,0.5256,0.2642,RoBERTa,"Enhanced RoBERTa Neg = 0.7841 (contribution: 0.3862);
Enhanced RoBERTa Pos = 0.0093 (contribution: 0.2274);
Meta Negator Count = 5.0 (contribution: 0.1341);
Meta Has Pos Phrase = 0.0 (contribution: 0.0578);
Enhanced RoBERTa Neu = 0.2067 (contribution: 0.0501)","Enhanced VADER Compound = 0.9302 (contribution: -0.1261);
Meta Has Negator = 1.0 (contribution: -0.0851);
Meta Pos Phrase Count = 0.0 (contribution: -0.0507);
Meta Neg Phrase Count = 0.0 (contribution: -0.0339);
Meta Has Contrast = 1.0 (contribution: -0.0226)","The meta SVM predicted 'neg' mainly because the strongest supporting signals came from RoBERTa. The top supporting features were Enhanced RoBERTa Neg, Enhanced RoBERTa Pos, Meta Negator Count, Meta Has Pos Phrase, Enhanced RoBERTa Neu. The main opposing signal was Enhanced VADER Compound."
170,correct,"... and this book is the reason. It delivers on it's promise, which is that it takes an experienced VB programmer and gives you the concepts and details that you need to know to not only pass the exams, but do very, very well. O'Reilly's web site support for the book is excellent as well. The author has posted an excellent write-up that details how to approach the tests, with excellent recommendations for additional study aids. And, aside from certification, my level of skill with using VB, which was pretty substantial before, has gone through the roof. If you want to lift your skills and be able to crank out clean, reliable, robust applications, get this book.",pos,pos,0.6532,0.5678,RoBERTa,"Enhanced RoBERTa Pos = 0.9424 (contribution: 0.5133);
Enhanced RoBERTa Neg = 0.0034 (contribution: 0.293);
Meta Intensifier Count = 2.0 (contribution: 0.1722);
Enhanced RoBERTa Neu = 0.0542 (contribution: 0.0697);
Meta Has Negator = 1.0 (contribution: 0.0407)","Meta Has Intensifier = 1.0 (contribution: -0.1264);
Meta Has Contrast = 1.0 (contribution: -0.0756);
Enhanced VADER Compound = 0.9932 (contribution: -0.0247);
Meta Diminisher Count = 0.0 (contribution: -0.0115);
Meta Contrast Count = 1.0 (contribution: -0.0104)","The meta SVM predicted 'pos' mainly because the strongest supporting signals came from RoBERTa. The top supporting features were Enhanced RoBERTa Pos, Enhanced RoBERTa Neg, Meta Intensifier Count, Enhanced RoBERTa Neu, Meta Has Negator. The main opposing signal was Meta Has Intensifier."
171,correct,Fits great. Soft!!! I judge a sweatshirt by the tight cuffs and neck. 5 stars...,pos,pos,0.6802,0.6314,RoBERTa,"Enhanced RoBERTa Pos = 0.8647 (contribution: 0.4468);
Enhanced RoBERTa Neg = 0.0125 (contribution: 0.2852);
Enhanced SVM Pos = 0.5244 (contribution: 0.0848);
Meta Has Intensifier = 0.0 (contribution: 0.0671);
Enhanced VADER Pos = 0.428 (contribution: 0.0649)","Meta Intensifier Count = 0.0 (contribution: -0.0648);
Meta Has Negator = 0.0 (contribution: -0.0525);
Enhanced VADER Compound = 0.8164 (contribution: -0.0186);
Enhanced SVM Neu = 0.3821 (contribution: -0.0152);
Enhanced NB Neg = 0.295 (contribution: -0.0144)","The meta SVM predicted 'pos' mainly because the strongest supporting signals came from RoBERTa. The top supporting features were Enhanced RoBERTa Pos, Enhanced RoBERTa Neg, Enhanced SVM Pos, Meta Has Intensifier, Enhanced VADER Pos. The main opposing signal was Meta Intensifier Count."
172,correct,As close to blu-ray as you can get!,pos,pos,0.4724,0.0768,RoBERTa,"Enhanced RoBERTa Neg = 0.0272 (contribution: 0.2728);
Enhanced RoBERTa Pos = 0.4666 (contribution: 0.106);
Meta Has Intensifier = 0.0 (contribution: 0.0671);
Meta Has Contrast = 0.0 (contribution: 0.0636);
Enhanced SVM Pos = 0.4702 (contribution: 0.0633)","Meta Intensifier Count = 0.0 (contribution: -0.0648);
Enhanced RoBERTa Neu = 0.5061 (contribution: -0.055);
Meta Has Negator = 0.0 (contribution: -0.0525);
Enhanced VADER Pos = 0.0 (contribution: -0.0426);
Enhanced VADER Neu = 1.0 (contribution: -0.0301)","The meta SVM predicted 'pos' mainly because the strongest supporting signals came from RoBERTa. The top supporting features were Enhanced RoBERTa Neg, Enhanced RoBERTa Pos, Meta Has Intensifier, Meta Has Contrast, Enhanced SVM Pos. The main opposing signal was Meta Intensifier Count."
173,correct,"If you find this review to be helpful, please click ""helpful"" on the bottom.It's not a bad dress. But for the price, there are better dresses out there.What I didn't like about this dress is that the material is very scratchy. I'm 5'8, 150lbs 38DD and instead of being flattering, this dress will make you look somewhat pregnant.The print from far looks great, but close up, looks cheat and really bad.",neu,neu,0.474,0.0232,Polarity Shift Features,"Meta Has Diminisher = 1.0 (contribution: 0.1828);
Meta Has Intensifier = 1.0 (contribution: 0.1399);
Enhanced VADER Compound = 0.8719 (contribution: 0.1267);
Meta Has Contrast = 1.0 (contribution: 0.091);
Meta Pos Phrase Count = 0.0 (contribution: 0.0789)","Meta Intensifier Count = 2.0 (contribution: -0.196);
Enhanced NB Neg = 0.5714 (contribution: -0.0776);
Meta Has Pos Phrase = 0.0 (contribution: -0.0692);
Meta Has Neg Phrase = 0.0 (contribution: -0.055);
Enhanced NB Neu = 0.2204 (contribution: -0.0413)","The meta SVM predicted 'neu' mainly because the strongest supporting signals came from Polarity Shift Features. The top supporting features were Meta Has Diminisher, Meta Has Intensifier, Enhanced VADER Compound, Meta Has Contrast, Meta Pos Phrase Count. The main opposing signal was Meta Intensifier Count."
175,correct,Best router and all-in-one device for home networking,pos,pos,0.6386,0.5037,RoBERTa,"Enhanced RoBERTa Pos = 0.8436 (contribution: 0.4287);
Enhanced RoBERTa Neg = 0.0052 (contribution: 0.2914);
Meta Has Intensifier = 0.0 (contribution: 0.0671);
Meta Has Contrast = 0.0 (contribution: 0.0636);
Enhanced VADER Pos = 0.375 (contribution: 0.0516)","Meta Intensifier Count = 0.0 (contribution: -0.0648);
Meta Has Negator = 0.0 (contribution: -0.0525);
Enhanced NB Neg = 0.2359 (contribution: -0.0327);
Enhanced VADER Compound = 0.6369 (contribution: -0.0124);
Meta Diminisher Count = 0.0 (contribution: -0.0115)","The meta SVM predicted 'pos' mainly because the strongest supporting signals came from RoBERTa. The top supporting features were Enhanced RoBERTa Pos, Enhanced RoBERTa Neg, Meta Has Intensifier, Meta Has Contrast, Enhanced VADER Pos. The main opposing signal was Meta Intensifier Count."
177,correct,"Nice fit, comfortable, cute.",pos,pos,0.7163,0.7556,RoBERTa,"Enhanced RoBERTa Pos = 0.882 (contribution: 0.4616);
Enhanced RoBERTa Neg = 0.0092 (contribution: 0.288);
Enhanced VADER Pos = 1.0 (contribution: 0.2085);
Enhanced VADER Neu = 0.0 (contribution: 0.0915);
Meta Has Intensifier = 0.0 (contribution: 0.0671)","Meta Intensifier Count = 0.0 (contribution: -0.0648);
Enhanced NB Neg = 0.1389 (contribution: -0.0628);
Meta Has Negator = 0.0 (contribution: -0.0525);
Enhanced NB Neu = 0.4427 (contribution: -0.0232);
Enhanced VADER Compound = 0.891 (contribution: -0.0212)","The meta SVM predicted 'pos' mainly because the strongest supporting signals came from RoBERTa. The top supporting features were Enhanced RoBERTa Pos, Enhanced RoBERTa Neg, Enhanced VADER Pos, Enhanced VADER Neu, Meta Has Intensifier. The main opposing signal was Meta Intensifier Count."
178,correct,"This product is bad, do not buy",neg,neg,0.7253,0.7499,RoBERTa,"Enhanced RoBERTa Neg = 0.9254 (contribution: 0.512);
Enhanced RoBERTa Pos = 0.0116 (contribution: 0.2258);
Enhanced VADER Compound = -0.5423 (contribution: 0.1595);
Enhanced RoBERTa Neu = 0.0631 (contribution: 0.1219);
Meta Has Pos Phrase = 0.0 (contribution: 0.0578)","Meta Has Negator = 1.0 (contribution: -0.0851);
Meta Pos Phrase Count = 0.0 (contribution: -0.0507);
Enhanced VADER Neg = 0.368 (contribution: -0.0421);
Meta Neg Phrase Count = 0.0 (contribution: -0.0339);
Enhanced VADER Neu = 0.632 (contribution: -0.0161)","The meta SVM predicted 'neg' mainly because the strongest supporting signals came from RoBERTa. The top supporting features were Enhanced RoBERTa Neg, Enhanced RoBERTa Pos, Enhanced VADER Compound, Enhanced RoBERTa Neu, Meta Has Pos Phrase. The main opposing signal was Meta Has Negator."
181,correct,"Both the jersey and the shorts have a tight rubbery substance that feels like a rubber band against your arms and legs. Other kits that I have purchased didn't have it and I don't particularly like it. However, it may not bother some. Just not for me. Other than that, the product looks like it is good quality. I decided to return mine and try another product.",neu,neu,0.4269,-0.0256,RoBERTa,"Enhanced RoBERTa Neu = 0.4549 (contribution: 0.1449);
Enhanced VADER Compound = 0.8869 (contribution: 0.1299);
Meta Has Contrast = 1.0 (contribution: 0.091);
Meta Pos Phrase Count = 0.0 (contribution: 0.0789);
Meta Intensifier Count = 0.0 (contribution: 0.0737)","Meta Negator Count = 4.0 (contribution: -0.0771);
Meta Has Intensifier = 0.0 (contribution: -0.0742);
Enhanced NB Neg = 0.5597 (contribution: -0.0737);
Meta Has Pos Phrase = 0.0 (contribution: -0.0692);
Meta Has Neg Phrase = 0.0 (contribution: -0.055)","The meta SVM predicted 'neu' mainly because the strongest supporting signals came from RoBERTa. The top supporting features were Enhanced RoBERTa Neu, Enhanced VADER Compound, Meta Has Contrast, Meta Pos Phrase Count, Meta Intensifier Count. The main opposing signal was Meta Negator Count."
183,correct,There is no way that I paying $19 for a Kindle book that was originally published in the 50's. What an outrage by the publisher. Ms. Rand's estate should really negotiate with a new publisher.,neg,neg,0.6392,0.5031,RoBERTa,"Enhanced RoBERTa Neg = 0.7946 (contribution: 0.3955);
Enhanced RoBERTa Pos = 0.0133 (contribution: 0.2247);
Enhanced VADER Compound = -0.6705 (contribution: 0.1844);
Meta Has Pos Phrase = 0.0 (contribution: 0.0578);
Enhanced RoBERTa Neu = 0.1922 (contribution: 0.0573)","Meta Has Negator = 1.0 (contribution: -0.0851);
Meta Pos Phrase Count = 0.0 (contribution: -0.0507);
Meta Neg Phrase Count = 0.0 (contribution: -0.0339);
Meta Has Intensifier = 1.0 (contribution: -0.0245);
Meta Negator Count = 1.0 (contribution: -0.0114)","The meta SVM predicted 'neg' mainly because the strongest supporting signals came from RoBERTa. The top supporting features were Enhanced RoBERTa Neg, Enhanced RoBERTa Pos, Enhanced VADER Compound, Meta Has Pos Phrase, Enhanced RoBERTa Neu. The main opposing signal was Meta Has Negator."
187,correct,Does ths job,neu,neu,0.3602,-0.2342,RoBERTa,"Enhanced RoBERTa Neu = 0.6109 (contribution: 0.2977);
Meta Pos Phrase Count = 0.0 (contribution: 0.0789);
Meta Intensifier Count = 0.0 (contribution: 0.0737);
Meta Neg Phrase Count = 0.0 (contribution: 0.0509);
Enhanced NB Neu = 0.5023 (contribution: 0.0475)","Meta Has Contrast = 0.0 (contribution: -0.0765);
Meta Has Intensifier = 0.0 (contribution: -0.0742);
Meta Has Pos Phrase = 0.0 (contribution: -0.0692);
Meta Has Negator = 0.0 (contribution: -0.064);
Enhanced VADER Compound = 0.0 (contribution: -0.06)","The meta SVM predicted 'neu' mainly because the strongest supporting signals came from RoBERTa. The top supporting features were Enhanced RoBERTa Neu, Meta Pos Phrase Count, Meta Intensifier Count, Meta Neg Phrase Count, Enhanced NB Neu. The main opposing signal was Meta Has Contrast."
188,correct,It didn't last long. I would expect it to last for 2 yrs at least with normal wear and tear.,neg,neg,0.5132,0.1809,RoBERTa,"Meta Neg Phrase Count = 1.0 (contribution: 0.2564);
Enhanced RoBERTa Neg = 0.6072 (contribution: 0.2286);
Enhanced RoBERTa Pos = 0.0284 (contribution: 0.2143);
Enhanced VADER Compound = -0.5423 (contribution: 0.1595);
Meta Has Pos Phrase = 0.0 (contribution: 0.0578)","Meta Has Neg Phrase = 1.0 (contribution: -0.3287);
Meta Has Negator = 1.0 (contribution: -0.0851);
Meta Pos Phrase Count = 0.0 (contribution: -0.0507);
Enhanced RoBERTa Neu = 0.3644 (contribution: -0.0288);
Meta Intensifier Count = 0.0 (contribution: -0.0151)","The meta SVM predicted 'neg' mainly because the strongest supporting signals came from RoBERTa. The top supporting features were Meta Neg Phrase Count, Enhanced RoBERTa Neg, Enhanced RoBERTa Pos, Enhanced VADER Compound, Meta Has Pos Phrase. The main opposing signal was Meta Has Neg Phrase."
189,correct,"I was bitterly disappointed with this book. After waiting so long to read it, it seemed to be a rush effort by an otherwise good author. It seems that Harris has been pressured into writing this sequel and unfortunately as it is often said some things are better left alone. Who didn't wonder in amazement as Lecter walked off towards his next victim at the end of Silence of the Lambs. However, the major problem here is what could have been an explosive book, will fail to satisfy. I will not give away the ending but it will be said that the words weak and pathetic spring to mind. As I did, you will wonder why you stayed up all night to find that in the last 100 pages explosive has turned out to be nothing but a fizzle. Harris has proven himself in the past with his other books but I would give this one a real wide birth unless you a huge fan. Dont expect to hear any screaming lambs in this one. If they are screaming it is in pain knowing that the much anticipated sequel just did not do them any justice.",neg,neg,0.6242,0.4989,RoBERTa,"Enhanced RoBERTa Neg = 0.7751 (contribution: 0.3782);
Enhanced VADER Compound = -0.9518 (contribution: 0.239);
Enhanced RoBERTa Pos = 0.0143 (contribution: 0.224);
Meta Negator Count = 4.0 (contribution: 0.0977);
Meta Has Pos Phrase = 0.0 (contribution: 0.0578)","Meta Has Negator = 1.0 (contribution: -0.0851);
Meta Contrast Count = 4.0 (contribution: -0.074);
Meta Pos Phrase Count = 0.0 (contribution: -0.0507);
Meta Neg Phrase Count = 0.0 (contribution: -0.0339);
Meta Has Contrast = 1.0 (contribution: -0.0226)","The meta SVM predicted 'neg' mainly because the strongest supporting signals came from RoBERTa. The top supporting features were Enhanced RoBERTa Neg, Enhanced VADER Compound, Enhanced RoBERTa Pos, Meta Negator Count, Meta Has Pos Phrase. The main opposing signal was Meta Has Negator."
191,correct,these are not cotton! they are scratchy and NOT cotton at all. :(,neg,neg,0.7352,0.7809,RoBERTa,"Enhanced RoBERTa Neg = 0.9215 (contribution: 0.5086);
Enhanced RoBERTa Pos = 0.007 (contribution: 0.229);
Enhanced VADER Compound = -0.7177 (contribution: 0.1935);
Enhanced RoBERTa Neu = 0.0716 (contribution: 0.1177);
Meta Has Pos Phrase = 0.0 (contribution: 0.0578)","Meta Has Negator = 1.0 (contribution: -0.0851);
Meta Pos Phrase Count = 0.0 (contribution: -0.0507);
Enhanced VADER Neg = 0.353 (contribution: -0.0399);
Meta Neg Phrase Count = 0.0 (contribution: -0.0339);
Meta Intensifier Count = 0.0 (contribution: -0.0151)","The meta SVM predicted 'neg' mainly because the strongest supporting signals came from RoBERTa. The top supporting features were Enhanced RoBERTa Neg, Enhanced RoBERTa Pos, Enhanced VADER Compound, Enhanced RoBERTa Neu, Meta Has Pos Phrase. The main opposing signal was Meta Has Negator."
192,correct,Works as described. It's thick but pliable and feels like it's made well,pos,pos,0.5725,0.3323,RoBERTa,"Enhanced RoBERTa Pos = 0.832 (contribution: 0.4187);
Enhanced RoBERTa Neg = 0.0081 (contribution: 0.2889);
Enhanced SVM Pos = 0.489 (contribution: 0.0708);
Meta Has Intensifier = 0.0 (contribution: 0.0671);
Enhanced VADER Pos = 0.349 (contribution: 0.045)","Meta Has Contrast = 1.0 (contribution: -0.0756);
Meta Intensifier Count = 0.0 (contribution: -0.0648);
Enhanced NB Neg = 0.1666 (contribution: -0.0542);
Meta Has Negator = 0.0 (contribution: -0.0525);
Enhanced VADER Compound = 0.7096 (contribution: -0.0149)","The meta SVM predicted 'pos' mainly because the strongest supporting signals came from RoBERTa. The top supporting features were Enhanced RoBERTa Pos, Enhanced RoBERTa Neg, Enhanced SVM Pos, Meta Has Intensifier, Enhanced VADER Pos. The main opposing signal was Meta Has Contrast."
193,correct,"This book has more heart, warmth, and originality than any book I have read in quite a while. I read Labyrinth of Chaos in late 2001, while on a trip, and I could not put it down. This is fiction in the tradition of Walt Whitman, a novel of the open road, and the the product of a generous and open spirit.Labyrinth of Chaos is the story of a trip taken by a young American named Alan Agrippa, through Great Britain. Agrippa is the classic young traveler, enjoying everything, meeting people, drinking in new experiences, trying to get the most of his time overseas. Agrippa is an open-minded, positive person, and I don't think he has a cross word for anyone throughout the book. I remember thinking, as I closed this book, ""There was not a single example of anger or negativity in this book,"" which is quite remarkable for a three-hundred page novel.There's not much plot to Labyrinth of Chaos, other than Alan's relationship with a French girl named Ronia. It's a ""picaresque,"" a novel in which the main plot is simply the accumulation of interesting experiences. We are treated to a detailed account of Agrippa's adventures -- his trips through city streets, museums, coffee shops, and conversations with wise scientists and philosophers and fellow hipsters.The core of the novel is found in Alan's reflections on the intersection of mysticism, psychology, physics, and the structure of the universe. He discusses his ideas with Ronia and other characters, giving the novel an interesting flavor as a ""novel of ideas.""Some might say that some dialogue and descriptions in this book are a little stilted -- but to dwell on that issue is to miss the point. This is a book that says ""come join me on this adventure of life and ideas and self-creation,"" and to truly follow him you would have to follow your own passions and create your own work of art. Wallace doesn't indulge in the vice of so many fiction writers these days, who try to awe or intimidate their readers with long, pseudo-technical passages and footnotes that show off their questionable erudition or knowledge of trivia. The attitude of those writers is a deadening one, rigid, self-obsessed and closed-off -- ""You can't do this"" -- the very opposite of the Whitmanesque spirit in literature. Whitman, and Brian Wallace, tell you you can. And you should.If you enjoyed Labyrinth of Chaos, I would suggest another book that it reminded me of: Andre Vandenbroeck's ""Breaking Through: The Narrative of the Great Work"" (the story of an Italian filmmaker who is pursuing connections between science and spirit by investigating Paleolithic culture in Spain).",pos,pos,0.5192,0.1787,RoBERTa,"Enhanced RoBERTa Pos = 0.8407 (contribution: 0.4262);
Enhanced RoBERTa Neg = 0.0053 (contribution: 0.2913);
Enhanced SVM Pos = 0.458 (contribution: 0.0585);
Meta Intensifier Count = 1.0 (contribution: 0.0537);
Enhanced RoBERTa Neu = 0.1539 (contribution: 0.0422)","Meta Has Intensifier = 1.0 (contribution: -0.1264);
Meta Has Contrast = 1.0 (contribution: -0.0756);
Meta Negator Count = 6.0 (contribution: -0.0727);
Enhanced NB Neg = 0.2373 (contribution: -0.0323);
Enhanced VADER Compound = 0.986 (contribution: -0.0245)","The meta SVM predicted 'pos' mainly because the strongest supporting signals came from RoBERTa. The top supporting features were Enhanced RoBERTa Pos, Enhanced RoBERTa Neg, Enhanced SVM Pos, Meta Intensifier Count, Enhanced RoBERTa Neu. The main opposing signal was Meta Has Intensifier."
194,correct,"bought them, they LOOK sturdy as all get out...double zippers (these are pretty bad, won't lie), filled them up with sand at the beach behind my house, they were nice and heavy, and i assumed sturdy. we have a little ladderball game for the yard, and used these to weigh the stands down (i'm actually a photographer and these are going to be used to weigh down the boom stands in my studio, but they were in the car lol). i dropped one of the sandbags from no less than 2 feet, onto soft grass mind you, and BOOM. huge split in them. look. for the price they're fine. just be aware they're not heavy canvas bags. they're this cheapy-vinyl material that will definitely split if they fall or you drop them from any more than a foot or so. so be careful. i'll patch mine with gaffers tape.",neu,neu,0.4825,0.0882,RoBERTa,"Enhanced RoBERTa Neu = 0.5324 (contribution: 0.2209);
Enhanced VADER Compound = 0.9147 (contribution: 0.1359);
Meta Has Contrast = 1.0 (contribution: 0.091);
Meta Pos Phrase Count = 0.0 (contribution: 0.0789);
Meta Intensifier Count = 0.0 (contribution: 0.0737)","Meta Has Intensifier = 0.0 (contribution: -0.0742);
Meta Has Pos Phrase = 0.0 (contribution: -0.0692);
Meta Has Neg Phrase = 0.0 (contribution: -0.055);
Meta Negator Count = 3.0 (contribution: -0.0484);
Enhanced NB Neu = 0.2486 (contribution: -0.0324)","The meta SVM predicted 'neu' mainly because the strongest supporting signals came from RoBERTa. The top supporting features were Enhanced RoBERTa Neu, Enhanced VADER Compound, Meta Has Contrast, Meta Pos Phrase Count, Meta Intensifier Count. The main opposing signal was Meta Has Intensifier."
195,correct,"The title definitely perked my interest. What did jewels and the Afghanistan war have in common? I soon discovered the surprising connection. Has intrigue, adventure and suspense with the result that I couldn't put the book down until completely reading it from cover to cover in one sitting.When does the movie come out?",pos,pos,0.6263,0.4925,RoBERTa,"Enhanced RoBERTa Pos = 0.8087 (contribution: 0.3988);
Enhanced RoBERTa Neg = 0.0107 (contribution: 0.2867);
Meta Has Contrast = 0.0 (contribution: 0.0636);
Meta Intensifier Count = 1.0 (contribution: 0.0537);
Meta Has Negator = 1.0 (contribution: 0.0407)","Meta Has Intensifier = 1.0 (contribution: -0.1264);
Enhanced VADER Compound = 0.8205 (contribution: -0.0187);
Meta Diminisher Count = 0.0 (contribution: -0.0115);
Meta Pos Phrase Count = 0.0 (contribution: -0.0095);
Meta Neg Phrase Count = 0.0 (contribution: -0.0028)","The meta SVM predicted 'pos' mainly because the strongest supporting signals came from RoBERTa. The top supporting features were Enhanced RoBERTa Pos, Enhanced RoBERTa Neg, Meta Has Contrast, Meta Intensifier Count, Meta Has Negator. The main opposing signal was Meta Has Intensifier."
196,correct,Working out,neu,neu,0.3529,-0.2465,RoBERTa,"Enhanced RoBERTa Neu = 0.6536 (contribution: 0.3395);
Meta Pos Phrase Count = 0.0 (contribution: 0.0789);
Meta Intensifier Count = 0.0 (contribution: 0.0737);
Meta Neg Phrase Count = 0.0 (contribution: 0.0509);
Meta Negator Count = 0.0 (contribution: 0.0377)","Meta Has Contrast = 0.0 (contribution: -0.0765);
Enhanced SVM Neu = 0.2102 (contribution: -0.0761);
Meta Has Intensifier = 0.0 (contribution: -0.0742);
Meta Has Pos Phrase = 0.0 (contribution: -0.0692);
Meta Has Negator = 0.0 (contribution: -0.064)","The meta SVM predicted 'neu' mainly because the strongest supporting signals came from RoBERTa. The top supporting features were Enhanced RoBERTa Neu, Meta Pos Phrase Count, Meta Intensifier Count, Meta Neg Phrase Count, Meta Negator Count. The main opposing signal was Meta Has Contrast."
197,correct,"Wanted a Linksys/Cisco -n device with good reviews for future expandability but did not see any under $100 devices so went with old standby WRT54GL. Great reception, easy install for basic sharing of clearwire with two PCs - one connected by cable & the other wireless.",pos,pos,0.5511,0.3152,RoBERTa,"Enhanced RoBERTa Pos = 0.8131 (contribution: 0.4025);
Enhanced RoBERTa Neg = 0.0106 (contribution: 0.2868);
Meta Has Intensifier = 0.0 (contribution: 0.0671);
Meta Has Negator = 1.0 (contribution: 0.0407);
Enhanced RoBERTa Neu = 0.1763 (contribution: 0.036)","Meta Has Contrast = 1.0 (contribution: -0.0756);
Meta Intensifier Count = 0.0 (contribution: -0.0648);
Enhanced VADER Compound = 0.9446 (contribution: -0.0231);
Enhanced SVM Neu = 0.3873 (contribution: -0.0177);
Enhanced NB Neu = 0.4049 (contribution: -0.0136)","The meta SVM predicted 'pos' mainly because the strongest supporting signals came from RoBERTa. The top supporting features were Enhanced RoBERTa Pos, Enhanced RoBERTa Neg, Meta Has Intensifier, Meta Has Negator, Enhanced RoBERTa Neu. The main opposing signal was Meta Has Contrast."
198,correct,Bed connection,neu,neu,0.3653,-0.2189,RoBERTa,"Enhanced RoBERTa Neu = 0.6165 (contribution: 0.3031);
Meta Pos Phrase Count = 0.0 (contribution: 0.0789);
Meta Intensifier Count = 0.0 (contribution: 0.0737);
Meta Neg Phrase Count = 0.0 (contribution: 0.0509);
Meta Negator Count = 0.0 (contribution: 0.0377)","Meta Has Contrast = 0.0 (contribution: -0.0765);
Meta Has Intensifier = 0.0 (contribution: -0.0742);
Meta Has Pos Phrase = 0.0 (contribution: -0.0692);
Meta Has Negator = 0.0 (contribution: -0.064);
Enhanced VADER Compound = 0.0 (contribution: -0.06)","The meta SVM predicted 'neu' mainly because the strongest supporting signals came from RoBERTa. The top supporting features were Enhanced RoBERTa Neu, Meta Pos Phrase Count, Meta Intensifier Count, Meta Neg Phrase Count, Meta Negator Count. The main opposing signal was Meta Has Contrast."
199,correct,Toe seam,neg,neg,0.3725,-0.1941,Polarity Shift Features,"Enhanced RoBERTa Pos = 0.1554 (contribution: 0.1278);
Meta Has Negator = 0.0 (contribution: 0.1097);
Meta Has Pos Phrase = 0.0 (contribution: 0.0578);
Enhanced VADER Compound = 0.0 (contribution: 0.0543);
Meta Has Neg Phrase = 0.0 (contribution: 0.0386)","Enhanced RoBERTa Neu = 0.5953 (contribution: -0.1443);
Enhanced RoBERTa Neg = 0.2493 (contribution: -0.0901);
Meta Pos Phrase Count = 0.0 (contribution: -0.0507);
Meta Negator Count = 0.0 (contribution: -0.0478);
Meta Neg Phrase Count = 0.0 (contribution: -0.0339)","The meta SVM predicted 'neg' mainly because the strongest supporting signals came from Polarity Shift Features. The top supporting features were Enhanced RoBERTa Pos, Meta Has Negator, Meta Has Pos Phrase, Enhanced VADER Compound, Meta Has Neg Phrase. The main opposing signal was Enhanced RoBERTa Neu."
