row_index,prediction_result,review_text,true_sentiment,predicted_sentiment,prediction_confidence,strongest_individual_feature,strongest_feature_group,top_supporting_features,top_opposing_features,explanation
0,correct,They aren't as warm or water resistant as I would have like given they are advertised as waterproof.,neu,neu,0.5695,Base RoBERTa Neg,RoBERTa,"Base RoBERTa Neg = 0.2959 (SHAP contribution: 0.036);
Base RoBERTa Pos = 0.0807 (SHAP contribution: 0.0302);
Base NB Pos = 0.2787 (SHAP contribution: 0.0279);
Base SVM Neu = 0.3966 (SHAP contribution: 0.0268);
Base RoBERTa Neu = 0.6234 (SHAP contribution: 0.0259)",Base SVM Pos = 0.3423 (SHAP contribution: -0.0003),"The meta Random Forest predicted 'neu' mainly because the strongest individual supporting feature was Base RoBERTa Neg, while the strongest overall feature group was RoBERTa. The top supporting features were Base RoBERTa Neg, Base RoBERTa Pos, Base NB Pos, Base SVM Neu, Base RoBERTa Neu. The main opposing signal was Base SVM Pos."
1,correct,Pins bend too easily,neg,neg,0.5724,Base RoBERTa Pos,RoBERTa,"Base RoBERTa Pos = 0.0225 (SHAP contribution: 0.1353);
Base RoBERTa Neg = 0.7283 (SHAP contribution: 0.1326);
Base RoBERTa Neu = 0.2492 (SHAP contribution: 0.0296);
Base SVM Neg = 0.3638 (SHAP contribution: 0.0138);
Base SVM Pos = 0.3093 (SHAP contribution: 0.0102)","Base VADER Pos = 0.444 (SHAP contribution: -0.028);
Base VADER Compound = 0.34 (SHAP contribution: -0.026);
Base NB Neg = 0.295 (SHAP contribution: -0.0193);
Base NB Neu = 0.4347 (SHAP contribution: -0.0167);
Base NB Pos = 0.2703 (SHAP contribution: -0.0071)","The meta Random Forest predicted 'neg' mainly because the strongest individual supporting feature was Base RoBERTa Pos, while the strongest overall feature group was RoBERTa. The top supporting features were Base RoBERTa Pos, Base RoBERTa Neg, Base RoBERTa Neu, Base SVM Neg, Base SVM Pos. The main opposing signal was Base VADER Pos."
5,correct,"I buy a lot of stuff on Amazon and I'd say this is one of cheapest quality items I've seen. I got this for my daughter and although she likes it, I feel it's very poor quality.I don't expect this garment to last more than a month , very disappointing. 100%polyester",neg,neg,0.7381,Base RoBERTa Neg,RoBERTa,"Base RoBERTa Neg = 0.9056 (SHAP contribution: 0.1602);
Base RoBERTa Pos = 0.0071 (SHAP contribution: 0.1473);
Base VADER Compound = -0.5245 (SHAP contribution: 0.0465);
Base RoBERTa Neu = 0.0872 (SHAP contribution: 0.042);
Base NB Neg = 0.4907 (SHAP contribution: 0.0195)","Base SVM Pos = 0.3901 (SHAP contribution: -0.0297);
Base NB Pos = 0.2702 (SHAP contribution: -0.0099);
Base SVM Neg = 0.3334 (SHAP contribution: -0.0026);
Base SVM Neu = 0.2764 (SHAP contribution: -0.0016);
Base VADER Neu = 0.783 (SHAP contribution: -0.0012)","The meta Random Forest predicted 'neg' mainly because the strongest individual supporting feature was Base RoBERTa Neg, while the strongest overall feature group was RoBERTa. The top supporting features were Base RoBERTa Neg, Base RoBERTa Pos, Base VADER Compound, Base RoBERTa Neu, Base NB Neg. The main opposing signal was Base SVM Pos."
6,correct,I have the highest respect for the nations highest award. Very good program about the medal of honor and I would recommend it highly.,pos,pos,0.9537,Base RoBERTa Neg,RoBERTa,"Base RoBERTa Neg = 0.004 (SHAP contribution: 0.1973);
Base RoBERTa Pos = 0.9476 (SHAP contribution: 0.1827);
Base RoBERTa Neu = 0.0484 (SHAP contribution: 0.0487);
Base NB Pos = 0.587 (SHAP contribution: 0.0458);
Base SVM Pos = 0.3878 (SHAP contribution: 0.0329)",None,"The meta Random Forest predicted 'pos' mainly because the strongest individual supporting feature was Base RoBERTa Neg, while the strongest overall feature group was RoBERTa. The top supporting features were Base RoBERTa Neg, Base RoBERTa Pos, Base RoBERTa Neu, Base NB Pos, Base SVM Pos. The main opposing signal was no strong opposing signal."
7,correct,Great case for the price! Stunning tempered glass panels really make it a showpiece.,pos,pos,0.9478,Base RoBERTa Neg,RoBERTa,"Base RoBERTa Neg = 0.0043 (SHAP contribution: 0.2005);
Base RoBERTa Pos = 0.9586 (SHAP contribution: 0.1787);
Base RoBERTa Neu = 0.0371 (SHAP contribution: 0.052);
Base NB Pos = 0.5796 (SHAP contribution: 0.0442);
Base VADER Compound = 0.7901 (SHAP contribution: 0.0347)",None,"The meta Random Forest predicted 'pos' mainly because the strongest individual supporting feature was Base RoBERTa Neg, while the strongest overall feature group was RoBERTa. The top supporting features were Base RoBERTa Neg, Base RoBERTa Pos, Base RoBERTa Neu, Base NB Pos, Base VADER Compound. The main opposing signal was no strong opposing signal."
9,correct,They are ok. I got the wrong size somehow. Also they are made out of cheap material. I will wear them but I bought a different pair on amazon for a little more money that was definitely worth it.,neu,neu,0.5691,Base RoBERTa Neg,RoBERTa,"Base RoBERTa Neg = 0.1094 (SHAP contribution: 0.0667);
Base RoBERTa Neu = 0.486 (SHAP contribution: 0.0532);
Base RoBERTa Pos = 0.4046 (SHAP contribution: 0.0527);
Base VADER Compound = 0.7579 (SHAP contribution: 0.0405);
Base VADER Neg = 0.05 (SHAP contribution: 0.0259)","Base NB Neu = 0.2672 (SHAP contribution: -0.0382);
Base SVM Neu = 0.3233 (SHAP contribution: -0.0378)","The meta Random Forest predicted 'neu' mainly because the strongest individual supporting feature was Base RoBERTa Neg, while the strongest overall feature group was RoBERTa. The top supporting features were Base RoBERTa Neg, Base RoBERTa Neu, Base RoBERTa Pos, Base VADER Compound, Base VADER Neg. The main opposing signal was Base NB Neu."
10,correct,Very good strap works as stated,pos,pos,0.8988,Base RoBERTa Neg,RoBERTa,"Base RoBERTa Neg = 0.0116 (SHAP contribution: 0.1893);
Base RoBERTa Pos = 0.8481 (SHAP contribution: 0.1785);
Base RoBERTa Neu = 0.1402 (SHAP contribution: 0.0569);
Base NB Pos = 0.4631 (SHAP contribution: 0.0499);
Base SVM Pos = 0.3553 (SHAP contribution: 0.032)","Base SVM Neu = 0.3704 (SHAP contribution: -0.023);
Base NB Neu = 0.318 (SHAP contribution: -0.0039)","The meta Random Forest predicted 'pos' mainly because the strongest individual supporting feature was Base RoBERTa Neg, while the strongest overall feature group was RoBERTa. The top supporting features were Base RoBERTa Neg, Base RoBERTa Pos, Base RoBERTa Neu, Base NB Pos, Base SVM Pos. The main opposing signal was Base SVM Neu."
11,correct,I did not the length to long.,neu,neu,0.4557,Base SVM Neu,RoBERTa,"Base SVM Neu = 0.3823 (SHAP contribution: 0.0403);
Base RoBERTa Pos = 0.0986 (SHAP contribution: 0.0375);
Base NB Neg = 0.3608 (SHAP contribution: 0.0264);
Base SVM Neg = 0.3149 (SHAP contribution: 0.021);
Base RoBERTa Neu = 0.5396 (SHAP contribution: 0.0176)","Base VADER Compound = 0.0 (SHAP contribution: -0.0414);
Base VADER Pos = 0.0 (SHAP contribution: -0.0226);
Base VADER Neu = 1.0 (SHAP contribution: -0.0124);
Base VADER Neg = 0.0 (SHAP contribution: -0.0066)","The meta Random Forest predicted 'neu' mainly because the strongest individual supporting feature was Base SVM Neu, while the strongest overall feature group was RoBERTa. The top supporting features were Base SVM Neu, Base RoBERTa Pos, Base NB Neg, Base SVM Neg, Base RoBERTa Neu. The main opposing signal was Base VADER Compound."
13,correct,"This book was absolutely the most boring book I've ever read! The sisters take up about 20 pages just explaining who's who in their family, which was just about the most unbelievably dull experience I've ever had reading. Also, they always manage to sound like they were and are perfect people. It's a great premise for a book, but the story is lost when Bessie and Sadie only speak of what great things they did, and not of what the blacks of that time period did. I love Black History, but this book was an extreme disappointment to me. I'd rather read a school textbook than this book.",neg,neg,0.6665,Base RoBERTa Neg,RoBERTa,"Base RoBERTa Neg = 0.8908 (SHAP contribution: 0.185);
Base RoBERTa Pos = 0.0093 (SHAP contribution: 0.1778);
Base RoBERTa Neu = 0.0999 (SHAP contribution: 0.0541);
Base NB Neu = 0.2392 (SHAP contribution: 0.0174);
Base VADER Neg = 0.092 (SHAP contribution: 0.0047)","Base SVM Pos = 0.4609 (SHAP contribution: -0.0349);
Base VADER Compound = 0.8372 (SHAP contribution: -0.0316);
Base NB Pos = 0.5634 (SHAP contribution: -0.016);
Base SVM Neg = 0.1407 (SHAP contribution: -0.0125);
Base NB Neg = 0.1974 (SHAP contribution: -0.0117)","The meta Random Forest predicted 'neg' mainly because the strongest individual supporting feature was Base RoBERTa Neg, while the strongest overall feature group was RoBERTa. The top supporting features were Base RoBERTa Neg, Base RoBERTa Pos, Base RoBERTa Neu, Base NB Neu, Base VADER Neg. The main opposing signal was Base SVM Pos."
14,correct,Much clearer than VHS-to-DVD-to-Digital,pos,pos,0.4076,Base RoBERTa Neg,RoBERTa,"Base RoBERTa Neg = 0.0611 (SHAP contribution: 0.0678);
Base RoBERTa Pos = 0.4096 (SHAP contribution: 0.0422);
Base SVM Neu = 0.326 (SHAP contribution: 0.0193);
Base VADER Neg = 0.0 (SHAP contribution: 0.014);
Base SVM Neg = 0.3363 (SHAP contribution: 0.0114)","Base VADER Compound = 0.0 (SHAP contribution: -0.0284);
Base VADER Pos = 0.0 (SHAP contribution: -0.0151);
Base SVM Pos = 0.3377 (SHAP contribution: -0.01);
Base NB Neu = 0.3782 (SHAP contribution: -0.0061);
Base NB Pos = 0.31 (SHAP contribution: -0.0052)","The meta Random Forest predicted 'pos' mainly because the strongest individual supporting feature was Base RoBERTa Neg, while the strongest overall feature group was RoBERTa. The top supporting features were Base RoBERTa Neg, Base RoBERTa Pos, Base SVM Neu, Base VADER Neg, Base SVM Neg. The main opposing signal was Base VADER Compound."
15,correct,ADAPTER IS NOT READY FOR PRIME TIME,neg,neg,0.8183,Base RoBERTa Pos,RoBERTa,"Base RoBERTa Pos = 0.0144 (SHAP contribution: 0.161);
Base RoBERTa Neg = 0.8343 (SHAP contribution: 0.1554);
Base RoBERTa Neu = 0.1513 (SHAP contribution: 0.0405);
Base VADER Compound = -0.2755 (SHAP contribution: 0.0389);
Base VADER Pos = 0.0 (SHAP contribution: 0.0271)",Base NB Pos = 0.2636 (SHAP contribution: -0.0053),"The meta Random Forest predicted 'neg' mainly because the strongest individual supporting feature was Base RoBERTa Pos, while the strongest overall feature group was RoBERTa. The top supporting features were Base RoBERTa Pos, Base RoBERTa Neg, Base RoBERTa Neu, Base VADER Compound, Base VADER Pos. The main opposing signal was Base NB Pos."
16,correct,"This is not a good FM antenna, but it is a very good amplifier. Meaning If the reception is weak, this antenna will not help. But if the reception is already strong, the sound quality will improve a lot.",neu,neu,0.5093,Base RoBERTa Neg,RoBERTa,"Base RoBERTa Neg = 0.1419 (SHAP contribution: 0.0618);
Base RoBERTa Pos = 0.3361 (SHAP contribution: 0.0555);
Base SVM Neu = 0.4055 (SHAP contribution: 0.043);
Base RoBERTa Neu = 0.522 (SHAP contribution: 0.0266);
Base SVM Neg = 0.3249 (SHAP contribution: 0.0124)","Base VADER Compound = -0.3069 (SHAP contribution: -0.0379);
Base VADER Neg = 0.232 (SHAP contribution: -0.0211);
Base VADER Neu = 0.602 (SHAP contribution: -0.0032)","The meta Random Forest predicted 'neu' mainly because the strongest individual supporting feature was Base RoBERTa Neg, while the strongest overall feature group was RoBERTa. The top supporting features were Base RoBERTa Neg, Base RoBERTa Pos, Base SVM Neu, Base RoBERTa Neu, Base SVM Neg. The main opposing signal was Base VADER Compound."
21,correct,fake and gay,neg,neg,0.7534,Base RoBERTa Neg,RoBERTa,"Base RoBERTa Neg = 0.8088 (SHAP contribution: 0.1396);
Base RoBERTa Pos = 0.0246 (SHAP contribution: 0.1175);
Base VADER Compound = -0.4767 (SHAP contribution: 0.0558);
Base RoBERTa Neu = 0.1666 (SHAP contribution: 0.0372);
Base VADER Pos = 0.0 (SHAP contribution: 0.0317)","Base NB Pos = 0.329 (SHAP contribution: -0.0128);
Base NB Neg = 0.3401 (SHAP contribution: -0.006);
Base SVM Neg = 0.3405 (SHAP contribution: -0.0042)","The meta Random Forest predicted 'neg' mainly because the strongest individual supporting feature was Base RoBERTa Neg, while the strongest overall feature group was RoBERTa. The top supporting features were Base RoBERTa Neg, Base RoBERTa Pos, Base VADER Compound, Base RoBERTa Neu, Base VADER Pos. The main opposing signal was Base NB Pos."
22,correct,".this book is NOT a dictionary of music notation>a dictionary would EXPLAIN all the notations used.this is a TYPESETTING GUIDE to writing down notation.it assumes you know the meaning of the notation already..it uses a number of terms that it does not explainsome of them are partially explained elsewhere if you know what entry to look under.but many of them you have to infer.wtf. this is supposed to explain all the terms not use the socratic method so i can perhaps infer the meanings..if you are going to hand write scores this book is of little use.if you are going to use software to print a score it is totally superfluous..incomplete!i was looking for a book to DEFINE the meaning of notations that i find in scores.it did NOT tell me what i needed to know..save your money. do not buy this tiny little 4 1/4 x 5 1/2 x 6/8' tome.there has to be better books about music notation that actually explain things..save your money. if you are printing scores you don't need it.finale or sibelius or most any scorewriter will automate it for you..a number of the explanations, such as they are, are incomprehensible.this book is too small, too short, too condensed, to tell me anything useful that i need to know..in short: useless waste of money -- do not buy this book..",neg,neg,0.4701,Base RoBERTa Pos,Naive Bayes,"Base RoBERTa Pos = 0.0462 (SHAP contribution: 0.0464);
Base NB Neg = 0.6136 (SHAP contribution: 0.0402);
Base NB Pos = 0.1607 (SHAP contribution: 0.0334);
Base RoBERTa Neg = 0.5106 (SHAP contribution: 0.0325);
Base NB Neu = 0.2257 (SHAP contribution: 0.0307)","Base VADER Compound = 0.6476 (SHAP contribution: -0.0441);
Base RoBERTa Neu = 0.4433 (SHAP contribution: -0.0371);
Base SVM Neu = 0.3586 (SHAP contribution: -0.0121);
Base VADER Neg = 0.025 (SHAP contribution: -0.0088);
Base VADER Neu = 0.921 (SHAP contribution: -0.0004)","The meta Random Forest predicted 'neg' mainly because the strongest individual supporting feature was Base RoBERTa Pos, while the strongest overall feature group was Naive Bayes. The top supporting features were Base RoBERTa Pos, Base NB Neg, Base NB Pos, Base RoBERTa Neg, Base NB Neu. The main opposing signal was Base VADER Compound."
23,correct,the cam too big,neg,neg,0.5422,Base VADER Compound,VADER,"Base VADER Compound = 0.0 (SHAP contribution: 0.0677);
Base RoBERTa Neg = 0.3942 (SHAP contribution: 0.0411);
Base VADER Pos = 0.0 (SHAP contribution: 0.0408);
Base RoBERTa Pos = 0.0774 (SHAP contribution: 0.0385);
Base SVM Neu = 0.3189 (SHAP contribution: 0.025)","Base RoBERTa Neu = 0.5284 (SHAP contribution: -0.0242);
Base NB Neg = 0.3679 (SHAP contribution: -0.0107);
Base NB Pos = 0.3021 (SHAP contribution: -0.0046);
Base NB Neu = 0.33 (SHAP contribution: -0.0019);
Base VADER Neg = 0.0 (SHAP contribution: -0.0003)","The meta Random Forest predicted 'neg' mainly because the strongest individual supporting feature was Base VADER Compound, while the strongest overall feature group was VADER. The top supporting features were Base VADER Compound, Base RoBERTa Neg, Base VADER Pos, Base RoBERTa Pos, Base SVM Neu. The main opposing signal was Base RoBERTa Neu."
24,correct,"The Cay by: Theodore TaylorThe main characters of the book are Timothy and Phillip. Timothy is a large black man that takes care of Phillip on the island. He is caring and hard working. He dies during a hurricane trying to protect Phillip. Phillip is a young boy who gets stranded on the island with Timothy. At first Phillip doesn't appreciate Timothy because he's black but soon he and Timothy become great friends.The plot of the story is about a young boy and an elderly man who get shipwrecked on an island. The young boy becomes blind shortly after the shipwreck. The young boy has to learn to become friends with the elderly black man. They end up becoming great friends learning new ways of surviving on the island.The setting of The Cay is on an island in the Caribbean during the time of World War II.The theme of the book is racism, life, faith, and survival.I liked The Cay because it teaches you that you can't judge someone by the color of their skin. Also it teaches you that it's okay to have disabilities because it doesn't stop people from doing things to be independent.",neu,neu,0.4561,Base RoBERTa Neg,RoBERTa,"Base RoBERTa Neg = 0.1887 (SHAP contribution: 0.063);
Base RoBERTa Neu = 0.6487 (SHAP contribution: 0.0402);
Base RoBERTa Pos = 0.1626 (SHAP contribution: 0.0384);
Base VADER Compound = 0.9723 (SHAP contribution: 0.0289);
Base VADER Neg = 0.075 (SHAP contribution: 0.0226)","Base NB Pos = 0.573 (SHAP contribution: -0.0421);
Base NB Neu = 0.2485 (SHAP contribution: -0.0322);
Base SVM Neu = 0.2872 (SHAP contribution: -0.0154);
Base NB Neg = 0.1785 (SHAP contribution: -0.0148);
Base SVM Neg = 0.3662 (SHAP contribution: -0.0033)","The meta Random Forest predicted 'neu' mainly because the strongest individual supporting feature was Base RoBERTa Neg, while the strongest overall feature group was RoBERTa. The top supporting features were Base RoBERTa Neg, Base RoBERTa Neu, Base RoBERTa Pos, Base VADER Compound, Base VADER Neg. The main opposing signal was Base NB Pos."
25,correct,"It was easy to put in my wife's new Alcatel phone, and it does its job.",pos,pos,0.9123,Base RoBERTa Neg,RoBERTa,"Base RoBERTa Neg = 0.0056 (SHAP contribution: 0.2034);
Base RoBERTa Pos = 0.9085 (SHAP contribution: 0.1859);
Base RoBERTa Neu = 0.086 (SHAP contribution: 0.0594);
Base NB Pos = 0.4986 (SHAP contribution: 0.0424);
Base SVM Pos = 0.3807 (SHAP contribution: 0.0257)",Base VADER Neu = 0.838 (SHAP contribution: -0.0083),"The meta Random Forest predicted 'pos' mainly because the strongest individual supporting feature was Base RoBERTa Neg, while the strongest overall feature group was RoBERTa. The top supporting features were Base RoBERTa Neg, Base RoBERTa Pos, Base RoBERTa Neu, Base NB Pos, Base SVM Pos. The main opposing signal was Base VADER Neu."
26,correct,"Thriller, edited by the ubiquitous James Patterson, is the first publication of the recently formed International Thriller Writers Inc. To publicise (and help fund) the ITW, Patterson has compiled a collection of thirty stories donated by well-known thriller writers, all using ""a familiar character or plotline"" from their novels.Unsurprisingly, the result is something of a mixed bag. Not all novelists are masters of the short story form, and many of these writers seem uncomfortable within its confines. Some of the stories skimp on characterization, and some on plot; some work well as stand-alones, but others rely too much on the readers' knowledge of characters and organizations from the writers' novels. That said, there are some gems inside.Patterson leads with one of the strongest stories: 'James Penney's New Identity', by Lee Child. Penney, a Vietnam vet, suffers from post-traumatic syndrome, and has been retrenched after seventeen years in the same job because of a poor attendance record. Going slightly crazy, he sets fire to his house before fleeing in his prized Firebird, but the fire spreads. Soon he's wanted for arson - and then, he encounters military cop Jack Reacher. It's a neat little tale, and all you need to know about Reacher for it to work is his idea of honour.J. A. Konrath's 'Epitaph' is less surprising, but it's a well-written and punchy story involving Phin Trout, one of the colourful sidekicks of Whiskey Sour's heroine ""Jack"" Daniels. In James Rollins's amusing and fast-paced 'Kowalski's in Love', Sigma Force's heroic but less-than-brilliant Joe Kowalski has to fight his way past booby traps and rabid baboons to loot a mad scientist's island laboratory before the Brazilian government fire-bombs the place. In F. Paul Wilson's 'Interlude at Duane's', unarmed career criminal Repairman Jack has to hunt for improvised weapons in a drug-store held up by a heavily armed team of enthusiastic amateurs; the action is frantic, and the results gruesome, but the tone is light-heartedly anarchic.More serious is James Siegel's 'Empathy', a grim and claustrophobic stand-alone about a masseuse who suspects that a client is a paedophile, but lacks proof. David Morrell's 'The Abelard Sanction' features a tense armed stand-off between enemy spies in a sanctuary; it starts with several pages of background, but Morrell manages to make this as interesting as his conflicted characters. Dennis Lynds's 'Success of a Mission' and Grant Blackwood's 'Sacrifical Lion' are well-constructed accounts of dangerous undercover missions - one in the Middle East, the other in Stalin's Russia.Two of the stories make use of the September 11 attacks and their aftermath. David Dun's 'Spirit Walker' pits Tilok tracker Kier Wintripp against the Anthrax letter bomber, and in Steve Berry's 'The Devils' Due' - one of the gems in the collection - Osama Bin Laden arranges a meeting with Cotton Malone and offers to surrender.For fans of historical conspiracies, there is Katherine Neville's 'The Tuesday Club', in which Benjamin Franklin and Thomas Jefferson look for secret messages in 'Frere Jacques'. David Liss pits 18th century thief-taker Benjamin Weaver against a cunning highwayman, and Ted Bell spins a yarn of Napoleonic-era sailors and pirates in 'The Powder Monkey'.Christopher Reich's 'Assassins' and Robert Liparulo's 'Kill Zone' are little more than character studies, but Liparullo does a particularly good job of showing us the viewpoint of police sniper Byron Stone.Alex Kava's 'Goodnight, Sweet Mother' and John Lescroart and M. J. Rose's 'The Portal' are both enjoyably twisted, but Heather Graham's 'The Face in the Window' is rather predictable. Michael and Daniel Palmer's 'Disfigured' is an intriguing tale of a deranged kidnap plot, but needed to be at least twice as long.James Grippando's 'Operation Northwoods' feels more like a teaser for his next novel - as do Gayle Lynds's 'The Hunt for Dmitri', Brad Thor's 'The Athens Solution', and Douglas Preston and Lincoln Child's 'Gone Fishing', despite their promising beginnings.Chris Mooney's 'Falling', Denise Hamilton's 'At The Drop of A Hat', Christopher Rice's 'Man Catch', and M. Diane Vogt's 'Surviving Toronto' all feel more like compressed novels, with too many scenes and characters reduced to ciphers and most of the tension left out. Raelynn Hillhouse handles the short story length better in 'Diplomatic Constraints', an exciting prologue to 'Outsourced', but I still felt I was missing something.This book is rather like a smorgasbord for thriller readers. Even if you don't like everything on offer, chances are you'll find something you'll want to try again.",neu,neu,0.4986,Base RoBERTa Neg,RoBERTa,"Base RoBERTa Neg = 0.201 (SHAP contribution: 0.0427);
Base RoBERTa Neu = 0.7042 (SHAP contribution: 0.0333);
Base RoBERTa Pos = 0.0949 (SHAP contribution: 0.0209);
Base NB Pos = 0.1981 (SHAP contribution: 0.019);
Base SVM Neu = 0.7673 (SHAP contribution: 0.0189)","Base NB Neg = 0.2172 (SHAP contribution: -0.0114);
Base SVM Neg = 0.054 (SHAP contribution: -0.0022);
Base NB Neu = 0.5847 (SHAP contribution: -0.0007)","The meta Random Forest predicted 'neu' mainly because the strongest individual supporting feature was Base RoBERTa Neg, while the strongest overall feature group was RoBERTa. The top supporting features were Base RoBERTa Neg, Base RoBERTa Neu, Base RoBERTa Pos, Base NB Pos, Base SVM Neu. The main opposing signal was Base NB Neg."
27,correct,"I just got mine now, and its an awesome cross! Great detail of the Holy Trinity. Love it!",pos,pos,0.8975,Base RoBERTa Neg,RoBERTa,"Base RoBERTa Neg = 0.0029 (SHAP contribution: 0.1857);
Base RoBERTa Pos = 0.9772 (SHAP contribution: 0.17);
Base NB Pos = 0.5313 (SHAP contribution: 0.0517);
Base RoBERTa Neu = 0.0199 (SHAP contribution: 0.0447);
Base VADER Compound = 0.9323 (SHAP contribution: 0.0325)",Base SVM Neu = 0.3523 (SHAP contribution: -0.0089),"The meta Random Forest predicted 'pos' mainly because the strongest individual supporting feature was Base RoBERTa Neg, while the strongest overall feature group was RoBERTa. The top supporting features were Base RoBERTa Neg, Base RoBERTa Pos, Base NB Pos, Base RoBERTa Neu, Base VADER Compound. The main opposing signal was Base SVM Neu."
28,correct,"This batch that I bouth in 2010 no only won't burn in either my CD/DVD player but it ejects itself before I can press a button. Same with the other player on my machine which also burns blu rays. I took the DL Verbatims from 2007-2008 and saved them to one BluRay and all the info was transferred wihtout a hitch. The 4.7s work great, I even get what should be DL space items compressed without much quality loss to the 4.7s This is very bad. They did something in the factory that reduced the quality of the DL disk to where the machine dosent even want it to sit there. I kicks it out. Sometimes im lucky if i put it in and press burn right away it will register but more often then not burns coaster.",neg,neg,0.5681,Base RoBERTa Pos,RoBERTa,"Base RoBERTa Pos = 0.02 (SHAP contribution: 0.1465);
Base RoBERTa Neg = 0.746 (SHAP contribution: 0.1337);
Base RoBERTa Neu = 0.234 (SHAP contribution: 0.0269);
Base SVM Pos = 0.2606 (SHAP contribution: 0.0124);
Base SVM Neg = 0.4403 (SHAP contribution: 0.0072)","Base VADER Compound = 0.8794 (SHAP contribution: -0.0482);
Base NB Neu = 0.4612 (SHAP contribution: -0.0202);
Base NB Neg = 0.3479 (SHAP contribution: -0.0147);
Base VADER Pos = 0.115 (SHAP contribution: -0.0124);
Base VADER Neu = 0.838 (SHAP contribution: -0.0119)","The meta Random Forest predicted 'neg' mainly because the strongest individual supporting feature was Base RoBERTa Pos, while the strongest overall feature group was RoBERTa. The top supporting features were Base RoBERTa Pos, Base RoBERTa Neg, Base RoBERTa Neu, Base SVM Pos, Base SVM Neg. The main opposing signal was Base VADER Compound."
31,correct,"I liked the monitor colors, size, clarity, but I have an HP computer (good processor, three years old) and it will not download the driver software. I find the buttons ( not very deep) in the back to be uncmfortable to work from the front.. I'm reasonably computer savvy and have not had this problem before. So I called AOC twice but neither technician could figure out a way to resolve the problem, using the disc or with a separate emailed download. They said this happens sometimes.",neg,neg,0.5027,Base RoBERTa Neg,RoBERTa,"Base RoBERTa Neg = 0.6542 (SHAP contribution: 0.096);
Base RoBERTa Pos = 0.0297 (SHAP contribution: 0.057);
Base VADER Compound = -0.4981 (SHAP contribution: 0.0437);
Base RoBERTa Neu = 0.316 (SHAP contribution: 0.0134);
Base SVM Neg = 0.362 (SHAP contribution: 0.0096)","Base NB Neu = 0.5658 (SHAP contribution: -0.0245);
Base NB Neg = 0.2248 (SHAP contribution: -0.0239);
Base VADER Neu = 0.829 (SHAP contribution: -0.0141);
Base VADER Neg = 0.093 (SHAP contribution: -0.0064)","The meta Random Forest predicted 'neg' mainly because the strongest individual supporting feature was Base RoBERTa Neg, while the strongest overall feature group was RoBERTa. The top supporting features were Base RoBERTa Neg, Base RoBERTa Pos, Base VADER Compound, Base RoBERTa Neu, Base SVM Neg. The main opposing signal was Base NB Neu."
32,correct,"I am going to be honest and I am telling you that for premade and moldable fronts or grillz they are pretty damn nice and comfortable! I have purchased two different sets of them and I like both sets and I wear them often! I am basically saying that I am far from a goofy type guy that is clueless about looking good or people telling you that you look good but you actually look dumb as hell and they're not trying to hurt your feelings, LoL!",neu,neu,0.52,Base SVM Neu,RoBERTa,"Base SVM Neu = 0.4686 (SHAP contribution: 0.0454);
Base RoBERTa Neu = 0.4475 (SHAP contribution: 0.044);
Base RoBERTa Pos = 0.3295 (SHAP contribution: 0.039);
Base RoBERTa Neg = 0.2229 (SHAP contribution: 0.0378);
Base NB Pos = 0.1794 (SHAP contribution: 0.0152)","Base NB Neu = 0.2581 (SHAP contribution: -0.0353);
Base VADER Neg = 0.141 (SHAP contribution: -0.0066);
Base VADER Neu = 0.643 (SHAP contribution: -0.0058)","The meta Random Forest predicted 'neu' mainly because the strongest individual supporting feature was Base SVM Neu, while the strongest overall feature group was RoBERTa. The top supporting features were Base SVM Neu, Base RoBERTa Neu, Base RoBERTa Pos, Base RoBERTa Neg, Base NB Pos. The main opposing signal was Base NB Neu."
35,correct,You'd have to be nuts to trust your data to this device,neg,neg,0.7434,Base RoBERTa Neg,RoBERTa,"Base RoBERTa Neg = 0.7367 (SHAP contribution: 0.1456);
Base RoBERTa Pos = 0.0211 (SHAP contribution: 0.1347);
Base NB Neg = 0.5872 (SHAP contribution: 0.0406);
Base NB Pos = 0.1689 (SHAP contribution: 0.035);
Base NB Neu = 0.2439 (SHAP contribution: 0.0306)","Base VADER Compound = 0.25 (SHAP contribution: -0.023);
Base VADER Pos = 0.212 (SHAP contribution: -0.0161)","The meta Random Forest predicted 'neg' mainly because the strongest individual supporting feature was Base RoBERTa Neg, while the strongest overall feature group was RoBERTa. The top supporting features were Base RoBERTa Neg, Base RoBERTa Pos, Base NB Neg, Base NB Pos, Base NB Neu. The main opposing signal was Base VADER Compound."
39,correct,"Don't let this one pass you buy. Despite the height of the heel , it's extremely comfortable .I have this shoe in the black patent. It's a a buy you won't regret..",pos,pos,0.7967,Base RoBERTa Neg,RoBERTa,"Base RoBERTa Neg = 0.0093 (SHAP contribution: 0.1997);
Base RoBERTa Pos = 0.851 (SHAP contribution: 0.1875);
Base RoBERTa Neu = 0.1398 (SHAP contribution: 0.0556);
Base VADER Compound = 0.5563 (SHAP contribution: 0.0292);
Base SVM Pos = 0.3684 (SHAP contribution: 0.0267)","Base NB Neg = 0.5144 (SHAP contribution: -0.0269);
Base NB Pos = 0.234 (SHAP contribution: -0.025);
Base VADER Pos = 0.114 (SHAP contribution: -0.0079);
Base SVM Neg = 0.382 (SHAP contribution: -0.0043);
Base VADER Neu = 0.886 (SHAP contribution: -0.0013)","The meta Random Forest predicted 'pos' mainly because the strongest individual supporting feature was Base RoBERTa Neg, while the strongest overall feature group was RoBERTa. The top supporting features were Base RoBERTa Neg, Base RoBERTa Pos, Base RoBERTa Neu, Base VADER Compound, Base SVM Pos. The main opposing signal was Base NB Neg."
40,correct,Item is cracked and unusable,neg,neg,0.8504,Base RoBERTa Pos,RoBERTa,"Base RoBERTa Pos = 0.0106 (SHAP contribution: 0.1613);
Base RoBERTa Neg = 0.9073 (SHAP contribution: 0.1608);
Base VADER Compound = 0.0 (SHAP contribution: 0.0495);
Base RoBERTa Neu = 0.0821 (SHAP contribution: 0.0428);
Base VADER Pos = 0.0 (SHAP contribution: 0.0242)",Base NB Pos = 0.2823 (SHAP contribution: -0.0057),"The meta Random Forest predicted 'neg' mainly because the strongest individual supporting feature was Base RoBERTa Pos, while the strongest overall feature group was RoBERTa. The top supporting features were Base RoBERTa Pos, Base RoBERTa Neg, Base VADER Compound, Base RoBERTa Neu, Base VADER Pos. The main opposing signal was Base NB Pos."
41,correct,"I like the color of the case but it is too tight for my phone (I have a 5s). It pushes on the volume buttons so that it goes up and down without me pressing them. It squeezes the phone so that the screen is popping out a bit from the backing. I also have trouble plugging it in, as the case does not entirely align with the area for the charger. I am hoping that it stretches over time and is not so tight after a few weeks.",neu,neu,0.518,Base RoBERTa Neu,RoBERTa,"Base RoBERTa Neu = 0.4677 (SHAP contribution: 0.0418);
Base RoBERTa Neg = 0.4822 (SHAP contribution: 0.0315);
Base RoBERTa Pos = 0.0501 (SHAP contribution: 0.0281);
Base SVM Neu = 0.3845 (SHAP contribution: 0.0206);
Base VADER Compound = 0.2617 (SHAP contribution: 0.0167)",Base NB Neg = 0.2173 (SHAP contribution: -0.021),"The meta Random Forest predicted 'neu' mainly because the strongest individual supporting feature was Base RoBERTa Neu, while the strongest overall feature group was RoBERTa. The top supporting features were Base RoBERTa Neu, Base RoBERTa Neg, Base RoBERTa Pos, Base SVM Neu, Base VADER Compound. The main opposing signal was Base NB Neg."
45,correct,"Seascape, an avalanche of human emotions,knits the calm hermit Ben and the hysteric drifter Tracy in an net where the must bear their souls and see if love exists past an abortion, earning for escape, and distance from hope. Beautiful dialogue including outstanding scene/monologue, or directoral work.",pos,pos,0.5611,Base RoBERTa Neg,RoBERTa,"Base RoBERTa Neg = 0.0222 (SHAP contribution: 0.1339);
Base RoBERTa Pos = 0.7026 (SHAP contribution: 0.0888);
Base SVM Pos = 0.3993 (SHAP contribution: 0.0525);
Base VADER Pos = 0.317 (SHAP contribution: 0.0186);
Base VADER Compound = 0.9584 (SHAP contribution: 0.0186)","Base NB Pos = 0.2328 (SHAP contribution: -0.0398);
Base RoBERTa Neu = 0.2752 (SHAP contribution: -0.0344);
Base SVM Neu = 0.3696 (SHAP contribution: -0.0126);
Base NB Neu = 0.5497 (SHAP contribution: -0.0125)","The meta Random Forest predicted 'pos' mainly because the strongest individual supporting feature was Base RoBERTa Neg, while the strongest overall feature group was RoBERTa. The top supporting features were Base RoBERTa Neg, Base RoBERTa Pos, Base SVM Pos, Base VADER Pos, Base VADER Compound. The main opposing signal was Base NB Pos."
46,correct,this is a downgrade from mx610,neg,neg,0.8059,Base RoBERTa Pos,RoBERTa,"Base RoBERTa Pos = 0.0133 (SHAP contribution: 0.1758);
Base RoBERTa Neg = 0.7654 (SHAP contribution: 0.1469);
Base VADER Compound = 0.0 (SHAP contribution: 0.0598);
Base RoBERTa Neu = 0.2214 (SHAP contribution: 0.0433);
Base VADER Pos = 0.0 (SHAP contribution: 0.0387)","Base NB Pos = 0.3319 (SHAP contribution: -0.0183);
Base NB Neg = 0.3314 (SHAP contribution: -0.01);
Base SVM Neg = 0.3435 (SHAP contribution: -0.004)","The meta Random Forest predicted 'neg' mainly because the strongest individual supporting feature was Base RoBERTa Pos, while the strongest overall feature group was RoBERTa. The top supporting features were Base RoBERTa Pos, Base RoBERTa Neg, Base VADER Compound, Base RoBERTa Neu, Base VADER Pos. The main opposing signal was Base NB Pos."
48,correct,It lasted one night. It was flimsy and super thin. Not worth it.,neg,neg,0.7969,Base RoBERTa Neg,RoBERTa,"Base RoBERTa Neg = 0.8642 (SHAP contribution: 0.1922);
Base RoBERTa Pos = 0.0133 (SHAP contribution: 0.1799);
Base RoBERTa Neu = 0.1225 (SHAP contribution: 0.0711);
Base SVM Pos = 0.2661 (SHAP contribution: 0.0223);
Base NB Neg = 0.4403 (SHAP contribution: 0.0185)","Base VADER Compound = 0.4997 (SHAP contribution: -0.0247);
Base VADER Pos = 0.235 (SHAP contribution: -0.0193);
Base NB Neu = 0.3661 (SHAP contribution: -0.0087)","The meta Random Forest predicted 'neg' mainly because the strongest individual supporting feature was Base RoBERTa Neg, while the strongest overall feature group was RoBERTa. The top supporting features were Base RoBERTa Neg, Base RoBERTa Pos, Base RoBERTa Neu, Base SVM Pos, Base NB Neg. The main opposing signal was Base VADER Compound."
49,correct,"This detector provides barely enough warning distance for my area. I live in a more-or-less heavily forested area of the country (Southern New Hampshire). Our roads are often twisty and hilly, with lots of vegetation to soak up radar waves. I still get by with this detector, but I have to be responsive to alerts as soon as they happen, or pay the consequences. With any radar detector that alerts on X-band, you need to be able to ignore spurious signals issued by automatic doors (WalMart, Target, etc.) and the collision detection sensors used on the more and more well-equipped cars today. I only use mine for X and Xa band detection, since those are typically most used here. LADAR? Forget about it!",neu,neu,0.3876,Base RoBERTa Neg,RoBERTa,"Base RoBERTa Neg = 0.2422 (SHAP contribution: 0.042);
Base RoBERTa Neu = 0.6308 (SHAP contribution: 0.0311);
Base RoBERTa Pos = 0.127 (SHAP contribution: 0.0259);
Base VADER Neg = 0.097 (SHAP contribution: 0.0178);
Base VADER Neu = 0.877 (SHAP contribution: 0.0105)","Base VADER Compound = -0.7937 (SHAP contribution: -0.0297);
Base NB Pos = 0.5939 (SHAP contribution: -0.0245);
Base NB Neu = 0.2301 (SHAP contribution: -0.0202);
Base SVM Neu = 0.2847 (SHAP contribution: -0.0193);
Base VADER Pos = 0.026 (SHAP contribution: -0.0065)","The meta Random Forest predicted 'neu' mainly because the strongest individual supporting feature was Base RoBERTa Neg, while the strongest overall feature group was RoBERTa. The top supporting features were Base RoBERTa Neg, Base RoBERTa Neu, Base RoBERTa Pos, Base VADER Neg, Base VADER Neu. The main opposing signal was Base VADER Compound."
50,correct,"Few months ago, our U.S history teacher advice us to buy this book and i got the last one, on the last minute. When I began read the book, it doesnt have enough ""entertainment"" but in few chapters later, I just notice that some part(maybe all) occured during the historical action a that time. What I mostly enjoyed is that when I read in this book, i learning more often and gave me a head start, because were in the part about the Spanish American War at class. I already finished the book a month ago and i enjoyed it alot. I recommended to the reader who like history or a student that needs more backup at history.",pos,pos,0.7186,Base RoBERTa Neg,RoBERTa,"Base RoBERTa Neg = 0.0074 (SHAP contribution: 0.1925);
Base RoBERTa Pos = 0.8718 (SHAP contribution: 0.1802);
Base RoBERTa Neu = 0.1208 (SHAP contribution: 0.056);
Base SVM Pos = 0.4513 (SHAP contribution: 0.0375);
Base VADER Compound = 0.8402 (SHAP contribution: 0.0349)","Base NB Pos = 0.1714 (SHAP contribution: -0.0366);
Base NB Neg = 0.6002 (SHAP contribution: -0.0318);
Base SVM Neu = 0.3614 (SHAP contribution: -0.0174);
Base VADER Pos = 0.12 (SHAP contribution: -0.0091);
Base VADER Neg = 0.045 (SHAP contribution: -0.0071)","The meta Random Forest predicted 'pos' mainly because the strongest individual supporting feature was Base RoBERTa Neg, while the strongest overall feature group was RoBERTa. The top supporting features were Base RoBERTa Neg, Base RoBERTa Pos, Base RoBERTa Neu, Base SVM Pos, Base VADER Compound. The main opposing signal was Base NB Pos."
51,correct,"I got this as a replacement for my first Nexus case that had the magnets come loose. This one does have a sturdy magnet and clasp that won't come loose, but the cover is rather loose fitting and doesn't fold into a stand very well. I got the white case that looked great at first, but it gets dirty quickly and is hard to clean. I tried rubbing alcohol but that dulled the finish.",neg,neg,0.532,Base RoBERTa Neg,RoBERTa,"Base RoBERTa Neg = 0.694 (SHAP contribution: 0.108);
Base RoBERTa Pos = 0.024 (SHAP contribution: 0.1021);
Base VADER Compound = 0.0873 (SHAP contribution: 0.0336);
Base RoBERTa Neu = 0.282 (SHAP contribution: 0.0128);
Base SVM Pos = 0.1461 (SHAP contribution: 0.0068)","Base NB Neu = 0.5602 (SHAP contribution: -0.022);
Base VADER Pos = 0.143 (SHAP contribution: -0.019);
Base SVM Neu = 0.5628 (SHAP contribution: -0.0185);
Base NB Neg = 0.2424 (SHAP contribution: -0.015);
Base SVM Neg = 0.2911 (SHAP contribution: -0.0053)","The meta Random Forest predicted 'neg' mainly because the strongest individual supporting feature was Base RoBERTa Neg, while the strongest overall feature group was RoBERTa. The top supporting features were Base RoBERTa Neg, Base RoBERTa Pos, Base VADER Compound, Base RoBERTa Neu, Base SVM Pos. The main opposing signal was Base NB Neu."
52,correct,Says it's for a toddler but this hat was huge,neu,neu,0.5199,Base RoBERTa Neg,RoBERTa,"Base RoBERTa Neg = 0.1161 (SHAP contribution: 0.0508);
Base RoBERTa Pos = 0.3317 (SHAP contribution: 0.0499);
Base SVM Neu = 0.3745 (SHAP contribution: 0.0293);
Base RoBERTa Neu = 0.5522 (SHAP contribution: 0.0262);
Base NB Neu = 0.4135 (SHAP contribution: 0.0179)","Base VADER Neg = 0.0 (SHAP contribution: -0.0104);
Base VADER Compound = 0.4497 (SHAP contribution: -0.0055);
Base VADER Neu = 0.731 (SHAP contribution: -0.0009);
Base NB Neg = 0.2619 (SHAP contribution: -0.0006);
Base SVM Neg = 0.3451 (SHAP contribution: -0.0006)","The meta Random Forest predicted 'neu' mainly because the strongest individual supporting feature was Base RoBERTa Neg, while the strongest overall feature group was RoBERTa. The top supporting features were Base RoBERTa Neg, Base RoBERTa Pos, Base SVM Neu, Base RoBERTa Neu, Base NB Neu. The main opposing signal was Base VADER Neg."
53,correct,"The second novel in this series does not disappoint. We are presented with another cozy mystery, in which the characters and life in Botswana play a much more prominent role than the case itself. In most cases, I would say that this is a drawback, but McCall Smith's writing is so good, that the reader finds himself happily devouring the pages and learning about Mma Ramotswe and her entourage.Not only do we get a depiction of culture in Botswana, we get this through the colorful commentary of the characters. When I read lines like """"old Botswana morality, as everybody knew, was so plainly right"" I can't help it but break a smile. The dialogues are truly priceless, and even the thoughts of some characters, such as the evil and conniving maid of Ramotswe's fiance, are truly entertaining.Like I mentioned, there is not much emphasis on the couple of cases in which the No. 1 Ladies' Detective Agency is focusing on, but this is fine. The part that does bother me a little though, and is the reason why I am giving it 4 stars instead of 5, is that the main character reaches conclusions without us having any idea of what the reasoning was. For example, she decides someone is a bad person by looking at a picture, or she gets a clear profile of family and work of a woman she meets just by looking at her and what she is carrying. But we never know how she determined this, which is frustrating. I much rather have the logic described similar to what we get with Sherlock Holmes. Anyway, a small defect that overall does not invalidate the great appeal of this book.",pos,pos,0.6202,Base RoBERTa Pos,RoBERTa,"Base RoBERTa Pos = 0.8276 (SHAP contribution: 0.1572);
Base RoBERTa Neg = 0.0109 (SHAP contribution: 0.155);
Base RoBERTa Neu = 0.1615 (SHAP contribution: 0.0415);
Base VADER Compound = 0.8426 (SHAP contribution: 0.0293);
Base NB Neg = 0.2172 (SHAP contribution: 0.0168)","Base SVM Neu = 0.5701 (SHAP contribution: -0.044);
Base NB Pos = 0.1981 (SHAP contribution: -0.0356);
Base VADER Neg = 0.098 (SHAP contribution: -0.0165);
Base NB Neu = 0.5847 (SHAP contribution: -0.0052);
Base SVM Pos = 0.341 (SHAP contribution: -0.0025)","The meta Random Forest predicted 'pos' mainly because the strongest individual supporting feature was Base RoBERTa Pos, while the strongest overall feature group was RoBERTa. The top supporting features were Base RoBERTa Pos, Base RoBERTa Neg, Base RoBERTa Neu, Base VADER Compound, Base NB Neg. The main opposing signal was Base SVM Neu."
54,correct,If your looking for a long dress that is comfortable and different this is the one.,pos,pos,0.7058,Base RoBERTa Neg,RoBERTa,"Base RoBERTa Neg = 0.0073 (SHAP contribution: 0.1796);
Base RoBERTa Pos = 0.7297 (SHAP contribution: 0.1034);
Base NB Pos = 0.5701 (SHAP contribution: 0.06);
Base VADER Compound = 0.5106 (SHAP contribution: 0.0267);
Base NB Neg = 0.1806 (SHAP contribution: 0.0231)","Base RoBERTa Neu = 0.263 (SHAP contribution: -0.0395);
Base SVM Neu = 0.384 (SHAP contribution: -0.0173);
Base SVM Pos = 0.3417 (SHAP contribution: -0.0065)","The meta Random Forest predicted 'pos' mainly because the strongest individual supporting feature was Base RoBERTa Neg, while the strongest overall feature group was RoBERTa. The top supporting features were Base RoBERTa Neg, Base RoBERTa Pos, Base NB Pos, Base VADER Compound, Base NB Neg. The main opposing signal was Base RoBERTa Neu."
57,correct,Good affordable laptop ram option,pos,pos,0.6997,Base RoBERTa Neg,RoBERTa,"Base RoBERTa Neg = 0.0082 (SHAP contribution: 0.1776);
Base RoBERTa Pos = 0.8202 (SHAP contribution: 0.1599);
Base RoBERTa Neu = 0.1715 (SHAP contribution: 0.0478);
Base SVM Neu = 0.3378 (SHAP contribution: 0.0199);
Base VADER Pos = 0.42 (SHAP contribution: 0.0198)","Base NB Pos = 0.2717 (SHAP contribution: -0.0359);
Base SVM Pos = 0.3374 (SHAP contribution: -0.0168);
Base NB Neu = 0.4133 (SHAP contribution: -0.0141);
Base SVM Neg = 0.3248 (SHAP contribution: -0.0022)","The meta Random Forest predicted 'pos' mainly because the strongest individual supporting feature was Base RoBERTa Neg, while the strongest overall feature group was RoBERTa. The top supporting features were Base RoBERTa Neg, Base RoBERTa Pos, Base RoBERTa Neu, Base SVM Neu, Base VADER Pos. The main opposing signal was Base NB Pos."
58,correct,Nice but thought it was more wide neck opening. Nice soft fabric.,neu,neu,0.4605,Base RoBERTa Neu,RoBERTa,"Base RoBERTa Neu = 0.3786 (SHAP contribution: 0.0441);
Base NB Neu = 0.4711 (SHAP contribution: 0.0252);
Base NB Pos = 0.2443 (SHAP contribution: 0.0239);
Base SVM Neu = 0.3681 (SHAP contribution: 0.0191);
Base VADER Compound = 0.6808 (SHAP contribution: 0.0187)","Base VADER Neg = 0.0 (SHAP contribution: -0.016);
Base RoBERTa Neg = 0.0431 (SHAP contribution: -0.0052);
Base SVM Neg = 0.3665 (SHAP contribution: -0.0048);
Base VADER Pos = 0.359 (SHAP contribution: -0.0044);
Base VADER Neu = 0.641 (SHAP contribution: -0.003)","The meta Random Forest predicted 'neu' mainly because the strongest individual supporting feature was Base RoBERTa Neu, while the strongest overall feature group was RoBERTa. The top supporting features were Base RoBERTa Neu, Base NB Neu, Base NB Pos, Base SVM Neu, Base VADER Compound. The main opposing signal was Base VADER Neg."
59,correct,This is not on Charter's list even though the description said so.,neg,neg,0.7274,Base RoBERTa Pos,RoBERTa,"Base RoBERTa Pos = 0.0173 (SHAP contribution: 0.1601);
Base RoBERTa Neg = 0.5772 (SHAP contribution: 0.082);
Base VADER Compound = 0.0 (SHAP contribution: 0.0719);
Base VADER Pos = 0.0 (SHAP contribution: 0.0459);
Base SVM Neg = 0.3897 (SHAP contribution: 0.0225)","Base NB Neu = 0.4766 (SHAP contribution: -0.0136);
Base RoBERTa Neu = 0.4055 (SHAP contribution: -0.0123);
Base NB Neg = 0.3245 (SHAP contribution: -0.0101)","The meta Random Forest predicted 'neg' mainly because the strongest individual supporting feature was Base RoBERTa Pos, while the strongest overall feature group was RoBERTa. The top supporting features were Base RoBERTa Pos, Base RoBERTa Neg, Base VADER Compound, Base VADER Pos, Base SVM Neg. The main opposing signal was Base NB Neu."
60,correct,"Maybe I'm not imaginative, but most of the things this book offers are decorative items, not functional items. And they're not particularly attractive or interesting decorative items. A knitted pint glass? What FOR? I don't mind the occasional tchotchky, but these items are both silly and useless, as far as I'm concerned. There are two exceptions, a cute nightgown designed in the style of a twenties flapper dress, and a pair of ear muffs made of knitted fried eggs. If you like this kind of thing, and I don't know anyone who does, or if you like to knit and want to punish everyone you know with presents they'll hate, this is the book for you. Otherwise, stay far, far away.",neg,neg,0.6199,Base RoBERTa Neg,RoBERTa,"Base RoBERTa Neg = 0.7105 (SHAP contribution: 0.1212);
Base RoBERTa Pos = 0.0241 (SHAP contribution: 0.1055);
Base VADER Compound = -0.4764 (SHAP contribution: 0.0447);
Base NB Neu = 0.2371 (SHAP contribution: 0.0243);
Base RoBERTa Neu = 0.2653 (SHAP contribution: 0.0214)","Base NB Neg = 0.1988 (SHAP contribution: -0.0164);
Base VADER Pos = 0.125 (SHAP contribution: -0.0144);
Base SVM Neu = 0.4792 (SHAP contribution: -0.0138);
Base NB Pos = 0.5641 (SHAP contribution: -0.0113)","The meta Random Forest predicted 'neg' mainly because the strongest individual supporting feature was Base RoBERTa Neg, while the strongest overall feature group was RoBERTa. The top supporting features were Base RoBERTa Neg, Base RoBERTa Pos, Base VADER Compound, Base NB Neu, Base RoBERTa Neu. The main opposing signal was Base NB Neg."
62,correct,"When I first read this book I thought it was interesting but it sure didn't go with what I remembered from the Bible. In my Bible study groups we had not covered Revelations that much, so I had to go look up a few things. I discovered that many of the evangelists use a Bible written by a man named Scofield. He came from a dubious background. Look him up on the internet. While in prison for forgery, he converted to Christianity, of the Darbyite influence. Anyway, he ended up writing a Bible using his interpretations of what it meant, so of course, then he has changed it to his liking.But what the authors are saying is that we, believers in Jesus, will receive this Rapture they are talking about instead of going through the tribulations, but the original Bible does not say this. So I am wondering, if Armegeddon comes, and the Christians who believe what the authors are preaching, when they don't receive this Rapture when promised, will that make them turn away from God? Is this more a Satanic than a Christian book? I don't know, but I would suggest that before you take it as gospel, that you should look a little deeper. Jesus warned of us the false prophets. One thing good about the book is that it does make one want to get right with God. You might want to read the book ""Forcing God's Hands..."" by Grace Halsell, she has written a book explaining how this evangelical belief started and what it means and it is truly scary for the people of this world.",neu,neu,0.5707,Base VADER Compound,VADER,"Base VADER Compound = 0.9513 (SHAP contribution: 0.0515);
Base SVM Neu = 0.5538 (SHAP contribution: 0.0395);
Base RoBERTa Neg = 0.3451 (SHAP contribution: 0.0377);
Base RoBERTa Neu = 0.5831 (SHAP contribution: 0.0364);
Base NB Neg = 0.411 (SHAP contribution: 0.0277)",Base NB Neu = 0.2411 (SHAP contribution: -0.0366),"The meta Random Forest predicted 'neu' mainly because the strongest individual supporting feature was Base VADER Compound, while the strongest overall feature group was VADER. The top supporting features were Base VADER Compound, Base SVM Neu, Base RoBERTa Neg, Base RoBERTa Neu, Base NB Neg. The main opposing signal was Base NB Neu."
64,correct,"Great for DVD's, but bad for Wi-Fi",neg,neg,0.561,Base RoBERTa Neg,RoBERTa,"Base RoBERTa Neg = 0.5154 (SHAP contribution: 0.0656);
Base RoBERTa Pos = 0.0693 (SHAP contribution: 0.0625);
Base VADER Compound = -0.4939 (SHAP contribution: 0.0567);
Base VADER Neg = 0.386 (SHAP contribution: 0.0533);
Base VADER Neu = 0.407 (SHAP contribution: 0.0195)","Base VADER Pos = 0.207 (SHAP contribution: -0.0187);
Base SVM Pos = 0.3563 (SHAP contribution: -0.0175);
Base RoBERTa Neu = 0.4153 (SHAP contribution: -0.0143);
Base SVM Neg = 0.2968 (SHAP contribution: -0.0038);
Base NB Neg = 0.2442 (SHAP contribution: -0.0033)","The meta Random Forest predicted 'neg' mainly because the strongest individual supporting feature was Base RoBERTa Neg, while the strongest overall feature group was RoBERTa. The top supporting features were Base RoBERTa Neg, Base RoBERTa Pos, Base VADER Compound, Base VADER Neg, Base VADER Neu. The main opposing signal was Base VADER Pos."
66,correct,"Awful book! I like some of Alexandra Raife's books, but this one is awful. First there is the tease that is hinted at but not revealed. Just tell us, for pity's sake, so we can understand what is going on! Then the main male character is so unlikable that you keep hoping someone will show up who is really worth caring about. When I think of some of this author's other books, it's difficult to believe that this was even penned by her. The bad language and emotional shifts are excessive, and I don't care for the ""sex for fun with no commitment"" attitude. ""We'll just have sex and nobody will get hurt!"" What is that??? ""I want to see your naked body and make love to IT???????????????????"" A huge disappointment and I can't believe an author like Mary Stewart who has recommended this author has read this particular book.",neg,neg,0.7126,Base RoBERTa Neg,RoBERTa,"Base RoBERTa Neg = 0.9273 (SHAP contribution: 0.183);
Base RoBERTa Pos = 0.0057 (SHAP contribution: 0.1675);
Base RoBERTa Neu = 0.067 (SHAP contribution: 0.0514);
Base SVM Pos = 0.2358 (SHAP contribution: 0.02);
Base NB Neu = 0.2312 (SHAP contribution: 0.0167)","Base VADER Compound = 0.9109 (SHAP contribution: -0.0289);
Base NB Pos = 0.5932 (SHAP contribution: -0.0182);
Base NB Neg = 0.1756 (SHAP contribution: -0.0136);
Base VADER Pos = 0.208 (SHAP contribution: -0.0091);
Base SVM Neg = 0.2957 (SHAP contribution: -0.0057)","The meta Random Forest predicted 'neg' mainly because the strongest individual supporting feature was Base RoBERTa Neg, while the strongest overall feature group was RoBERTa. The top supporting features were Base RoBERTa Neg, Base RoBERTa Pos, Base RoBERTa Neu, Base SVM Pos, Base NB Neu. The main opposing signal was Base VADER Compound."
67,correct,"I didn't really care for this book at all, the plot was a little too far fetched. I didn't like Anne at all, she was too vain, obsessed with being queen and just too full of herself for my liking.I liked Horatio the best but even his character could have had a little more depth to him.I only gave this book two stars for the Monkey. If you still want to read this book, I would suggest the library.",neg,neg,0.4847,Base RoBERTa Neg,RoBERTa,"Base RoBERTa Neg = 0.6004 (SHAP contribution: 0.0598);
Base VADER Compound = 0.0574 (SHAP contribution: 0.0549);
Base RoBERTa Pos = 0.0364 (SHAP contribution: 0.0539);
Base SVM Neg = 0.3785 (SHAP contribution: 0.0237);
Base SVM Neu = 0.292 (SHAP contribution: 0.0196)","Base NB Neg = 0.2216 (SHAP contribution: -0.0202);
Base NB Neu = 0.5769 (SHAP contribution: -0.0198);
Base VADER Neu = 0.841 (SHAP contribution: -0.0153);
Base VADER Neg = 0.084 (SHAP contribution: -0.0102);
Base RoBERTa Neu = 0.3632 (SHAP contribution: -0.0091)","The meta Random Forest predicted 'neg' mainly because the strongest individual supporting feature was Base RoBERTa Neg, while the strongest overall feature group was RoBERTa. The top supporting features were Base RoBERTa Neg, Base VADER Compound, Base RoBERTa Pos, Base SVM Neg, Base SVM Neu. The main opposing signal was Base NB Neg."
68,correct,"This is not a story. Rather it is a collection of stories about semi-related events occurring over a period of about 50 years, which in and of itself would not be such a bad thing, but East of Eden is so long! The style of Steinbeck's prose is erratic at best which, again, wouldn't be so unpleasant if East of Eden weren't trying to pass itself off as a novel. The basis of the story's symbolism is evident from the first chapter, but Steinbeck doesn't stop there. He hammers his message home with a three ton sledgehammer that is about as subtle as a train wreck. For example, each generation in East of Eden has a Cain character and an Abel character, and Steinbeck dives relatively deep when he begins the name of the corresponding characters with a ""C"" and an ""A"". That seems to be the limit of his subtlety as this bludgeoning draws slowly out over the torturous course of over seven hundred pages, finally grinding to a leadenly melodramatic finish. And yet, at the end of this gruelling road, the message is still frustratingly vague. The reader has suffered for nothing. The sporadic insertion of episodes totally unrelated to the rest of the book is reminiscent of bits of trash floating in a river of sludge from some factory's drain pipe. John Steinbeck is that factory, and in East of Eden he pumps out page after page of superficial writing. As Steinbeck would, were he writing this review, extend the metaphor beyond its use, one might even consider East of Eden a waste product from the creation of masterpieces such as The Grapes of Wrath and Tortilla Flat.I see that East of Eden might contain a modicum of interest for students of Steinbeck (I myself have researched the man and used this book to defend a thesis), but someone looking to become acquainted for the first time with the power that Steinbeck can wield would be better served by The Red Pony or one of the afore-mentioned alternatives.",neu,neu,0.5203,Base RoBERTa Neu,RoBERTa,"Base RoBERTa Neu = 0.6307 (SHAP contribution: 0.0393);
Base RoBERTa Neg = 0.2416 (SHAP contribution: 0.0333);
Base RoBERTa Pos = 0.1277 (SHAP contribution: 0.0278);
Base SVM Neu = 0.4901 (SHAP contribution: 0.0237);
Base VADER Neg = 0.076 (SHAP contribution: 0.0191)","Base VADER Compound = 0.1561 (SHAP contribution: -0.0064);
Base SVM Neg = 0.4774 (SHAP contribution: -0.0033);
Base NB Neg = 0.2172 (SHAP contribution: -0.0026)","The meta Random Forest predicted 'neu' mainly because the strongest individual supporting feature was Base RoBERTa Neu, while the strongest overall feature group was RoBERTa. The top supporting features were Base RoBERTa Neu, Base RoBERTa Neg, Base RoBERTa Pos, Base SVM Neu, Base VADER Neg. The main opposing signal was Base VADER Compound."
69,correct,This is a very good book with useful tips. I tried baking my pie on the floor of the oven like she suggests. The first time it turned out amazing. Every time since it has burned. Anyone have ideas why this happened? I have tried reducing the temperature and the crust comes out nice and golden but seems a little tougher to me.,pos,pos,0.4714,Base RoBERTa Pos,Naive Bayes,"Base RoBERTa Pos = 0.556 (SHAP contribution: 0.0558);
Base NB Pos = 0.4659 (SHAP contribution: 0.0492);
Base RoBERTa Neg = 0.0635 (SHAP contribution: 0.0336);
Base NB Neg = 0.2106 (SHAP contribution: 0.0232);
Base VADER Neg = 0.0 (SHAP contribution: 0.018)","Base RoBERTa Neu = 0.3805 (SHAP contribution: -0.0439);
Base SVM Neu = 0.3708 (SHAP contribution: -0.0136);
Base NB Neu = 0.3235 (SHAP contribution: -0.0025);
Base VADER Neu = 0.819 (SHAP contribution: -0.0022)","The meta Random Forest predicted 'pos' mainly because the strongest individual supporting feature was Base RoBERTa Pos, while the strongest overall feature group was Naive Bayes. The top supporting features were Base RoBERTa Pos, Base NB Pos, Base RoBERTa Neg, Base NB Neg, Base VADER Neg. The main opposing signal was Base RoBERTa Neu."
71,correct,"For both my girls, we needed to size-up.",neu,neu,0.5063,Base RoBERTa Neg,RoBERTa,"Base RoBERTa Neg = 0.1074 (SHAP contribution: 0.0682);
Base RoBERTa Pos = 0.1539 (SHAP contribution: 0.0409);
Base RoBERTa Neu = 0.7386 (SHAP contribution: 0.0406);
Base SVM Neu = 0.3588 (SHAP contribution: 0.0279);
Base SVM Neg = 0.319 (SHAP contribution: 0.0175)","Base VADER Compound = 0.0 (SHAP contribution: -0.0179);
Base VADER Pos = 0.0 (SHAP contribution: -0.0097);
Base VADER Neg = 0.0 (SHAP contribution: -0.0085);
Base VADER Neu = 1.0 (SHAP contribution: -0.0069);
Base SVM Pos = 0.3222 (SHAP contribution: -0.0044)","The meta Random Forest predicted 'neu' mainly because the strongest individual supporting feature was Base RoBERTa Neg, while the strongest overall feature group was RoBERTa. The top supporting features were Base RoBERTa Neg, Base RoBERTa Pos, Base RoBERTa Neu, Base SVM Neu, Base SVM Neg. The main opposing signal was Base VADER Compound."
74,correct,She really likes it.,pos,pos,0.5581,Base RoBERTa Neg,RoBERTa,"Base RoBERTa Neg = 0.0198 (SHAP contribution: 0.1573);
Base RoBERTa Pos = 0.6788 (SHAP contribution: 0.0724);
Base VADER Pos = 0.508 (SHAP contribution: 0.0218);
Base VADER Compound = 0.4754 (SHAP contribution: 0.0207);
Base NB Pos = 0.365 (SHAP contribution: 0.0184)","Base RoBERTa Neu = 0.3014 (SHAP contribution: -0.0528);
Base SVM Pos = 0.3351 (SHAP contribution: -0.0269);
Base NB Neu = 0.3566 (SHAP contribution: -0.0079)","The meta Random Forest predicted 'pos' mainly because the strongest individual supporting feature was Base RoBERTa Neg, while the strongest overall feature group was RoBERTa. The top supporting features were Base RoBERTa Neg, Base RoBERTa Pos, Base VADER Pos, Base VADER Compound, Base NB Pos. The main opposing signal was Base RoBERTa Neu."
77,correct,If i had known all it was was a patch glued to a crappy wallet id have just bought a patch and done it myself... At least i would have centered it...,neg,neg,0.4595,Base VADER Compound,VADER,"Base VADER Compound = -0.5574 (SHAP contribution: 0.075);
Base RoBERTa Pos = 0.0473 (SHAP contribution: 0.043);
Base VADER Pos = 0.0 (SHAP contribution: 0.0339);
Base RoBERTa Neg = 0.4979 (SHAP contribution: 0.0191);
Base NB Neg = 0.4978 (SHAP contribution: 0.0169)","Base RoBERTa Neu = 0.4548 (SHAP contribution: -0.0402);
Base VADER Neu = 0.878 (SHAP contribution: -0.0139);
Base SVM Neu = 0.3528 (SHAP contribution: -0.0088);
Base NB Pos = 0.2044 (SHAP contribution: -0.0054);
Base SVM Neg = 0.3521 (SHAP contribution: -0.0023)","The meta Random Forest predicted 'neg' mainly because the strongest individual supporting feature was Base VADER Compound, while the strongest overall feature group was VADER. The top supporting features were Base VADER Compound, Base RoBERTa Pos, Base VADER Pos, Base RoBERTa Neg, Base NB Neg. The main opposing signal was Base RoBERTa Neu."
78,correct,good price quality seems great,pos,pos,0.9143,Base RoBERTa Neg,RoBERTa,"Base RoBERTa Neg = 0.0131 (SHAP contribution: 0.19);
Base RoBERTa Pos = 0.8713 (SHAP contribution: 0.1835);
Base RoBERTa Neu = 0.1156 (SHAP contribution: 0.0563);
Base NB Pos = 0.4364 (SHAP contribution: 0.045);
Base VADER Compound = 0.7906 (SHAP contribution: 0.036)","Base SVM Neu = 0.3563 (SHAP contribution: -0.0092);
Base NB Neu = 0.3284 (SHAP contribution: -0.0027)","The meta Random Forest predicted 'pos' mainly because the strongest individual supporting feature was Base RoBERTa Neg, while the strongest overall feature group was RoBERTa. The top supporting features were Base RoBERTa Neg, Base RoBERTa Pos, Base RoBERTa Neu, Base NB Pos, Base VADER Compound. The main opposing signal was Base SVM Neu."
79,correct,"This is yet another book that was not written for the general public. While it does name various techniques, nowhere in it does it tell you how to do the techniques. In fact, the book says:""If you do not receive instructions from an enlightened teacher, you will not know how to set up the stove and erect the cauldron. You will not know how to build the foundation, how to gather the herbs, how to obtain the cinnibar, or how to pick the herbs at the right moment. You will not know what is the waterwheel, what is the right amount of fire, what is the union of ch'ien and k'un, what is the interaction of k'an and li, and what is the exchange of wood and metal."" [and it goes on like this for another two paragraphs]After you read the entire book, you still will not know any of the answers to these questions. This is not a tutorial or 'how to' book.",neu,neu,0.543,Base RoBERTa Neu,RoBERTa,"Base RoBERTa Neu = 0.4456 (SHAP contribution: 0.0446);
Base RoBERTa Neg = 0.5157 (SHAP contribution: 0.0443);
Base RoBERTa Pos = 0.0387 (SHAP contribution: 0.0387);
Base SVM Neu = 0.4729 (SHAP contribution: 0.0334);
Base NB Pos = 0.1962 (SHAP contribution: 0.0202)","Base VADER Pos = 0.034 (SHAP contribution: -0.0139);
Base VADER Neu = 0.952 (SHAP contribution: -0.009);
Base SVM Neg = 0.412 (SHAP contribution: -0.0056);
Base VADER Neg = 0.014 (SHAP contribution: -0.0045)","The meta Random Forest predicted 'neu' mainly because the strongest individual supporting feature was Base RoBERTa Neu, while the strongest overall feature group was RoBERTa. The top supporting features were Base RoBERTa Neu, Base RoBERTa Neg, Base RoBERTa Pos, Base SVM Neu, Base NB Pos. The main opposing signal was Base VADER Pos."
80,correct,"The story is great, but the condition of the book was less than what I expected. All of the pages are brown and tear easily. The purchase that I selected was classified as ""new"". I was disappointed.",neg,neg,0.7577,Base RoBERTa Neg,RoBERTa,"Base RoBERTa Neg = 0.8702 (SHAP contribution: 0.1817);
Base RoBERTa Pos = 0.0088 (SHAP contribution: 0.1776);
Base RoBERTa Neu = 0.121 (SHAP contribution: 0.0695);
Base VADER Compound = 0.128 (SHAP contribution: 0.0175);
Base SVM Pos = 0.2027 (SHAP contribution: 0.0145)","Base NB Neg = 0.223 (SHAP contribution: -0.021);
Base NB Neu = 0.5781 (SHAP contribution: -0.0167);
Base VADER Pos = 0.138 (SHAP contribution: -0.0096);
Base SVM Neu = 0.3713 (SHAP contribution: -0.0048)","The meta Random Forest predicted 'neg' mainly because the strongest individual supporting feature was Base RoBERTa Neg, while the strongest overall feature group was RoBERTa. The top supporting features were Base RoBERTa Neg, Base RoBERTa Pos, Base RoBERTa Neu, Base VADER Compound, Base SVM Pos. The main opposing signal was Base NB Neg."
81,correct,Requires assembly. Don't let the picture fool you. It is supposed to come already assembled. Fake product. Don't buy!,neg,neg,0.9194,Base RoBERTa Neg,RoBERTa,"Base RoBERTa Neg = 0.8493 (SHAP contribution: 0.1616);
Base RoBERTa Pos = 0.0114 (SHAP contribution: 0.1575);
Base VADER Compound = -0.7424 (SHAP contribution: 0.0597);
Base NB Pos = 0.1684 (SHAP contribution: 0.045);
Base RoBERTa Neu = 0.1393 (SHAP contribution: 0.0437)",None,"The meta Random Forest predicted 'neg' mainly because the strongest individual supporting feature was Base RoBERTa Neg, while the strongest overall feature group was RoBERTa. The top supporting features were Base RoBERTa Neg, Base RoBERTa Pos, Base VADER Compound, Base NB Pos, Base RoBERTa Neu. The main opposing signal was no strong opposing signal."
82,correct,"Not as good as they seem, but acceptable.",neu,neu,0.5321,Base RoBERTa Neg,RoBERTa,"Base RoBERTa Neg = 0.1753 (SHAP contribution: 0.0409);
Base RoBERTa Pos = 0.1698 (SHAP contribution: 0.0377);
Base RoBERTa Neu = 0.6549 (SHAP contribution: 0.0351);
Base SVM Neu = 0.4201 (SHAP contribution: 0.0303);
Base NB Neu = 0.5064 (SHAP contribution: 0.0155)","Base VADER Neu = 0.563 (SHAP contribution: -0.0044);
Base VADER Pos = 0.277 (SHAP contribution: -0.0016);
Base VADER Compound = 0.3065 (SHAP contribution: -0.0008)","The meta Random Forest predicted 'neu' mainly because the strongest individual supporting feature was Base RoBERTa Neg, while the strongest overall feature group was RoBERTa. The top supporting features were Base RoBERTa Neg, Base RoBERTa Pos, Base RoBERTa Neu, Base SVM Neu, Base NB Neu. The main opposing signal was Base VADER Neu."
83,correct,Bottoms made small,neg,neg,0.4053,Base VADER Compound,VADER,"Base VADER Compound = 0.0 (SHAP contribution: 0.0573);
Base VADER Pos = 0.0 (SHAP contribution: 0.0379);
Base RoBERTa Neg = 0.3063 (SHAP contribution: 0.0174);
Base RoBERTa Pos = 0.0957 (SHAP contribution: 0.013);
Base VADER Neu = 1.0 (SHAP contribution: 0.0108)","Base RoBERTa Neu = 0.5981 (SHAP contribution: -0.0434);
Base NB Pos = 0.3334 (SHAP contribution: -0.0181);
Base NB Neg = 0.3392 (SHAP contribution: -0.0133);
Base NB Neu = 0.3274 (SHAP contribution: -0.0035);
Base VADER Neg = 0.0 (SHAP contribution: -0.0025)","The meta Random Forest predicted 'neg' mainly because the strongest individual supporting feature was Base VADER Compound, while the strongest overall feature group was VADER. The top supporting features were Base VADER Compound, Base VADER Pos, Base RoBERTa Neg, Base RoBERTa Pos, Base VADER Neu. The main opposing signal was Base RoBERTa Neu."
84,correct,Very good!!!! very good I love it. it works as good as i expected. impressive. I will come back again,pos,pos,0.8284,Base RoBERTa Neg,RoBERTa,"Base RoBERTa Neg = 0.0048 (SHAP contribution: 0.183);
Base RoBERTa Pos = 0.978 (SHAP contribution: 0.1614);
Base NB Pos = 0.5998 (SHAP contribution: 0.0448);
Base RoBERTa Neu = 0.0172 (SHAP contribution: 0.0403);
Base VADER Compound = 0.9506 (SHAP contribution: 0.029)","Base SVM Neu = 0.4018 (SHAP contribution: -0.0387);
Base SVM Neg = 0.1511 (SHAP contribution: -0.0047)","The meta Random Forest predicted 'pos' mainly because the strongest individual supporting feature was Base RoBERTa Neg, while the strongest overall feature group was RoBERTa. The top supporting features were Base RoBERTa Neg, Base RoBERTa Pos, Base NB Pos, Base RoBERTa Neu, Base VADER Compound. The main opposing signal was Base SVM Neu."
87,correct,"I think I expected too much from this book and was therefore disappointed with it. It was an interesting account of Griffin's follies, but it wasn't as eerie as I had thought it would be. If you're into sci-fi you should read it, otherwise...well, it's up to you.",neu,neu,0.6251,Base RoBERTa Neu,RoBERTa,"Base RoBERTa Neu = 0.3827 (SHAP contribution: 0.0452);
Base RoBERTa Neg = 0.5846 (SHAP contribution: 0.0427);
Base SVM Neu = 0.4289 (SHAP contribution: 0.0336);
Base VADER Compound = 0.3538 (SHAP contribution: 0.0272);
Base NB Neg = 0.3065 (SHAP contribution: 0.0239)",None,"The meta Random Forest predicted 'neu' mainly because the strongest individual supporting feature was Base RoBERTa Neu, while the strongest overall feature group was RoBERTa. The top supporting features were Base RoBERTa Neu, Base RoBERTa Neg, Base SVM Neu, Base VADER Compound, Base NB Neg. The main opposing signal was no strong opposing signal."
88,correct,Work for our PS4 but are fragile.,neg,neg,0.4694,Base RoBERTa Neg,RoBERTa,"Base RoBERTa Neg = 0.3863 (SHAP contribution: 0.0477);
Base RoBERTa Pos = 0.0733 (SHAP contribution: 0.0462);
Base VADER Compound = 0.0 (SHAP contribution: 0.0398);
Base VADER Pos = 0.0 (SHAP contribution: 0.0304);
Base NB Neu = 0.2425 (SHAP contribution: 0.0177)","Base RoBERTa Neu = 0.5404 (SHAP contribution: -0.0204);
Base SVM Neg = 0.3209 (SHAP contribution: -0.0153);
Base NB Pos = 0.5239 (SHAP contribution: -0.0135);
Base NB Neg = 0.2337 (SHAP contribution: -0.0097);
Base SVM Neu = 0.3531 (SHAP contribution: -0.0041)","The meta Random Forest predicted 'neg' mainly because the strongest individual supporting feature was Base RoBERTa Neg, while the strongest overall feature group was RoBERTa. The top supporting features were Base RoBERTa Neg, Base RoBERTa Pos, Base VADER Compound, Base VADER Pos, Base NB Neu. The main opposing signal was Base RoBERTa Neu."
89,correct,"Poor quality. Material is cheap, itchy, rough, and has a odor that didn't go away with washing.",neg,neg,0.7883,Base RoBERTa Pos,RoBERTa,"Base RoBERTa Pos = 0.0088 (SHAP contribution: 0.1634);
Base RoBERTa Neg = 0.9 (SHAP contribution: 0.1601);
Base VADER Compound = -0.6369 (SHAP contribution: 0.0526);
Base RoBERTa Neu = 0.0912 (SHAP contribution: 0.0452);
Base VADER Pos = 0.0 (SHAP contribution: 0.0263)","Base NB Neu = 0.4712 (SHAP contribution: -0.0224);
Base NB Neg = 0.3223 (SHAP contribution: -0.0161);
Base SVM Neu = 0.3588 (SHAP contribution: -0.001)","The meta Random Forest predicted 'neg' mainly because the strongest individual supporting feature was Base RoBERTa Pos, while the strongest overall feature group was RoBERTa. The top supporting features were Base RoBERTa Pos, Base RoBERTa Neg, Base VADER Compound, Base RoBERTa Neu, Base VADER Pos. The main opposing signal was Base NB Neu."
90,correct,"I bought this book wanting to learn how to make a journal. This book did not show the basics. It was a waste of money, the author seemed more interested in presenting cute ideas and making pretty pictures than teaching basics.",neg,neg,0.8527,Base RoBERTa Neg,RoBERTa,"Base RoBERTa Neg = 0.8304 (SHAP contribution: 0.1908);
Base RoBERTa Pos = 0.0175 (SHAP contribution: 0.1868);
Base RoBERTa Neu = 0.1521 (SHAP contribution: 0.0612);
Base NB Neg = 0.6121 (SHAP contribution: 0.0424);
Base NB Pos = 0.1609 (SHAP contribution: 0.0367)","Base VADER Compound = 0.7501 (SHAP contribution: -0.0364);
Base VADER Pos = 0.2 (SHAP contribution: -0.0179)","The meta Random Forest predicted 'neg' mainly because the strongest individual supporting feature was Base RoBERTa Neg, while the strongest overall feature group was RoBERTa. The top supporting features were Base RoBERTa Neg, Base RoBERTa Pos, Base RoBERTa Neu, Base NB Neg, Base NB Pos. The main opposing signal was Base VADER Compound."
91,correct,Keyboard won't charge anymore. It lasted maybe three months ...,neg,neg,0.5053,Base VADER Compound,VADER,"Base VADER Compound = 0.0 (SHAP contribution: 0.0682);
Base VADER Pos = 0.0 (SHAP contribution: 0.0459);
Base RoBERTa Neg = 0.4376 (SHAP contribution: 0.0446);
Base RoBERTa Pos = 0.0532 (SHAP contribution: 0.0407);
Base SVM Neg = 0.3667 (SHAP contribution: 0.023)","Base RoBERTa Neu = 0.5092 (SHAP contribution: -0.0269);
Base SVM Neu = 0.3579 (SHAP contribution: -0.019);
Base NB Neg = 0.3177 (SHAP contribution: -0.0134);
Base NB Neu = 0.4836 (SHAP contribution: -0.0131);
Base NB Pos = 0.1987 (SHAP contribution: -0.0022)","The meta Random Forest predicted 'neg' mainly because the strongest individual supporting feature was Base VADER Compound, while the strongest overall feature group was VADER. The top supporting features were Base VADER Compound, Base VADER Pos, Base RoBERTa Neg, Base RoBERTa Pos, Base SVM Neg. The main opposing signal was Base RoBERTa Neu."
92,correct,I was loving this bag. It provides a place for everything so you can put everything in its place. it's deceptively roomy as well. The problem is a already have a hole in one of the compartments. bummer. It would be a five star review otherwise.,neu,neu,0.5262,Base RoBERTa Pos,RoBERTa,"Base RoBERTa Pos = 0.2356 (SHAP contribution: 0.0432);
Base RoBERTa Neu = 0.4484 (SHAP contribution: 0.0417);
Base RoBERTa Neg = 0.316 (SHAP contribution: 0.0401);
Base NB Neu = 0.3561 (SHAP contribution: 0.0213);
Base VADER Pos = 0.124 (SHAP contribution: 0.0163)","Base SVM Neu = 0.3179 (SHAP contribution: -0.0394);
Base VADER Compound = 0.1779 (SHAP contribution: -0.001)","The meta Random Forest predicted 'neu' mainly because the strongest individual supporting feature was Base RoBERTa Pos, while the strongest overall feature group was RoBERTa. The top supporting features were Base RoBERTa Pos, Base RoBERTa Neu, Base RoBERTa Neg, Base NB Neu, Base VADER Pos. The main opposing signal was Base SVM Neu."
93,correct,"It isn't chocolate like the one on the pic, i feel misled 👎",neg,neg,0.6649,Base RoBERTa Pos,RoBERTa,"Base RoBERTa Pos = 0.0226 (SHAP contribution: 0.1207);
Base RoBERTa Neg = 0.6077 (SHAP contribution: 0.0895);
Base VADER Compound = -0.2755 (SHAP contribution: 0.0593);
Base VADER Pos = 0.0 (SHAP contribution: 0.0411);
Base SVM Neg = 0.3677 (SHAP contribution: 0.0166)","Base NB Neg = 0.3085 (SHAP contribution: -0.021);
Base NB Pos = 0.3558 (SHAP contribution: -0.0108);
Base VADER Neu = 0.826 (SHAP contribution: -0.0078);
Base RoBERTa Neu = 0.3697 (SHAP contribution: -0.003)","The meta Random Forest predicted 'neg' mainly because the strongest individual supporting feature was Base RoBERTa Pos, while the strongest overall feature group was RoBERTa. The top supporting features were Base RoBERTa Pos, Base RoBERTa Neg, Base VADER Compound, Base VADER Pos, Base SVM Neg. The main opposing signal was Base NB Neg."
94,correct,"Decent quality for tracking, they work",neu,neu,0.4232,Base NB Pos,Naive Bayes,"Base NB Pos = 0.2912 (SHAP contribution: 0.0253);
Base RoBERTa Pos = 0.7683 (SHAP contribution: 0.0242);
Base NB Neg = 0.3747 (SHAP contribution: 0.0219);
Base SVM Pos = 0.3124 (SHAP contribution: 0.0167);
Base RoBERTa Neu = 0.2185 (SHAP contribution: 0.0133)","Base RoBERTa Neg = 0.0132 (SHAP contribution: -0.0207);
Base VADER Neg = 0.0 (SHAP contribution: -0.0117);
Base VADER Compound = 0.0 (SHAP contribution: -0.0081);
Base VADER Neu = 1.0 (SHAP contribution: -0.0076);
Base VADER Pos = 0.0 (SHAP contribution: -0.0044)","The meta Random Forest predicted 'neu' mainly because the strongest individual supporting feature was Base NB Pos, while the strongest overall feature group was Naive Bayes. The top supporting features were Base NB Pos, Base RoBERTa Pos, Base NB Neg, Base SVM Pos, Base RoBERTa Neu. The main opposing signal was Base RoBERTa Neg."
95,correct,They're ok. They fall out easily even though I ordered my correct size of 00 gauge. And the picture on here looks better then the gems in person just so you know.,neu,neu,0.6127,Base RoBERTa Pos,RoBERTa,"Base RoBERTa Pos = 0.4414 (SHAP contribution: 0.0584);
Base RoBERTa Neg = 0.0801 (SHAP contribution: 0.0557);
Base RoBERTa Neu = 0.4785 (SHAP contribution: 0.0552);
Base VADER Compound = 0.7579 (SHAP contribution: 0.0407);
Base NB Pos = 0.2015 (SHAP contribution: 0.0278)","Base SVM Neu = 0.3295 (SHAP contribution: -0.0194);
Base VADER Neg = 0.0 (SHAP contribution: -0.0105);
Base SVM Neg = 0.3668 (SHAP contribution: -0.0057)","The meta Random Forest predicted 'neu' mainly because the strongest individual supporting feature was Base RoBERTa Pos, while the strongest overall feature group was RoBERTa. The top supporting features were Base RoBERTa Pos, Base RoBERTa Neg, Base RoBERTa Neu, Base VADER Compound, Base NB Pos. The main opposing signal was Base SVM Neu."
96,correct,"Easy to use, serves its purpose well",pos,pos,0.9299,Base RoBERTa Neg,RoBERTa,"Base RoBERTa Neg = 0.0078 (SHAP contribution: 0.1977);
Base RoBERTa Pos = 0.8981 (SHAP contribution: 0.1928);
Base RoBERTa Neu = 0.0941 (SHAP contribution: 0.062);
Base NB Pos = 0.5609 (SHAP contribution: 0.0471);
Base VADER Compound = 0.6124 (SHAP contribution: 0.035)",Base SVM Pos = 0.3278 (SHAP contribution: -0.0074),"The meta Random Forest predicted 'pos' mainly because the strongest individual supporting feature was Base RoBERTa Neg, while the strongest overall feature group was RoBERTa. The top supporting features were Base RoBERTa Neg, Base RoBERTa Pos, Base RoBERTa Neu, Base NB Pos, Base VADER Compound. The main opposing signal was Base SVM Pos."
97,correct,"chain isn't the best ""fake"" quality but the charm is cute and unique. I just put it on another one of my chains.",pos,pos,0.5106,Base RoBERTa Neg,Naive Bayes,"Base RoBERTa Neg = 0.0407 (SHAP contribution: 0.0934);
Base NB Pos = 0.5477 (SHAP contribution: 0.051);
Base VADER Pos = 0.263 (SHAP contribution: 0.0255);
Base RoBERTa Pos = 0.5157 (SHAP contribution: 0.0199);
Base VADER Compound = 0.7481 (SHAP contribution: 0.019)","Base RoBERTa Neu = 0.4436 (SHAP contribution: -0.0358);
Base VADER Neg = 0.076 (SHAP contribution: -0.0258);
Base SVM Pos = 0.3256 (SHAP contribution: -0.0117)","The meta Random Forest predicted 'pos' mainly because the strongest individual supporting feature was Base RoBERTa Neg, while the strongest overall feature group was Naive Bayes. The top supporting features were Base RoBERTa Neg, Base NB Pos, Base VADER Pos, Base RoBERTa Pos, Base VADER Compound. The main opposing signal was Base RoBERTa Neu."
98,correct,"Jean Jules Jusserand (1855 - 1932) was a diplomat, and an author. He was the French ambassador to the United States from 1902 to 1925, and during that time he wrote and published ""With Americans of Past and Present Days"" (1916) which was the winner of the first Pulitzer Prize in History in 1917. The work was a look at the relations between the United States and France up to that point in time. Just a couple years later, in the midst of World War I, Jusserand published a new edition of his work re-titled ""Brothers In Arms"", with a new preface, and he replaced his address about Horace Howard Furness with a piece entitled ""On Lafayette's Birthday and the Anniversary of the Marne"".""With Americans of Past and Present Days"" was an unusual work in several ways. Instead of providing a standard complete history of the relationship between the two countries, it is a collection of four essays followed by a piece about speeches given when commemorating the two hundredth anniversary of the Birth of Franklin, and then two addresses, and ""Brothers In Arms"" replaces one speech with another, and in both cases the majority of the text deals with the period around the birth of the United States.The first, and longest, essay is titled ""Rochambeau and the French in America"", and covers the relationship between Rochambeau and Washington, as well as the attitudes of the French towards the Americans, and the English, and their motives for helping the United States achieve its independence. It also covers to some extent the biography of Rochambeau after the revolution was over.The second essay is titled ""Major L'Enfant and the Federal City"" and it covers the creation of Washington D.C. and the significant contribution of Major Pierre Charles L'Enfant. Interestingly enough, though not all of the Major's ideas were implemented initially and the Major was dismissed before the work was completed, he was vindicated when the Park Commission and the Senate committee issued reports on the city in 1902, they wrote ""The original plan of the city of Washington having stood the test of a century, has met universal approval. The departures from that plan are to be regretted, and wherever possible, remedied.""The third essay is titled ""Washington and the French"", and covers how Washington's perception of our French allies changed from some initial suspicion, to one of respect, and lasting friendships with the French officers who served under him. Washington never had a chance to visit France, but his record of correspondence is quite clear. One of the most interesting areas was where Washington wrote about the revolution in France:""The Revolution which has been effected in France is of so wonderful a nature that the mind can hardly realize the fact...but I fear, though it has gone triumphantly through the first paroxysm, it is not the last it has to encounter before matters are finally settled. In a word, the revolution is of too great a magnitude to be effected in so short a space, and with the loss of so little blood.""Washington was amazingly prescient in his statement, as indeed the initial relatively peaceful revolution would soon turn to a period of terror.The next essay is simply titled ""Abraham Lincoln"", and it covers the attitudes of the French towards the great man. Just as the French took the cause of liberty to heart during our revolution, they greatly admired Lincoln for his stance against slavery. Jusserand's discussion of the reaction of the French to Lincoln's death really puts into perspective how much they thought of him.Next is a short piece titled ""The Franklin Medal"" and it discusses the minting of a special commemorative medal on the second centennial of the birth of Benjamin Franklin as a gift to be given to France. The French, of course, were enamored with Franklin and Franklin likewise was a strong supporter of the French. With the earthquake destroying San Francisco at around the same time, the French in return minted a special medal depicting a city rising from the ruins which was given to the mayor in 1909.The first of the two addresses in the revised edition is about Lafayette's Birthday and the Anniversary of the Marne. This is my least favorite section of either the original or the updated edition of the book. Unlike the other sections of the book, this one is more negative, and is really more an attack on Germany than anything else. There is a great deal of talk about France's position as well, but the thoughts about the United States are few and far between. It is understandable that a speech given near the end of a long and bloody conflict could be full of bitterness and hatred of the enemy, but that is all the more reason to not include it here. The new edition was published after the war, but clearly Jusserand had not forgiven the Germans or he would not have included it here. Ultimately it doesn't really fit, though the speech it replaces was also the weakest section of the original edition.Given the period in which this book was written, it should come as no surprise that the final address is about war, or perhaps it would be more accurate to say that it is about peace. Though Jusserand touches on the great conflict of the day, the address is much more about what he sees as the world moving away from wars and towards peace. Obviously, one could point out many ways in which his perception was way off, but in fact the nature of war has indeed changed quite a bit.In the first essay in this book, Jusserand describes how the French forbid their navy to interfere with Captain Cook's exploration in the time of the Revolutionary War. Can one ever imagine an enemy in this day and age doing such a thing? Another point which is driven home in the essay on Rochambeau is how important it was to be perceived as treating one's prisoners well, and once again that no longer appears to be of primary importance. So while Jusserand may not have been correct in seeing war becoming less significant, his perception that its nature had changed would seem to have been proved out by the two World Wars, as well as the conflicts during the Cold War.Overall this is an interesting work of history. It lacks the objectivity that so many look for in a historical text, as Jusserand is very much promoting the strength of the relationship between the two countries. Significant events, such as the Louisiana Purchase are barely mentioned at all, and large gaps exist between what he covers. His choice of subjects for his essays and addresses vary quite a bit as well. The first three essays are very strong pieces, followed by the weaker essay on Lincoln and then the two weakest pieces of the book. I gave the original edition four stars, rounding up, but in this case I am going with three stars because I feel it was weakened by the decision to include the piece on Lafayette and the anniversary of the Marne.",neu,neu,0.5637,Base RoBERTa Neu,RoBERTa,"Base RoBERTa Neu = 0.748 (SHAP contribution: 0.0442);
Base RoBERTa Pos = 0.2336 (SHAP contribution: 0.0428);
Base SVM Neu = 0.5228 (SHAP contribution: 0.0365);
Base NB Pos = 0.1981 (SHAP contribution: 0.0274);
Base VADER Compound = 0.9603 (SHAP contribution: 0.0247)","Base RoBERTa Neg = 0.0184 (SHAP contribution: -0.015);
Base NB Neg = 0.2172 (SHAP contribution: -0.0068)","The meta Random Forest predicted 'neu' mainly because the strongest individual supporting feature was Base RoBERTa Neu, while the strongest overall feature group was RoBERTa. The top supporting features were Base RoBERTa Neu, Base RoBERTa Pos, Base SVM Neu, Base NB Pos, Base VADER Compound. The main opposing signal was Base RoBERTa Neg."
99,correct,"These sit on your ears (they do not ""cup"" the ears) but are very comfortable. They are not very loud which concerns me.",neu,neu,0.4942,Base RoBERTa Neg,RoBERTa,"Base RoBERTa Neg = 0.2508 (SHAP contribution: 0.058);
Base RoBERTa Pos = 0.1323 (SHAP contribution: 0.0468);
Base VADER Compound = 0.7086 (SHAP contribution: 0.0452);
Base RoBERTa Neu = 0.617 (SHAP contribution: 0.0368);
Base VADER Pos = 0.182 (SHAP contribution: 0.0197)","Base NB Neu = 0.2481 (SHAP contribution: -0.0498);
Base SVM Neu = 0.2951 (SHAP contribution: -0.0348);
Base VADER Neg = 0.0 (SHAP contribution: -0.0067);
Base SVM Neg = 0.4225 (SHAP contribution: -0.0041)","The meta Random Forest predicted 'neu' mainly because the strongest individual supporting feature was Base RoBERTa Neg, while the strongest overall feature group was RoBERTa. The top supporting features were Base RoBERTa Neg, Base RoBERTa Pos, Base VADER Compound, Base RoBERTa Neu, Base VADER Pos. The main opposing signal was Base NB Neu."
102,correct,"This book is one of the worst I have ever started to read (""started"" because I couldn't finish it). At first glance, the plot sounds interesting; but upon actually reading the text, it is lost in a miasma of cardboard characters and uninteresting subplots. The author goes on at great length about a wholly unbelievable technology (which allows one person to experience another's experiences), much to the detriment of the story. On top of this poor organization, the writing itself is amateurish -- not at all helped by being entirely in present tense, as if the author is hoping to distract the reader from the weak plot and characters. There have been very few books which I've started and been unwilling to finish, but this is one of them.",neg,neg,0.9201,Base RoBERTa Neg,RoBERTa,"Base RoBERTa Neg = 0.894 (SHAP contribution: 0.1669);
Base RoBERTa Pos = 0.0077 (SHAP contribution: 0.1575);
Base NB Pos = 0.164 (SHAP contribution: 0.0511);
Base RoBERTa Neu = 0.0982 (SHAP contribution: 0.051);
Base VADER Compound = -0.6364 (SHAP contribution: 0.0503)",None,"The meta Random Forest predicted 'neg' mainly because the strongest individual supporting feature was Base RoBERTa Neg, while the strongest overall feature group was RoBERTa. The top supporting features were Base RoBERTa Neg, Base RoBERTa Pos, Base NB Pos, Base RoBERTa Neu, Base VADER Compound. The main opposing signal was no strong opposing signal."
103,correct,I read this book years ago. It had a great plot but it got a bit silly in parts. Read it if you don't have anything better on hand. It was okay.,neu,neu,0.4853,Base RoBERTa Neg,RoBERTa,"Base RoBERTa Neg = 0.2438 (SHAP contribution: 0.05);
Base RoBERTa Pos = 0.2262 (SHAP contribution: 0.049);
Base VADER Compound = 0.7384 (SHAP contribution: 0.0443);
Base RoBERTa Neu = 0.5301 (SHAP contribution: 0.0316);
Base NB Pos = 0.2259 (SHAP contribution: 0.0157)","Base NB Neu = 0.2452 (SHAP contribution: -0.0456);
Base SVM Neu = 0.3264 (SHAP contribution: -0.0291);
Base SVM Pos = 0.3253 (SHAP contribution: -0.0058);
Base VADER Neu = 0.641 (SHAP contribution: -0.0005)","The meta Random Forest predicted 'neu' mainly because the strongest individual supporting feature was Base RoBERTa Neg, while the strongest overall feature group was RoBERTa. The top supporting features were Base RoBERTa Neg, Base RoBERTa Pos, Base VADER Compound, Base RoBERTa Neu, Base NB Pos. The main opposing signal was Base NB Neu."
106,correct,These hats would have been much warmer with a inner liner of fleece. Otherwise these are good.,pos,pos,0.4917,Base NB Pos,Naive Bayes,"Base NB Pos = 0.4882 (SHAP contribution: 0.0498);
Base RoBERTa Neg = 0.0699 (SHAP contribution: 0.0429);
Base VADER Compound = 0.6249 (SHAP contribution: 0.0239);
Base NB Neu = 0.2623 (SHAP contribution: 0.023);
Base RoBERTa Pos = 0.493 (SHAP contribution: 0.0226)","Base RoBERTa Neu = 0.4371 (SHAP contribution: -0.0406);
Base SVM Pos = 0.3408 (SHAP contribution: -0.0107)","The meta Random Forest predicted 'pos' mainly because the strongest individual supporting feature was Base NB Pos, while the strongest overall feature group was Naive Bayes. The top supporting features were Base NB Pos, Base RoBERTa Neg, Base VADER Compound, Base NB Neu, Base RoBERTa Pos. The main opposing signal was Base RoBERTa Neu."
108,correct,"Wow. I expected better. Is it Cornwell or his wife that just doesn't get us to that place we have come to expect from Cornwell. Trite might be a description. Forgetable is probably what I am going to be left with on this one.The period is one of my favorites, it is the dawn of the regency era, when the terror is taking over France. Great we have seen this in before in such works as Dickens, A Tale of Two Cities, and in the Scarlett Pimpernel.With those classic examples, Cornwell should know that he has do as well as they, or better. He doesn't. We have a little princess of a heroine whose backbone is forced upon us. We have a transparent villian, and we have a hero who really shines as hero only through the mist colored eyes of a romance novel. So what is a novel from one of the premier historical novelists is rally a romance with a thin veneer of historical laced on it.Better has been done elsewhere. Can be skipped.",neu,neu,0.5716,Base RoBERTa Neg,RoBERTa,"Base RoBERTa Neg = 0.255 (SHAP contribution: 0.0575);
Base VADER Compound = 0.9859 (SHAP contribution: 0.0451);
Base RoBERTa Pos = 0.1887 (SHAP contribution: 0.044);
Base RoBERTa Neu = 0.5563 (SHAP contribution: 0.0356);
Base NB Neu = 0.42 (SHAP contribution: 0.0181)","Base NB Neg = 0.2276 (SHAP contribution: -0.0117);
Base SVM Neg = 0.3873 (SHAP contribution: -0.007);
Base SVM Pos = 0.2523 (SHAP contribution: -0.0023);
Base NB Pos = 0.3524 (SHAP contribution: -0.0002)","The meta Random Forest predicted 'neu' mainly because the strongest individual supporting feature was Base RoBERTa Neg, while the strongest overall feature group was RoBERTa. The top supporting features were Base RoBERTa Neg, Base VADER Compound, Base RoBERTa Pos, Base RoBERTa Neu, Base NB Neu. The main opposing signal was Base NB Neg."
109,correct,"Have read a good third of the book so far. Story is usually fine and moves right along, is humorous at times even--which is o.k.; the thing that bugs this reader is the fact the author seems to slow things down now and then whenever he attempts to cram his political views down the reader's throat. I don't mind messages in small doses, but to stop your narrative and get on a soap box and start preaching is just plain stupid and bothersome and does not work. Rocky is a good word to describe this tale. On the other hand, I loved Cottonpickers. Your money, your choice.",neu,neu,0.5709,Base RoBERTa Neu,RoBERTa,"Base RoBERTa Neu = 0.4249 (SHAP contribution: 0.0437);
Base VADER Compound = 0.8074 (SHAP contribution: 0.0422);
Base RoBERTa Pos = 0.1021 (SHAP contribution: 0.0367);
Base RoBERTa Neg = 0.473 (SHAP contribution: 0.0313);
Base NB Pos = 0.1979 (SHAP contribution: 0.0232)","Base NB Neg = 0.2253 (SHAP contribution: -0.0153);
Base SVM Neg = 0.3681 (SHAP contribution: -0.0022);
Base SVM Pos = 0.2462 (SHAP contribution: -0.0008)","The meta Random Forest predicted 'neu' mainly because the strongest individual supporting feature was Base RoBERTa Neu, while the strongest overall feature group was RoBERTa. The top supporting features were Base RoBERTa Neu, Base VADER Compound, Base RoBERTa Pos, Base RoBERTa Neg, Base NB Pos. The main opposing signal was Base NB Neg."
110,correct,Was nice and appropriate for a costume party. I got with the purple lining - matched my costume and highlights.,pos,pos,0.9204,Base RoBERTa Neg,RoBERTa,"Base RoBERTa Neg = 0.004 (SHAP contribution: 0.2029);
Base RoBERTa Pos = 0.8997 (SHAP contribution: 0.2018);
Base RoBERTa Neu = 0.0963 (SHAP contribution: 0.0656);
Base NB Pos = 0.4243 (SHAP contribution: 0.0348);
Base VADER Compound = 0.6705 (SHAP contribution: 0.0315)","Base SVM Pos = 0.3063 (SHAP contribution: -0.0111);
Base SVM Neg = 0.3728 (SHAP contribution: -0.0038)","The meta Random Forest predicted 'pos' mainly because the strongest individual supporting feature was Base RoBERTa Neg, while the strongest overall feature group was RoBERTa. The top supporting features were Base RoBERTa Neg, Base RoBERTa Pos, Base RoBERTa Neu, Base NB Pos, Base VADER Compound. The main opposing signal was Base SVM Pos."
111,correct,"This first (outside) later I'd this shirt is made of sheer fabric. The second layer is only a half shirt, so it looks ridiculous. Why not make the first layer the length of a full shirt?",neg,neg,0.7586,Base RoBERTa Pos,RoBERTa,"Base RoBERTa Pos = 0.0158 (SHAP contribution: 0.16);
Base RoBERTa Neg = 0.7888 (SHAP contribution: 0.1399);
Base RoBERTa Neu = 0.1954 (SHAP contribution: 0.0421);
Base VADER Compound = -0.4144 (SHAP contribution: 0.0401);
Base VADER Pos = 0.0 (SHAP contribution: 0.0331)","Base NB Neu = 0.4769 (SHAP contribution: -0.0144);
Base NB Neg = 0.3212 (SHAP contribution: -0.0142)","The meta Random Forest predicted 'neg' mainly because the strongest individual supporting feature was Base RoBERTa Pos, while the strongest overall feature group was RoBERTa. The top supporting features were Base RoBERTa Pos, Base RoBERTa Neg, Base RoBERTa Neu, Base VADER Compound, Base VADER Pos. The main opposing signal was Base NB Neu."
112,correct,"I was surprisingly unimpressed with this book. So far I have read three of Gaskell's other novels -- North and South, Wives and Daughters and Mary Barton. I loved them all. Gaskell's faith, the elegant strength of her heroines, and the attention that she pays to the details of daily life kept me interested and engaged. Gaskell is just such a passionate and compassionate writer.I have loved the way she combines social commentary with fine story telling. But while Ruth starts out just as strong as her other books, I was bored a third of the way through. Ruth's long suffering, her sobbing and sighing and crying through her desertion by Mr. Bellingham, her motherhood, and her stuggle to overcome her sin drove me to distraction. I found this character annoying and insipid. While her early innocence was refreshing I really didn't feel there was much character development after that point. In fact, Ruth seems less like a real person than any of the other characters in Gaskell's novels. If you have never read anything by this author I would not recommend this book as the place to start. Any of the others is a better choice",neu,neu,0.5558,Base RoBERTa Pos,RoBERTa,"Base RoBERTa Pos = 0.6496 (SHAP contribution: 0.042);
Base SVM Neu = 0.3974 (SHAP contribution: 0.037);
Base RoBERTa Neg = 0.0422 (SHAP contribution: 0.0346);
Base RoBERTa Neu = 0.3082 (SHAP contribution: 0.0294);
Base NB Pos = 0.1921 (SHAP contribution: 0.0262)","Base VADER Compound = -0.4947 (SHAP contribution: -0.0229);
Base VADER Neu = 0.687 (SHAP contribution: -0.0074)","The meta Random Forest predicted 'neu' mainly because the strongest individual supporting feature was Base RoBERTa Pos, while the strongest overall feature group was RoBERTa. The top supporting features were Base RoBERTa Pos, Base SVM Neu, Base RoBERTa Neg, Base RoBERTa Neu, Base NB Pos. The main opposing signal was Base VADER Compound."
113,correct,Too light and cheap feeling,neg,neg,0.7078,Base RoBERTa Pos,RoBERTa,"Base RoBERTa Pos = 0.0179 (SHAP contribution: 0.1723);
Base RoBERTa Neg = 0.7824 (SHAP contribution: 0.147);
Base RoBERTa Neu = 0.1997 (SHAP contribution: 0.0288);
Base VADER Compound = 0.128 (SHAP contribution: 0.0252);
Base SVM Pos = 0.3196 (SHAP contribution: 0.015)","Base VADER Pos = 0.273 (SHAP contribution: -0.0295);
Base NB Pos = 0.2966 (SHAP contribution: -0.0052);
Base NB Neg = 0.3855 (SHAP contribution: -0.004);
Base VADER Neu = 0.727 (SHAP contribution: -0.001);
Base VADER Neg = 0.0 (SHAP contribution: -0.0009)","The meta Random Forest predicted 'neg' mainly because the strongest individual supporting feature was Base RoBERTa Pos, while the strongest overall feature group was RoBERTa. The top supporting features were Base RoBERTa Pos, Base RoBERTa Neg, Base RoBERTa Neu, Base VADER Compound, Base SVM Pos. The main opposing signal was Base VADER Pos."
114,correct,If a industrial cleaner never do a good job. what you expect from kiddy model,neg,neg,0.7237,Base RoBERTa Pos,RoBERTa,"Base RoBERTa Pos = 0.0163 (SHAP contribution: 0.1547);
Base RoBERTa Neg = 0.7564 (SHAP contribution: 0.1346);
Base VADER Compound = -0.1793 (SHAP contribution: 0.0459);
Base RoBERTa Neu = 0.2273 (SHAP contribution: 0.0269);
Base NB Neg = 0.5123 (SHAP contribution: 0.0207)","Base SVM Pos = 0.3466 (SHAP contribution: -0.0222);
Base NB Pos = 0.2513 (SHAP contribution: -0.0078);
Base SVM Neg = 0.337 (SHAP contribution: -0.0045);
Base VADER Pos = 0.113 (SHAP contribution: -0.0044)","The meta Random Forest predicted 'neg' mainly because the strongest individual supporting feature was Base RoBERTa Pos, while the strongest overall feature group was RoBERTa. The top supporting features were Base RoBERTa Pos, Base RoBERTa Neg, Base VADER Compound, Base RoBERTa Neu, Base NB Neg. The main opposing signal was Base SVM Pos."
115,correct,This outfit does not look like the picture they promote it to look like. I'm very disappointed.,neg,neg,0.8991,Base RoBERTa Neg,RoBERTa,"Base RoBERTa Neg = 0.9321 (SHAP contribution: 0.163);
Base RoBERTa Pos = 0.0069 (SHAP contribution: 0.156);
Base NB Pos = 0.1618 (SHAP contribution: 0.0503);
Base RoBERTa Neu = 0.061 (SHAP contribution: 0.048);
Base VADER Compound = -0.614 (SHAP contribution: 0.0445)",Base SVM Neu = 0.3741 (SHAP contribution: -0.0039),"The meta Random Forest predicted 'neg' mainly because the strongest individual supporting feature was Base RoBERTa Neg, while the strongest overall feature group was RoBERTa. The top supporting features were Base RoBERTa Neg, Base RoBERTa Pos, Base NB Pos, Base RoBERTa Neu, Base VADER Compound. The main opposing signal was Base SVM Neu."
117,correct,Best bookbag I ever had. Great price and great material.,pos,pos,0.9123,Base RoBERTa Neg,RoBERTa,"Base RoBERTa Neg = 0.0045 (SHAP contribution: 0.1906);
Base RoBERTa Pos = 0.9641 (SHAP contribution: 0.1761);
Base RoBERTa Neu = 0.0314 (SHAP contribution: 0.046);
Base NB Pos = 0.464 (SHAP contribution: 0.0407);
Base VADER Compound = 0.9246 (SHAP contribution: 0.0306)",Base NB Neu = 0.3281 (SHAP contribution: -0.001),"The meta Random Forest predicted 'pos' mainly because the strongest individual supporting feature was Base RoBERTa Neg, while the strongest overall feature group was RoBERTa. The top supporting features were Base RoBERTa Neg, Base RoBERTa Pos, Base RoBERTa Neu, Base NB Pos, Base VADER Compound. The main opposing signal was Base NB Neu."
120,correct,It broke butterfly came off,neg,neg,0.5213,Base VADER Compound,VADER,"Base VADER Compound = -0.4215 (SHAP contribution: 0.0668);
Base RoBERTa Pos = 0.0402 (SHAP contribution: 0.0513);
Base RoBERTa Neg = 0.4306 (SHAP contribution: 0.0464);
Base VADER Neg = 0.412 (SHAP contribution: 0.0454);
Base VADER Pos = 0.0 (SHAP contribution: 0.0386)","Base SVM Neu = 0.3601 (SHAP contribution: -0.018);
Base RoBERTa Neu = 0.5292 (SHAP contribution: -0.0163);
Base NB Neg = 0.3494 (SHAP contribution: -0.0145);
Base NB Neu = 0.3925 (SHAP contribution: -0.013);
Base SVM Neg = 0.3477 (SHAP contribution: -0.0072)","The meta Random Forest predicted 'neg' mainly because the strongest individual supporting feature was Base VADER Compound, while the strongest overall feature group was VADER. The top supporting features were Base VADER Compound, Base RoBERTa Pos, Base RoBERTa Neg, Base VADER Neg, Base VADER Pos. The main opposing signal was Base SVM Neu."
121,correct,material not as expected. very cheap looking and didnt look cute as on photo,neg,neg,0.7279,Base RoBERTa Pos,RoBERTa,"Base RoBERTa Pos = 0.0124 (SHAP contribution: 0.1713);
Base RoBERTa Neg = 0.8313 (SHAP contribution: 0.1582);
Base RoBERTa Neu = 0.1564 (SHAP contribution: 0.0536);
Base VADER Pos = 0.0 (SHAP contribution: 0.0268);
Base VADER Compound = -0.357 (SHAP contribution: 0.0247)","Base NB Neg = 0.2276 (SHAP contribution: -0.0214);
Base NB Neu = 0.5668 (SHAP contribution: -0.0188);
Base VADER Neu = 0.84 (SHAP contribution: -0.0083);
Base VADER Neg = 0.16 (SHAP contribution: -0.0061);
Base SVM Neg = 0.3306 (SHAP contribution: -0.0053)","The meta Random Forest predicted 'neg' mainly because the strongest individual supporting feature was Base RoBERTa Pos, while the strongest overall feature group was RoBERTa. The top supporting features were Base RoBERTa Pos, Base RoBERTa Neg, Base RoBERTa Neu, Base VADER Pos, Base VADER Compound. The main opposing signal was Base NB Neg."
123,correct,Mr. Pullman is quite possibly the most gifted writer to ever walk the earth. His talent for words is incredibly. The finly woven characters in The Subtle Knife are exquisite. I believe that people will remember His Dark Materials as we remember Dickens or Twain. I know that some of you disagree with Mr. Pullmans religeos veiws in this book but he is doing what few writers have ever dared and you should appreciate it and not be so uptight.,pos,pos,0.5,Base RoBERTa Neg,RoBERTa,"Base RoBERTa Neg = 0.0181 (SHAP contribution: 0.173);
Base RoBERTa Pos = 0.8001 (SHAP contribution: 0.1385);
Base RoBERTa Neu = 0.1818 (SHAP contribution: 0.0212);
Base SVM Neu = 0.3392 (SHAP contribution: 0.015);
Base NB Neu = 0.2324 (SHAP contribution: 0.0106)","Base VADER Compound = -0.2262 (SHAP contribution: -0.0499);
Base NB Pos = 0.1723 (SHAP contribution: -0.0403);
Base NB Neg = 0.5953 (SHAP contribution: -0.0288);
Base VADER Pos = 0.064 (SHAP contribution: -0.0212);
Base VADER Neg = 0.074 (SHAP contribution: -0.0146)","The meta Random Forest predicted 'pos' mainly because the strongest individual supporting feature was Base RoBERTa Neg, while the strongest overall feature group was RoBERTa. The top supporting features were Base RoBERTa Neg, Base RoBERTa Pos, Base RoBERTa Neu, Base SVM Neu, Base NB Neu. The main opposing signal was Base VADER Compound."
124,correct,"This is the second band (silver/gold) that I have ordered and they generally seem to last about a year. No complaints about that, as I wear it every day. I agree with some of the other raters in that a tool should have been included to do the adjustment. I had one left over from the last band I ordered, and it broke because the pins in the band were in so tight. So, along with the others, I will need to take this to a jeweler to adjust. This band is huge and it should be disclosed that the buyer will need (most likely) to get the band adjusted.",neu,neu,0.4686,Base RoBERTa Neu,RoBERTa,"Base RoBERTa Neu = 0.6259 (SHAP contribution: 0.0391);
Base RoBERTa Pos = 0.1065 (SHAP contribution: 0.0301);
Base SVM Neu = 0.5726 (SHAP contribution: 0.0221);
Base RoBERTa Neg = 0.2676 (SHAP contribution: 0.0204);
Base NB Pos = 0.1987 (SHAP contribution: 0.0176)","Base VADER Compound = -0.4404 (SHAP contribution: -0.0308);
Base VADER Pos = 0.044 (SHAP contribution: -0.0111);
Base SVM Pos = 0.2393 (SHAP contribution: -0.0032);
Base NB Neg = 0.2286 (SHAP contribution: -0.0027)","The meta Random Forest predicted 'neu' mainly because the strongest individual supporting feature was Base RoBERTa Neu, while the strongest overall feature group was RoBERTa. The top supporting features were Base RoBERTa Neu, Base RoBERTa Pos, Base SVM Neu, Base RoBERTa Neg, Base NB Pos. The main opposing signal was Base VADER Compound."
125,correct,"Until Thomas L. Thompson's ""The Mythic Past,"" this was the best (and still the briefest) read on the essential history behind the stories that inspire us. While the author questions orthodox (fundamentalist) interpretations (where do YOU draw the line between mythic truth and historical accuracy -- Adam & Eve? the Patriarchs? Moses? David & Solomon? Josiah?... you get the picture) it in no way interferes with a devout appreciation of the scriptures, or with a contemporary concern for the political integrity of the Holy Land, etc. Worth tracking down if you're interested in the subject.",pos,pos,0.5224,Base RoBERTa Neg,RoBERTa,"Base RoBERTa Neg = 0.0177 (SHAP contribution: 0.1573);
Base RoBERTa Pos = 0.6334 (SHAP contribution: 0.0629);
Base SVM Pos = 0.3547 (SHAP contribution: 0.0254);
Base SVM Neu = 0.2966 (SHAP contribution: 0.0167);
Base NB Neg = 0.217 (SHAP contribution: 0.0143)","Base RoBERTa Neu = 0.3489 (SHAP contribution: -0.0479);
Base NB Pos = 0.2099 (SHAP contribution: -0.0365);
Base NB Neu = 0.573 (SHAP contribution: -0.012);
Base SVM Neg = 0.3487 (SHAP contribution: -0.0018)","The meta Random Forest predicted 'pos' mainly because the strongest individual supporting feature was Base RoBERTa Neg, while the strongest overall feature group was RoBERTa. The top supporting features were Base RoBERTa Neg, Base RoBERTa Pos, Base SVM Pos, Base SVM Neu, Base NB Neg. The main opposing signal was Base RoBERTa Neu."
126,correct,"THIS REVIEW IS NOT BASED UPON CONTENT OF BOOK - I thought this would be great to have on Kindle, so I could access it wherever I might be (visiting friends, on vacation or discussing cooking w/ others). Unfortunately, as a reference book, this publication on Kindle simply doesn't work. In fact, it's extremely frustrating. The otherwise logical linking of content (not unusual for a cookbook) - for example, a recipe for marinade referenced in a recipe for a certain cut of meat - cannot be accessed in any reasonable way. The text references page numbers, which are absent from the Kindle. There could be embedded links to take a reader to the referenced material, but there are no links in this. Even trying to do a word search is very frustrating as you may find a number of results and there is no easy way to determine which of the results is related to what you are seeking. In sum, a waste of money. My confession: this is the first reference-type book I've tried on Kindle, so perhaps this deficiency in the product / application is well-known, but I naively thought that such a common use of hot links would be an obvious tool to make the Kindle presentation of the book superior even to the paper version. Alas, that opportunity is not realized with this.",neg,neg,0.915,Base RoBERTa Neg,RoBERTa,"Base RoBERTa Neg = 0.8801 (SHAP contribution: 0.167);
Base RoBERTa Pos = 0.0096 (SHAP contribution: 0.1587);
Base NB Pos = 0.1627 (SHAP contribution: 0.0535);
Base RoBERTa Neu = 0.1103 (SHAP contribution: 0.0531);
Base NB Neg = 0.6103 (SHAP contribution: 0.0495)",Base SVM Neu = 0.1655 (SHAP contribution: -0.0008),"The meta Random Forest predicted 'neg' mainly because the strongest individual supporting feature was Base RoBERTa Neg, while the strongest overall feature group was RoBERTa. The top supporting features were Base RoBERTa Neg, Base RoBERTa Pos, Base NB Pos, Base RoBERTa Neu, Base NB Neg. The main opposing signal was Base SVM Neu."
130,correct,She wore these 3 times and they already ripped/broke. Tried to return/exchange and wasn't allowed to. My daughter is so upset as this was her favorite Christmas present.,neg,neg,0.7981,Base RoBERTa Pos,RoBERTa,"Base RoBERTa Pos = 0.019 (SHAP contribution: 0.17);
Base RoBERTa Neg = 0.8041 (SHAP contribution: 0.1512);
Base RoBERTa Neu = 0.1769 (SHAP contribution: 0.0515);
Base VADER Compound = -0.0941 (SHAP contribution: 0.0381);
Base NB Neg = 0.536 (SHAP contribution: 0.0196)","Base SVM Neu = 0.3852 (SHAP contribution: -0.0063);
Base VADER Pos = 0.096 (SHAP contribution: -0.0016);
Base VADER Neu = 0.797 (SHAP contribution: -0.0012)","The meta Random Forest predicted 'neg' mainly because the strongest individual supporting feature was Base RoBERTa Pos, while the strongest overall feature group was RoBERTa. The top supporting features were Base RoBERTa Pos, Base RoBERTa Neg, Base RoBERTa Neu, Base VADER Compound, Base NB Neg. The main opposing signal was Base SVM Neu."
131,correct,"As debut novels go, this one was fairly good. The author introduces us to Conrad Voort, a police officer who comes from a long family line of law enforcement officers, and who also just happens to be the 'richest cop in New York'. Although Voort's personal relationship has just hit the skids, work must continue. He and his partner (who is also wealthy) must track down a killer who is leaving the initials BHC at each of the murder scenes. About half way through the book, the author throws in a wonderful twist as to the identity of the members of the Broken Hearts Club. The only real downside to this book is the author's continuing references regarding Voort's wealth in places where it isn't relevant to the storyline. When the author does this, it detracts from the storyline and the fact Voort is excellent cop with a sharp mind.",neu,neu,0.5195,Base RoBERTa Neu,RoBERTa,"Base RoBERTa Neu = 0.3845 (SHAP contribution: 0.0446);
Base RoBERTa Pos = 0.5894 (SHAP contribution: 0.033);
Base VADER Neg = 0.084 (SHAP contribution: 0.0298);
Base NB Pos = 0.204 (SHAP contribution: 0.0255);
Base VADER Pos = 0.101 (SHAP contribution: 0.0187)","Base SVM Neu = 0.3189 (SHAP contribution: -0.0235);
Base VADER Compound = 0.4215 (SHAP contribution: -0.001)","The meta Random Forest predicted 'neu' mainly because the strongest individual supporting feature was Base RoBERTa Neu, while the strongest overall feature group was RoBERTa. The top supporting features were Base RoBERTa Neu, Base RoBERTa Pos, Base VADER Neg, Base NB Pos, Base VADER Pos. The main opposing signal was Base SVM Neu."
132,correct,"The Swann camera is a good security system for either home or business uses. The system has a few hiccups - the motion sensor among them -- but is value priced and simple to use. The included 2GB SD card can record up to 3 hours of continuous footage. I recommend you upgrade to the 32GB SD card, which can handle up to two days of continuous recording. I won't repeat the issues addressed by other reviewers. Although, the motion sensor is temperamental, so expect to spend a bit longer than you might have wanted for the initial configuration. The Swann website offers these installation tips: * For best results do NOT point the camera towards a light source such as the sun or light. * Also do not have the camera in a shaded area looking out into a well lit area as this will display poor results. Example: If the camera is hidden in a mailbox, because the mailbox is dark inside the camera sensor will try to adjust according to the available light. But if outside the mailbox there is good light like sunshine, you will get poor results. The light to the camera sensor in the front of the camera needs to be the same as the light at the focal target for best results. * Power for Wired and Wireless Cameras, both types of cameras require a power source, although the camera maybe weatherproof the connections to the AV cable and power adapter are not. Please make sure that these connections are in a water or moisture free environment. * Over time the lens or front case glass may become dirty, please use a lint free cloth to clean both. Similar cloth that would be used to clean a CD Disc. * Power adapters: all power adapters are for indoor use only and must be shielded from outdoor elements. When using an outdoor camera, please use extension cords to power the camera and keep cables away from the outdoor elements. * When installing the camera, before screwing in the mounting bracket, check the image on the screen to see if the picture is clear from direct sun or light. In summary, with proper set-up, the Swann SWA43-D6C12 Digital Wireless Camera and 4 Channel SD Recorder works better than the Defender Alarm Clock DVR with Built-in Color Pinhole Camera, another security system I tested as part of the Amazon Vine Program. Rating: Three stars.",neu,neu,0.6431,Base RoBERTa Pos,RoBERTa,"Base RoBERTa Pos = 0.5059 (SHAP contribution: 0.0632);
Base RoBERTa Neu = 0.4383 (SHAP contribution: 0.0562);
Base RoBERTa Neg = 0.0558 (SHAP contribution: 0.0474);
Base VADER Compound = 0.994 (SHAP contribution: 0.0333);
Base NB Pos = 0.1982 (SHAP contribution: 0.0323)",Base SVM Neu = 0.17 (SHAP contribution: -0.0201),"The meta Random Forest predicted 'neu' mainly because the strongest individual supporting feature was Base RoBERTa Pos, while the strongest overall feature group was RoBERTa. The top supporting features were Base RoBERTa Pos, Base RoBERTa Neu, Base RoBERTa Neg, Base VADER Compound, Base NB Pos. The main opposing signal was Base SVM Neu."
133,correct,Granddaughter loves itMy granddaughter is 5 and is tall for her age.We got a 4 and it fits perfect,pos,pos,0.9537,Base RoBERTa Neg,RoBERTa,"Base RoBERTa Neg = 0.003 (SHAP contribution: 0.1989);
Base RoBERTa Pos = 0.9643 (SHAP contribution: 0.18);
Base RoBERTa Neu = 0.0327 (SHAP contribution: 0.0499);
Base NB Pos = 0.5922 (SHAP contribution: 0.0445);
Base VADER Compound = 0.8126 (SHAP contribution: 0.0368)",None,"The meta Random Forest predicted 'pos' mainly because the strongest individual supporting feature was Base RoBERTa Neg, while the strongest overall feature group was RoBERTa. The top supporting features were Base RoBERTa Neg, Base RoBERTa Pos, Base RoBERTa Neu, Base NB Pos, Base VADER Compound. The main opposing signal was no strong opposing signal."
134,correct,The sound quality was terrible. The headsets themselves felt great and durable,neg,neg,0.6484,Base RoBERTa Neg,RoBERTa,"Base RoBERTa Neg = 0.6609 (SHAP contribution: 0.1295);
Base RoBERTa Pos = 0.0426 (SHAP contribution: 0.0687);
Base NB Neu = 0.2534 (SHAP contribution: 0.0355);
Base RoBERTa Neu = 0.2965 (SHAP contribution: 0.0204);
Base VADER Neg = 0.18 (SHAP contribution: 0.0198)","Base VADER Compound = 0.25 (SHAP contribution: -0.019);
Base VADER Pos = 0.238 (SHAP contribution: -0.017)","The meta Random Forest predicted 'neg' mainly because the strongest individual supporting feature was Base RoBERTa Neg, while the strongest overall feature group was RoBERTa. The top supporting features were Base RoBERTa Neg, Base RoBERTa Pos, Base NB Neu, Base RoBERTa Neu, Base VADER Neg. The main opposing signal was Base VADER Compound."
135,correct,Not all wool as title implies. Very cheaply made.,neg,neg,0.7537,Base RoBERTa Neg,RoBERTa,"Base RoBERTa Neg = 0.6411 (SHAP contribution: 0.1342);
Base RoBERTa Pos = 0.0243 (SHAP contribution: 0.1166);
Base VADER Compound = 0.0 (SHAP contribution: 0.0635);
Base VADER Pos = 0.0 (SHAP contribution: 0.041);
Base RoBERTa Neu = 0.3346 (SHAP contribution: 0.0338)","Base NB Pos = 0.3286 (SHAP contribution: -0.0165);
Base SVM Neg = 0.3345 (SHAP contribution: -0.0053)","The meta Random Forest predicted 'neg' mainly because the strongest individual supporting feature was Base RoBERTa Neg, while the strongest overall feature group was RoBERTa. The top supporting features were Base RoBERTa Neg, Base RoBERTa Pos, Base VADER Compound, Base VADER Pos, Base RoBERTa Neu. The main opposing signal was Base NB Pos."
138,correct,"This book started with a bang and got me hooked. It is a very interesting premise and the accounts that Gladwell started with were relevant and powerful in illustrating his thesis. Halfway through the book, the different stories Gladwell included become less and less pertinent to his central thesis. The point becomes really diffuse in the second half of the book and he almost lost my interest. One of the stars in my rating is from the fact that it is a decent effort and an interesting premise, but could be executed better to maintain readers' interest.",neu,neu,0.5547,Base RoBERTa Neg,RoBERTa,"Base RoBERTa Neg = 0.1939 (SHAP contribution: 0.0662);
Base VADER Compound = 0.9138 (SHAP contribution: 0.0428);
Base RoBERTa Pos = 0.2708 (SHAP contribution: 0.042);
Base RoBERTa Neu = 0.5353 (SHAP contribution: 0.0269);
Base NB Pos = 0.1989 (SHAP contribution: 0.0248)","Base NB Neg = 0.2174 (SHAP contribution: -0.012);
Base SVM Neu = 0.3413 (SHAP contribution: -0.0101);
Base VADER Neg = 0.014 (SHAP contribution: -0.0057)","The meta Random Forest predicted 'neu' mainly because the strongest individual supporting feature was Base RoBERTa Neg, while the strongest overall feature group was RoBERTa. The top supporting features were Base RoBERTa Neg, Base VADER Compound, Base RoBERTa Pos, Base RoBERTa Neu, Base NB Pos. The main opposing signal was Base NB Neg."
139,correct,The cable works great and I'm very pleased with the purchase. Works exactly as described for the classic Xbox.,pos,pos,0.9085,Base RoBERTa Neg,RoBERTa,"Base RoBERTa Neg = 0.0032 (SHAP contribution: 0.1955);
Base RoBERTa Pos = 0.9717 (SHAP contribution: 0.1727);
Base NB Pos = 0.602 (SHAP contribution: 0.0402);
Base RoBERTa Neu = 0.0252 (SHAP contribution: 0.0396);
Base VADER Compound = 0.807 (SHAP contribution: 0.0371)",Base SVM Neg = 0.2479 (SHAP contribution: -0.0019),"The meta Random Forest predicted 'pos' mainly because the strongest individual supporting feature was Base RoBERTa Neg, while the strongest overall feature group was RoBERTa. The top supporting features were Base RoBERTa Neg, Base RoBERTa Pos, Base NB Pos, Base RoBERTa Neu, Base VADER Compound. The main opposing signal was Base SVM Neg."
141,correct,"The Lorex LW2731 package comes with a 7 inch full colour LCD monitor and one security camera. The monitor is a bit on the small side coming in at 7 inches but supports up to 4 video feeds. The camera is also a tad on the largish side measuring around 4 inches (much larger than a webcam) but has built in LED lights for illumination. When I received this unit I thought I would set up the camera at the front of my house on the porch overhang pointing at my front door. This proved to be a bit of a pain in that both the camera and the monitor require mains power (no battery option). The power adapter for the camera, although it has a fairly generous amount of chord, was not enough to put the camera where I wanted so I had to rethink. Another problem with this is that you end up having to drill a hole through your wall in which to put the power cable, so not a quick easy solution. This leads me to another point. If a thief or whomever is determined to break into your house, then its a very simple case of just having to snip the wire and the camera won't work. It would have been much better for the camera at least to run off batteries. The wireless part of this unit is the video feed from the camera to the monitor, not the monitor to your home network. You have the ability to view the camera feed over skype (a good option) so that you can see your video feeds from anyplace, however in order to do this you must hook the monitor into your computer (cable supplied) and leave your computer running all the time (you must also remember to turn off power saving features on your computer). The video quality that the camera transmits is excellent. Better than some of the security camera footage you see on the news and the camera works very well whether in bright light or with the aid of the built in LEDs and sensor at night. The range of the wireless feed seems to be good. I couldn't find anyplace in my 3 story house where I couldn't pick up the video feed, even when I placed the camera in the top corner of a bedroom on the top floor and took the monitor down to the opposite corner of my bottom floor, so it was travelling a fair distance and through a lot of wood and concrete. If you are thinking of buying this unit to monitor the outside of your house (which I think most people would), then be prepared to have to do some work and drill holes in your walls to do this. Also be prepared to have to rethink where you wish to put the camera due to the power cables length. This is a major shortcoming of this unit in my opinion. If you are just looking to monitor the inside of your house or small business then this unit will work great, with the addition of some extra cameras. Overall then, a good security system once setup but has some fairly big flaws.",neu,neu,0.5334,Base VADER Compound,RoBERTa,"Base VADER Compound = 0.9949 (SHAP contribution: 0.0436);
Base RoBERTa Neu = 0.6247 (SHAP contribution: 0.0405);
Base RoBERTa Neg = 0.3071 (SHAP contribution: 0.0354);
Base NB Pos = 0.2023 (SHAP contribution: 0.0216);
Base RoBERTa Pos = 0.0682 (SHAP contribution: 0.0202)","Base SVM Neu = 0.1143 (SHAP contribution: -0.0241);
Base NB Neg = 0.2171 (SHAP contribution: -0.0098);
Base SVM Neg = 0.8034 (SHAP contribution: -0.0039)","The meta Random Forest predicted 'neu' mainly because the strongest individual supporting feature was Base VADER Compound, while the strongest overall feature group was RoBERTa. The top supporting features were Base VADER Compound, Base RoBERTa Neu, Base RoBERTa Neg, Base NB Pos, Base RoBERTa Pos. The main opposing signal was Base SVM Neu."
143,correct,"I haven't had these i a long time but at one time I owned two pairs. The surround sound quality was good and the worked as they were designed especially for the price. They were comfortable for extended wear as at the time I gamed for hours on most nights. The problem is construction and durability. Both pairs broke at the same spots at the second bend in the head band where the fold up. You can super glue and tape to repair the damage but it won't last long. There is too much stress on the head band in the way the ear pads press against the ear. Expect them to break, just a matter of time. I babied each of my two pairs but that didn't matter.",neu,neu,0.5084,Base RoBERTa Neu,RoBERTa,"Base RoBERTa Neu = 0.361 (SHAP contribution: 0.0346);
Base SVM Neu = 0.5052 (SHAP contribution: 0.0273);
Base RoBERTa Neg = 0.6028 (SHAP contribution: 0.0256);
Base RoBERTa Pos = 0.0361 (SHAP contribution: 0.0253);
Base NB Pos = 0.1981 (SHAP contribution: 0.0186)","Base VADER Compound = -0.1768 (SHAP contribution: -0.0301);
Base NB Neg = 0.2173 (SHAP contribution: -0.0009)","The meta Random Forest predicted 'neu' mainly because the strongest individual supporting feature was Base RoBERTa Neu, while the strongest overall feature group was RoBERTa. The top supporting features were Base RoBERTa Neu, Base SVM Neu, Base RoBERTa Neg, Base RoBERTa Pos, Base NB Pos. The main opposing signal was Base VADER Compound."
144,correct,"The Wheel of Time had a a lot of momentum in the first 4 or 5 books, but 6-8 are slow-paced at best. Thats not necissarily a bad thing though. There were not really any dull moments that I could find, it's just that detail fills up so much of the book that the plot progresses slowly. If you like Jordan's characters, you will be interested enough to read through the book and find out what happens to them. Overall, its a decent book, just don't expect a whole lot to happen in it.",neu,neu,0.5637,Base RoBERTa Pos,RoBERTa,"Base RoBERTa Pos = 0.4333 (SHAP contribution: 0.0533);
Base SVM Neu = 0.4097 (SHAP contribution: 0.0367);
Base RoBERTa Neu = 0.5212 (SHAP contribution: 0.0333);
Base NB Pos = 0.1978 (SHAP contribution: 0.0322);
Base VADER Compound = 0.9664 (SHAP contribution: 0.0319)","Base VADER Neg = 0.0 (SHAP contribution: -0.0147);
Base NB Neg = 0.2405 (SHAP contribution: -0.0075);
Base SVM Neg = 0.3082 (SHAP contribution: -0.0021)","The meta Random Forest predicted 'neu' mainly because the strongest individual supporting feature was Base RoBERTa Pos, while the strongest overall feature group was RoBERTa. The top supporting features were Base RoBERTa Pos, Base SVM Neu, Base RoBERTa Neu, Base NB Pos, Base VADER Compound. The main opposing signal was Base VADER Neg."
145,correct,great concept but such a pain to program and get songs onto the thing. I returned,neg,neg,0.5268,Base VADER Compound,VADER,"Base VADER Compound = -0.4404 (SHAP contribution: 0.064);
Base RoBERTa Neg = 0.4011 (SHAP contribution: 0.0423);
Base VADER Neg = 0.234 (SHAP contribution: 0.0394);
Base NB Neu = 0.2603 (SHAP contribution: 0.0319);
Base SVM Neg = 0.3818 (SHAP contribution: 0.0175)","Base RoBERTa Neu = 0.4746 (SHAP contribution: -0.0196);
Base VADER Pos = 0.134 (SHAP contribution: -0.0192);
Base NB Pos = 0.2773 (SHAP contribution: -0.0029)","The meta Random Forest predicted 'neg' mainly because the strongest individual supporting feature was Base VADER Compound, while the strongest overall feature group was VADER. The top supporting features were Base VADER Compound, Base RoBERTa Neg, Base VADER Neg, Base NB Neu, Base SVM Neg. The main opposing signal was Base RoBERTa Neu."
147,correct,I recieved this book for a Christmas present .I haven't read it but know the person I got it for will enjoy it. I got it on time really before I exspected it .Good service .I think if you want something fast you should order from this company.,pos,pos,0.8537,Base RoBERTa Neg,RoBERTa,"Base RoBERTa Neg = 0.0081 (SHAP contribution: 0.2088);
Base RoBERTa Pos = 0.9005 (SHAP contribution: 0.2047);
Base RoBERTa Neu = 0.0914 (SHAP contribution: 0.0688);
Base VADER Compound = 0.8625 (SHAP contribution: 0.0356);
Base SVM Neu = 0.3223 (SHAP contribution: 0.0257)","Base NB Neg = 0.4807 (SHAP contribution: -0.0282);
Base NB Pos = 0.2808 (SHAP contribution: -0.0187);
Base SVM Pos = 0.3076 (SHAP contribution: -0.008);
Base SVM Neg = 0.3701 (SHAP contribution: -0.0008)","The meta Random Forest predicted 'pos' mainly because the strongest individual supporting feature was Base RoBERTa Neg, while the strongest overall feature group was RoBERTa. The top supporting features were Base RoBERTa Neg, Base RoBERTa Pos, Base RoBERTa Neu, Base VADER Compound, Base SVM Neu. The main opposing signal was Base NB Neg."
148,correct,"Public Reviews Written by YouReviewer Rank: 35 Page: 1 | 2 | 3 | 4 | 5 | 6 | 7 | 8 | 9 | 10 | 11-20pixelThe Great and Secret Show: the First Book of Art by Clive BarkerEdition: Unknown BindingAvailability: This item is currently unavailable.Not Really For Me, 17 Jun 2007Clive Barker was born in 1952 and he is the best-selling author of a large number of books, including his first book for children, The Thief of Always. He is also an acclaimed artist, film producer, and director. For four years Mr, Barker has been working on a vast array of paintings to illuminate the text of The Books Of Abarat, over one hundred of which can be found within this first volume.Mr. Barker lives in California with his partner, the photographer David Armstrong, and their daughter, Nicole. They share their house with four dogs, five goldfish, a parrot and a large number of other pets of all shapes and sizes.This book is a fantasy novel and describes a race against time to try to find the secret of ""The Art"" - a state of being or consciousness which allows its owner to transcend their humanity and enter into a heightened spiritual state - between Fletcher and the evil-intentioned Jaffe.I had heard such good things about this author that I felt I really ought to get round to reading one of his books. I can understand the attraction of the book, but it was not really my kind of thing. That is not to say that someone interested in this type of book would not find it a page turner and I am certainly not going to start to criticise the book until I have read other offerings from the author. Suffice to say it just did not do it for me.",neu,neu,0.3783,Base RoBERTa Neg,RoBERTa,"Base RoBERTa Neg = 0.0676 (SHAP contribution: 0.0358);
Base VADER Compound = 0.8248 (SHAP contribution: 0.0312);
Base RoBERTa Pos = 0.2993 (SHAP contribution: 0.0294);
Base RoBERTa Neu = 0.6331 (SHAP contribution: 0.028);
Base VADER Neg = 0.021 (SHAP contribution: 0.0005)","Base SVM Neu = 0.1781 (SHAP contribution: -0.037);
Base NB Neu = 0.2682 (SHAP contribution: -0.025);
Base SVM Neg = 0.4848 (SHAP contribution: -0.0116);
Base VADER Pos = 0.066 (SHAP contribution: -0.0085);
Base VADER Neu = 0.913 (SHAP contribution: -0.008)","The meta Random Forest predicted 'neu' mainly because the strongest individual supporting feature was Base RoBERTa Neg, while the strongest overall feature group was RoBERTa. The top supporting features were Base RoBERTa Neg, Base VADER Compound, Base RoBERTa Pos, Base RoBERTa Neu, Base VADER Neg. The main opposing signal was Base SVM Neu."
151,correct,"The neckline sags and will not lay flat. I am 5-4, 130#. The neckline sag in a really weird way, not just like it was too big. The pic from another review showing the sagging neckline is how mine fit. The arms are way too tight. Too bad I missed the return window. :\",neg,neg,0.9343,Base RoBERTa Neg,RoBERTa,"Base RoBERTa Neg = 0.8478 (SHAP contribution: 0.1626);
Base RoBERTa Pos = 0.0101 (SHAP contribution: 0.1574);
Base VADER Compound = -0.8226 (SHAP contribution: 0.0629);
Base RoBERTa Neu = 0.1422 (SHAP contribution: 0.0467);
Base NB Pos = 0.1734 (SHAP contribution: 0.0447)",None,"The meta Random Forest predicted 'neg' mainly because the strongest individual supporting feature was Base RoBERTa Neg, while the strongest overall feature group was RoBERTa. The top supporting features were Base RoBERTa Neg, Base RoBERTa Pos, Base VADER Compound, Base RoBERTa Neu, Base NB Pos. The main opposing signal was no strong opposing signal."
154,correct,"I really hate that at the top of the lens, the manufacturers name is written. Makes them looks cheap. They should have printed it along the sides on the plastic where it is not as noticeable. I guess you get what you pay for.",neg,neg,0.7412,Base RoBERTa Neg,RoBERTa,"Base RoBERTa Neg = 0.9018 (SHAP contribution: 0.1556);
Base RoBERTa Pos = 0.0068 (SHAP contribution: 0.1509);
Base RoBERTa Neu = 0.0914 (SHAP contribution: 0.0516);
Base VADER Compound = -0.5563 (SHAP contribution: 0.0389);
Base VADER Pos = 0.039 (SHAP contribution: 0.0278)","Base NB Neg = 0.2666 (SHAP contribution: -0.0191);
Base NB Neu = 0.5357 (SHAP contribution: -0.0139);
Base VADER Neu = 0.844 (SHAP contribution: -0.008);
Base VADER Neg = 0.117 (SHAP contribution: -0.0034)","The meta Random Forest predicted 'neg' mainly because the strongest individual supporting feature was Base RoBERTa Neg, while the strongest overall feature group was RoBERTa. The top supporting features were Base RoBERTa Neg, Base RoBERTa Pos, Base RoBERTa Neu, Base VADER Compound, Base VADER Pos. The main opposing signal was Base NB Neg."
155,correct,"Sure, it bows out the side of my NZXT Tempest, but this heatsink cannot be beat. Plus, it looks great - really stands out amongst the (sadly not yet dead) trend of flashy blue LEDs.",pos,pos,0.7638,Base RoBERTa Neg,RoBERTa,"Base RoBERTa Neg = 0.0154 (SHAP contribution: 0.1953);
Base RoBERTa Pos = 0.8705 (SHAP contribution: 0.1892);
Base RoBERTa Neu = 0.1141 (SHAP contribution: 0.059);
Base VADER Compound = 0.8074 (SHAP contribution: 0.0322);
Base SVM Neu = 0.3089 (SHAP contribution: 0.026)","Base NB Neg = 0.5662 (SHAP contribution: -0.031);
Base NB Pos = 0.1928 (SHAP contribution: -0.0309);
Base SVM Pos = 0.2666 (SHAP contribution: -0.0298);
Base SVM Neg = 0.4245 (SHAP contribution: -0.0068)","The meta Random Forest predicted 'pos' mainly because the strongest individual supporting feature was Base RoBERTa Neg, while the strongest overall feature group was RoBERTa. The top supporting features were Base RoBERTa Neg, Base RoBERTa Pos, Base RoBERTa Neu, Base VADER Compound, Base SVM Neu. The main opposing signal was Base NB Neg."
157,correct,"This book was exactly as described by the author, a common sense approach for finding fish in a lake. The methods that are described are good for newcomer to the sport, but are otherwise ""common sense"" for anglers with some experience. The same information could easily be gleaned from a couple of articles on fishing in Outdoor Life, etc. Overall, this was not helpful for me, but could be for a novice.",neu,neu,0.4528,Base RoBERTa Neg,RoBERTa,"Base RoBERTa Neg = 0.5473 (SHAP contribution: 0.0437);
Base RoBERTa Neu = 0.4156 (SHAP contribution: 0.0344);
Base RoBERTa Pos = 0.0371 (SHAP contribution: 0.0266);
Base NB Neg = 0.3535 (SHAP contribution: 0.0205);
Base VADER Compound = 0.2621 (SHAP contribution: 0.0172)","Base NB Neu = 0.2459 (SHAP contribution: -0.0334);
Base SVM Neu = 0.2634 (SHAP contribution: -0.0232);
Base SVM Pos = 0.5105 (SHAP contribution: -0.0156);
Base VADER Pos = 0.069 (SHAP contribution: -0.0018)","The meta Random Forest predicted 'neu' mainly because the strongest individual supporting feature was Base RoBERTa Neg, while the strongest overall feature group was RoBERTa. The top supporting features were Base RoBERTa Neg, Base RoBERTa Neu, Base RoBERTa Pos, Base NB Neg, Base VADER Compound. The main opposing signal was Base NB Neu."
158,correct,My shirt showed up smelling of fish/ mildew covered in actual mold i was able to wash it and remove the smell but material is cheap quality very thin,neg,neg,0.7995,Base RoBERTa Neg,RoBERTa,"Base RoBERTa Neg = 0.8633 (SHAP contribution: 0.1572);
Base RoBERTa Pos = 0.0079 (SHAP contribution: 0.155);
Base VADER Compound = 0.0 (SHAP contribution: 0.0489);
Base RoBERTa Neu = 0.1288 (SHAP contribution: 0.0454);
Base VADER Pos = 0.0 (SHAP contribution: 0.0305)","Base NB Neg = 0.2783 (SHAP contribution: -0.0175);
Base NB Neu = 0.4953 (SHAP contribution: -0.016)","The meta Random Forest predicted 'neg' mainly because the strongest individual supporting feature was Base RoBERTa Neg, while the strongest overall feature group was RoBERTa. The top supporting features were Base RoBERTa Neg, Base RoBERTa Pos, Base VADER Compound, Base RoBERTa Neu, Base VADER Pos. The main opposing signal was Base NB Neg."
161,correct,"This book was awful! The writing was very well done, but the plot was terrible. I really hated this book and it's the last one I read by John Saul. This one really did me in. It is about the occult and family curses and a Ouija board. It definitely made an impression on me. It's about the Conger family curse. Their youngest daughter, Sarah, was looked on as being mentally ill simply because she had been so traumatized she couldn't talk; when really, the older daughter, Elizabeth, was the one that belonged in the Looney bin. She killed three kids and her pet cat and played tea party with them and a skeleton in a cave shaft. Sarah saw everything she did but couldn't talk so tried in other ways to tell her parents what was going on but they didn't get it and blamed her for things. Sarah was institutionalized for 15 years! The ending is awful too. It's just sad and depressing from cover to cover and never gets better. I wouldn't recommend this to anyone!",neg,neg,0.8915,Base RoBERTa Neg,RoBERTa,"Base RoBERTa Neg = 0.9236 (SHAP contribution: 0.166);
Base RoBERTa Pos = 0.0053 (SHAP contribution: 0.1516);
Base VADER Compound = -0.9927 (SHAP contribution: 0.0615);
Base RoBERTa Neu = 0.0711 (SHAP contribution: 0.052);
Base NB Pos = 0.175 (SHAP contribution: 0.0434)","Base SVM Neg = 0.2491 (SHAP contribution: -0.0107);
Base SVM Neu = 0.4425 (SHAP contribution: -0.0081)","The meta Random Forest predicted 'neg' mainly because the strongest individual supporting feature was Base RoBERTa Neg, while the strongest overall feature group was RoBERTa. The top supporting features were Base RoBERTa Neg, Base RoBERTa Pos, Base VADER Compound, Base RoBERTa Neu, Base NB Pos. The main opposing signal was Base SVM Neg."
162,correct,"This is not Sklansky's best work. The books does have 2 or 3 good concepts but the rest of the book is vague. I wish he had combined this useful info in another book. The rest of the book is junk, with some filler quizes and crap advice. I mean geesh...his discussion on final table play is horrible.",neg,neg,0.7237,Base RoBERTa Neg,RoBERTa,"Base RoBERTa Neg = 0.8865 (SHAP contribution: 0.1854);
Base RoBERTa Pos = 0.0096 (SHAP contribution: 0.1781);
Base RoBERTa Neu = 0.104 (SHAP contribution: 0.0618);
Base SVM Pos = 0.3242 (SHAP contribution: 0.0097);
Base NB Pos = 0.1993 (SHAP contribution: 0.0077)","Base NB Neu = 0.5808 (SHAP contribution: -0.0202);
Base NB Neg = 0.2199 (SHAP contribution: -0.0197);
Base VADER Compound = 0.3024 (SHAP contribution: -0.0148);
Base VADER Pos = 0.185 (SHAP contribution: -0.0136)","The meta Random Forest predicted 'neg' mainly because the strongest individual supporting feature was Base RoBERTa Neg, while the strongest overall feature group was RoBERTa. The top supporting features were Base RoBERTa Neg, Base RoBERTa Pos, Base RoBERTa Neu, Base SVM Pos, Base NB Pos. The main opposing signal was Base NB Neu."
163,correct,It's soft and well made. It needs to be just an inch longer to fit my wallet and Kindle.,pos,pos,0.6657,Base RoBERTa Neg,RoBERTa,"Base RoBERTa Neg = 0.041 (SHAP contribution: 0.1004);
Base RoBERTa Pos = 0.5862 (SHAP contribution: 0.0777);
Base NB Pos = 0.5901 (SHAP contribution: 0.0442);
Base SVM Pos = 0.3994 (SHAP contribution: 0.043);
Base VADER Compound = 0.5574 (SHAP contribution: 0.0285)","Base RoBERTa Neu = 0.3728 (SHAP contribution: -0.038);
Base VADER Neu = 0.787 (SHAP contribution: -0.0002)","The meta Random Forest predicted 'pos' mainly because the strongest individual supporting feature was Base RoBERTa Neg, while the strongest overall feature group was RoBERTa. The top supporting features were Base RoBERTa Neg, Base RoBERTa Pos, Base NB Pos, Base SVM Pos, Base VADER Compound. The main opposing signal was Base RoBERTa Neu."
165,correct,"One edge of the band is pretty rough. Some of the stitching on the inside is not great and required a bit of trimming to make comfortable against my skin. My main complaint though is that the included pins were the wrong size. If you look at the photo I uploaded you can see one of the pins sitting on top of the band, they are the same size, that's not going to work! Luckily I could just use the pins that were already in my watch but I did buy this band specifically to have a back up set. On the positive side this band does include a pin removal tool which is quite well made and works great.",neu,neu,0.4379,Base SVM Neu,RoBERTa,"Base SVM Neu = 0.4416 (SHAP contribution: 0.0371);
Base RoBERTa Neg = 0.3319 (SHAP contribution: 0.0349);
Base RoBERTa Neu = 0.5276 (SHAP contribution: 0.0288);
Base VADER Compound = 0.7044 (SHAP contribution: 0.0255);
Base RoBERTa Pos = 0.1405 (SHAP contribution: 0.0249)","Base NB Pos = 0.5978 (SHAP contribution: -0.0454);
Base NB Neu = 0.2258 (SHAP contribution: -0.0356);
Base NB Neg = 0.1764 (SHAP contribution: -0.0216);
Base SVM Pos = 0.2371 (SHAP contribution: -0.0006);
Base VADER Neu = 0.798 (SHAP contribution: -0.0002)","The meta Random Forest predicted 'neu' mainly because the strongest individual supporting feature was Base SVM Neu, while the strongest overall feature group was RoBERTa. The top supporting features were Base SVM Neu, Base RoBERTa Neg, Base RoBERTa Neu, Base VADER Compound, Base RoBERTa Pos. The main opposing signal was Base NB Pos."
168,correct,Did not expect the texture to feel and look like plastic,neg,neg,0.7478,Base RoBERTa Pos,RoBERTa,"Base RoBERTa Pos = 0.012 (SHAP contribution: 0.1896);
Base RoBERTa Neg = 0.7929 (SHAP contribution: 0.1735);
Base RoBERTa Neu = 0.1951 (SHAP contribution: 0.0608);
Base NB Neg = 0.47 (SHAP contribution: 0.0181);
Base SVM Pos = 0.2892 (SHAP contribution: 0.0173)","Base VADER Compound = 0.3612 (SHAP contribution: -0.0216);
Base VADER Pos = 0.2 (SHAP contribution: -0.0211);
Base VADER Neu = 0.8 (SHAP contribution: -0.0064);
Base VADER Neg = 0.0 (SHAP contribution: -0.0031);
Base SVM Neu = 0.3631 (SHAP contribution: -0.0029)","The meta Random Forest predicted 'neg' mainly because the strongest individual supporting feature was Base RoBERTa Pos, while the strongest overall feature group was RoBERTa. The top supporting features were Base RoBERTa Pos, Base RoBERTa Neg, Base RoBERTa Neu, Base NB Neg, Base SVM Pos. The main opposing signal was Base VADER Compound."
169,correct,"I've read lots about Princess Diana. This book like so many others paints Diana as a shrew and Charles as a victim. What no one seems to care about is that Charles entered his marriage with a girlfriend on his arm. Camilla did not appear ""sometime after the marriage broke down"".Too many times before the wedding and on the honeymoon Charles failed to reassure Diana regarding his real relationship with Camilla.He never gave Camilla up.That alone accounts for 99% of the problems that faced the Wales.Another sour point in the book is the Tiggy situation. I thought royal nannies stayed in the background. But not Tiggy. Tiggy was everywhere to be seen. Most books support Tiggy as ""great"" and Diana is horrible. I'm confused as to the Christmas Party where Diana sidles up to Tiggy and whispers ""sorry to here about the baby"".Everyone(and I mean everyone in the whole room heard the whispered comment. That seems strange to me. Also I've had people ""hit me between the eyes"" with an off-the-wall statement like that. And all I say is ""beg pardon"".I don't have to be helped from the room nor consult a lawyer.Seems way over played to me.The authors seem to dismiss Diana's good deeds as play acting for good press.If you are a Diana fan. Look elsewhere for a book to read about the princess.",neg,neg,0.7034,Base RoBERTa Pos,RoBERTa,"Base RoBERTa Pos = 0.0089 (SHAP contribution: 0.1758);
Base RoBERTa Neg = 0.7828 (SHAP contribution: 0.1707);
Base NB Pos = 0.1682 (SHAP contribution: 0.0335);
Base RoBERTa Neu = 0.2082 (SHAP contribution: 0.0329);
Base SVM Pos = 0.2229 (SHAP contribution: 0.0165)","Base VADER Compound = 0.9302 (SHAP contribution: -0.0449);
Base VADER Pos = 0.132 (SHAP contribution: -0.018);
Base SVM Neg = 0.1563 (SHAP contribution: -0.0121);
Base SVM Neu = 0.6208 (SHAP contribution: -0.0096);
Base VADER Neu = 0.775 (SHAP contribution: -0.0044)","The meta Random Forest predicted 'neg' mainly because the strongest individual supporting feature was Base RoBERTa Pos, while the strongest overall feature group was RoBERTa. The top supporting features were Base RoBERTa Pos, Base RoBERTa Neg, Base NB Pos, Base RoBERTa Neu, Base SVM Pos. The main opposing signal was Base VADER Compound."
170,correct,"... and this book is the reason. It delivers on it's promise, which is that it takes an experienced VB programmer and gives you the concepts and details that you need to know to not only pass the exams, but do very, very well. O'Reilly's web site support for the book is excellent as well. The author has posted an excellent write-up that details how to approach the tests, with excellent recommendations for additional study aids. And, aside from certification, my level of skill with using VB, which was pretty substantial before, has gone through the roof. If you want to lift your skills and be able to crank out clean, reliable, robust applications, get this book.",pos,pos,0.8295,Base RoBERTa Neg,RoBERTa,"Base RoBERTa Neg = 0.0035 (SHAP contribution: 0.1888);
Base RoBERTa Pos = 0.9421 (SHAP contribution: 0.176);
Base RoBERTa Neu = 0.0544 (SHAP contribution: 0.0554);
Base NB Pos = 0.5124 (SHAP contribution: 0.0443);
Base VADER Compound = 0.9917 (SHAP contribution: 0.0289)","Base SVM Neu = 0.4353 (SHAP contribution: -0.0483);
Base SVM Neg = 0.2071 (SHAP contribution: -0.0077);
Base VADER Neu = 0.714 (SHAP contribution: -0.0007)","The meta Random Forest predicted 'pos' mainly because the strongest individual supporting feature was Base RoBERTa Neg, while the strongest overall feature group was RoBERTa. The top supporting features were Base RoBERTa Neg, Base RoBERTa Pos, Base RoBERTa Neu, Base NB Pos, Base VADER Compound. The main opposing signal was Base SVM Neu."
171,correct,Fits great. Soft!!! I judge a sweatshirt by the tight cuffs and neck. 5 stars...,pos,pos,0.8769,Base RoBERTa Neg,RoBERTa,"Base RoBERTa Neg = 0.0134 (SHAP contribution: 0.1914);
Base RoBERTa Pos = 0.8642 (SHAP contribution: 0.178);
Base RoBERTa Neu = 0.1224 (SHAP contribution: 0.0553);
Base NB Pos = 0.5024 (SHAP contribution: 0.0493);
Base SVM Pos = 0.3678 (SHAP contribution: 0.032)","Base SVM Neu = 0.3822 (SHAP contribution: -0.0294);
Base NB Neu = 0.3068 (SHAP contribution: -0.0016)","The meta Random Forest predicted 'pos' mainly because the strongest individual supporting feature was Base RoBERTa Neg, while the strongest overall feature group was RoBERTa. The top supporting features were Base RoBERTa Neg, Base RoBERTa Pos, Base RoBERTa Neu, Base NB Pos, Base SVM Pos. The main opposing signal was Base SVM Neu."
172,correct,As close to blu-ray as you can get!,pos,pos,0.4562,Base RoBERTa Neg,RoBERTa,"Base RoBERTa Neg = 0.0276 (SHAP contribution: 0.1112);
Base NB Pos = 0.452 (SHAP contribution: 0.0392);
Base RoBERTa Pos = 0.4678 (SHAP contribution: 0.0304);
Base VADER Neg = 0.0 (SHAP contribution: 0.0168);
Base SVM Neu = 0.3219 (SHAP contribution: 0.0163)","Base VADER Compound = 0.0 (SHAP contribution: -0.0399);
Base RoBERTa Neu = 0.5046 (SHAP contribution: -0.0233);
Base VADER Pos = 0.0 (SHAP contribution: -0.0221);
Base SVM Pos = 0.3382 (SHAP contribution: -0.0117);
Base VADER Neu = 1.0 (SHAP contribution: -0.001)","The meta Random Forest predicted 'pos' mainly because the strongest individual supporting feature was Base RoBERTa Neg, while the strongest overall feature group was RoBERTa. The top supporting features were Base RoBERTa Neg, Base NB Pos, Base RoBERTa Pos, Base VADER Neg, Base SVM Neu. The main opposing signal was Base VADER Compound."
174,correct,"These books are just plain BAD. Sterling LOVED dressage in #26, hated it in #27, Now she loves it again . In this book, Sterling was eager to jump. I thought she couldn't get over a 2 foot vertical??! I LOVE TO JUMP, but Christina is obsessed. It's all she thinks about. She doesn't remember how to have fun on a horse. She also thinks everybody else has to be as serious about riding as she is. What if Dylan was as serious about soccar as she is about riding?? Would she even care????? My advice to the authers: Bring Sammy back and drop Christina and only do books about Melanie and racing!!!!!!!!",neg,neg,0.4774,Base RoBERTa Neg,RoBERTa,"Base RoBERTa Neg = 0.6087 (SHAP contribution: 0.1095);
Base RoBERTa Pos = 0.0642 (SHAP contribution: 0.0686);
Base RoBERTa Neu = 0.3271 (SHAP contribution: 0.026);
Base NB Pos = 0.4461 (SHAP contribution: 0.0184);
Base SVM Pos = 0.2679 (SHAP contribution: 0.0105)","Base VADER Compound = 0.768 (SHAP contribution: -0.0357);
Base SVM Neu = 0.4861 (SHAP contribution: -0.0207);
Base VADER Pos = 0.131 (SHAP contribution: -0.0178);
Base SVM Neg = 0.246 (SHAP contribution: -0.0103);
Base NB Neg = 0.2543 (SHAP contribution: -0.0088)","The meta Random Forest predicted 'neg' mainly because the strongest individual supporting feature was Base RoBERTa Neg, while the strongest overall feature group was RoBERTa. The top supporting features were Base RoBERTa Neg, Base RoBERTa Pos, Base RoBERTa Neu, Base NB Pos, Base SVM Pos. The main opposing signal was Base VADER Compound."
175,correct,Best router and all-in-one device for home networking,pos,pos,0.8341,Base RoBERTa Neg,RoBERTa,"Base RoBERTa Neg = 0.0051 (SHAP contribution: 0.1903);
Base RoBERTa Pos = 0.8501 (SHAP contribution: 0.185);
Base RoBERTa Neu = 0.1448 (SHAP contribution: 0.0556);
Base VADER Compound = 0.6369 (SHAP contribution: 0.0312);
Base SVM Pos = 0.3586 (SHAP contribution: 0.0308)","Base NB Pos = 0.2925 (SHAP contribution: -0.0352);
Base NB Neu = 0.4257 (SHAP contribution: -0.0135)","The meta Random Forest predicted 'pos' mainly because the strongest individual supporting feature was Base RoBERTa Neg, while the strongest overall feature group was RoBERTa. The top supporting features were Base RoBERTa Neg, Base RoBERTa Pos, Base RoBERTa Neu, Base VADER Compound, Base SVM Pos. The main opposing signal was Base NB Pos."
177,correct,"Nice fit, comfortable, cute.",pos,pos,0.805,Base RoBERTa Pos,RoBERTa,"Base RoBERTa Pos = 0.8824 (SHAP contribution: 0.1905);
Base RoBERTa Neg = 0.0093 (SHAP contribution: 0.1725);
Base RoBERTa Neu = 0.1083 (SHAP contribution: 0.0681);
Base VADER Compound = 0.891 (SHAP contribution: 0.034);
Base VADER Pos = 1.0 (SHAP contribution: 0.0242)","Base SVM Pos = 0.3176 (SHAP contribution: -0.0169);
Base SVM Neu = 0.3591 (SHAP contribution: -0.0153);
Base NB Neu = 0.3784 (SHAP contribution: -0.0126);
Base SVM Neg = 0.3233 (SHAP contribution: -0.0018)","The meta Random Forest predicted 'pos' mainly because the strongest individual supporting feature was Base RoBERTa Pos, while the strongest overall feature group was RoBERTa. The top supporting features were Base RoBERTa Pos, Base RoBERTa Neg, Base RoBERTa Neu, Base VADER Compound, Base VADER Pos. The main opposing signal was Base SVM Pos."
178,correct,"This product is bad, do not buy",neg,neg,0.888,Base RoBERTa Neg,RoBERTa,"Base RoBERTa Neg = 0.9294 (SHAP contribution: 0.1564);
Base RoBERTa Pos = 0.0105 (SHAP contribution: 0.1547);
Base NB Pos = 0.1658 (SHAP contribution: 0.0454);
Base VADER Compound = -0.5423 (SHAP contribution: 0.0421);
Base NB Neg = 0.6046 (SHAP contribution: 0.0407)",None,"The meta Random Forest predicted 'neg' mainly because the strongest individual supporting feature was Base RoBERTa Neg, while the strongest overall feature group was RoBERTa. The top supporting features were Base RoBERTa Neg, Base RoBERTa Pos, Base NB Pos, Base VADER Compound, Base NB Neg. The main opposing signal was no strong opposing signal."
181,correct,"Both the jersey and the shorts have a tight rubbery substance that feels like a rubber band against your arms and legs. Other kits that I have purchased didn't have it and I don't particularly like it. However, it may not bother some. Just not for me. Other than that, the product looks like it is good quality. I decided to return mine and try another product.",neu,neu,0.6601,Base RoBERTa Neu,RoBERTa,"Base RoBERTa Neu = 0.4763 (SHAP contribution: 0.0503);
Base RoBERTa Neg = 0.4698 (SHAP contribution: 0.0464);
Base VADER Compound = 0.8869 (SHAP contribution: 0.0447);
Base RoBERTa Pos = 0.0539 (SHAP contribution: 0.0324);
Base SVM Neu = 0.4846 (SHAP contribution: 0.0316)",Base VADER Neg = 0.0 (SHAP contribution: -0.0019),"The meta Random Forest predicted 'neu' mainly because the strongest individual supporting feature was Base RoBERTa Neu, while the strongest overall feature group was RoBERTa. The top supporting features were Base RoBERTa Neu, Base RoBERTa Neg, Base VADER Compound, Base RoBERTa Pos, Base SVM Neu. The main opposing signal was Base VADER Neg."
183,correct,There is no way that I paying $19 for a Kindle book that was originally published in the 50's. What an outrage by the publisher. Ms. Rand's estate should really negotiate with a new publisher.,neg,neg,0.707,Base RoBERTa Pos,RoBERTa,"Base RoBERTa Pos = 0.0124 (SHAP contribution: 0.1623);
Base RoBERTa Neg = 0.8025 (SHAP contribution: 0.1447);
Base VADER Compound = -0.6705 (SHAP contribution: 0.0612);
Base RoBERTa Neu = 0.1851 (SHAP contribution: 0.0424);
Base VADER Pos = 0.0 (SHAP contribution: 0.036)","Base SVM Pos = 0.373 (SHAP contribution: -0.0252);
Base NB Neg = 0.2494 (SHAP contribution: -0.0156);
Base NB Pos = 0.3174 (SHAP contribution: -0.0152);
Base NB Neu = 0.4332 (SHAP contribution: -0.0119);
Base VADER Neu = 0.845 (SHAP contribution: -0.0086)","The meta Random Forest predicted 'neg' mainly because the strongest individual supporting feature was Base RoBERTa Pos, while the strongest overall feature group was RoBERTa. The top supporting features were Base RoBERTa Pos, Base RoBERTa Neg, Base VADER Compound, Base RoBERTa Neu, Base VADER Pos. The main opposing signal was Base SVM Pos."
186,correct,"Functions as stated,arrived quickly. A bit more bulky than my preference for fit.",neu,neu,0.4791,Base RoBERTa Neg,RoBERTa,"Base RoBERTa Neg = 0.4172 (SHAP contribution: 0.0522);
Base RoBERTa Pos = 0.0494 (SHAP contribution: 0.0365);
Base NB Neu = 0.4129 (SHAP contribution: 0.024);
Base VADER Pos = 0.185 (SHAP contribution: 0.0179);
Base VADER Compound = 0.3612 (SHAP contribution: 0.0172)","Base SVM Neu = 0.3294 (SHAP contribution: -0.0204);
Base NB Neg = 0.2383 (SHAP contribution: -0.0133);
Base VADER Neg = 0.0 (SHAP contribution: -0.0055);
Base SVM Pos = 0.3745 (SHAP contribution: -0.0048);
Base NB Pos = 0.3488 (SHAP contribution: -0.0024)","The meta Random Forest predicted 'neu' mainly because the strongest individual supporting feature was Base RoBERTa Neg, while the strongest overall feature group was RoBERTa. The top supporting features were Base RoBERTa Neg, Base RoBERTa Pos, Base NB Neu, Base VADER Pos, Base VADER Compound. The main opposing signal was Base SVM Neu."
187,correct,Does ths job,neu,neu,0.3595,Base RoBERTa Neg,RoBERTa,"Base RoBERTa Neg = 0.2154 (SHAP contribution: 0.0362);
Base RoBERTa Pos = 0.1742 (SHAP contribution: 0.0327);
Base RoBERTa Neu = 0.6104 (SHAP contribution: 0.0307);
Base NB Neg = 0.3465 (SHAP contribution: 0.0145);
Base SVM Neg = 0.3298 (SHAP contribution: 0.0083)","Base VADER Compound = 0.0 (SHAP contribution: -0.0352);
Base SVM Neu = 0.3296 (SHAP contribution: -0.0299);
Base VADER Pos = 0.0 (SHAP contribution: -0.0223);
Base VADER Neu = 1.0 (SHAP contribution: -0.0149);
Base VADER Neg = 0.0 (SHAP contribution: -0.0087)","The meta Random Forest predicted 'neu' mainly because the strongest individual supporting feature was Base RoBERTa Neg, while the strongest overall feature group was RoBERTa. The top supporting features were Base RoBERTa Neg, Base RoBERTa Pos, Base RoBERTa Neu, Base NB Neg, Base SVM Neg. The main opposing signal was Base VADER Compound."
188,correct,It didn't last long. I would expect it to last for 2 yrs at least with normal wear and tear.,neg,neg,0.5588,Base VADER Compound,VADER,"Base VADER Compound = 0.0 (SHAP contribution: 0.0613);
Base RoBERTa Pos = 0.06 (SHAP contribution: 0.0469);
Base RoBERTa Neg = 0.3716 (SHAP contribution: 0.0412);
Base VADER Pos = 0.0 (SHAP contribution: 0.0367);
Base NB Neg = 0.4988 (SHAP contribution: 0.0227)","Base RoBERTa Neu = 0.5684 (SHAP contribution: -0.0247);
Base SVM Neg = 0.33 (SHAP contribution: -0.011);
Base VADER Neg = 0.0 (SHAP contribution: -0.0005)","The meta Random Forest predicted 'neg' mainly because the strongest individual supporting feature was Base VADER Compound, while the strongest overall feature group was VADER. The top supporting features were Base VADER Compound, Base RoBERTa Pos, Base RoBERTa Neg, Base VADER Pos, Base NB Neg. The main opposing signal was Base RoBERTa Neu."
189,correct,"I was bitterly disappointed with this book. After waiting so long to read it, it seemed to be a rush effort by an otherwise good author. It seems that Harris has been pressured into writing this sequel and unfortunately as it is often said some things are better left alone. Who didn't wonder in amazement as Lecter walked off towards his next victim at the end of Silence of the Lambs. However, the major problem here is what could have been an explosive book, will fail to satisfy. I will not give away the ending but it will be said that the words weak and pathetic spring to mind. As I did, you will wonder why you stayed up all night to find that in the last 100 pages explosive has turned out to be nothing but a fizzle. Harris has proven himself in the past with his other books but I would give this one a real wide birth unless you a huge fan. Dont expect to hear any screaming lambs in this one. If they are screaming it is in pain knowing that the much anticipated sequel just did not do them any justice.",neg,neg,0.8725,Base RoBERTa Pos,RoBERTa,"Base RoBERTa Pos = 0.0139 (SHAP contribution: 0.1573);
Base RoBERTa Neg = 0.7717 (SHAP contribution: 0.1511);
Base VADER Compound = -0.9518 (SHAP contribution: 0.0684);
Base NB Pos = 0.1611 (SHAP contribution: 0.0463);
Base NB Neg = 0.6106 (SHAP contribution: 0.0439)","Base SVM Neg = 0.1354 (SHAP contribution: -0.0124);
Base SVM Neu = 0.6987 (SHAP contribution: -0.0088);
Base VADER Neu = 0.761 (SHAP contribution: -0.0003)","The meta Random Forest predicted 'neg' mainly because the strongest individual supporting feature was Base RoBERTa Pos, while the strongest overall feature group was RoBERTa. The top supporting features were Base RoBERTa Pos, Base RoBERTa Neg, Base VADER Compound, Base NB Pos, Base NB Neg. The main opposing signal was Base SVM Neg."
191,correct,these are not cotton! they are scratchy and NOT cotton at all. :(,neg,neg,0.7462,Base RoBERTa Neg,RoBERTa,"Base RoBERTa Neg = 0.9214 (SHAP contribution: 0.1497);
Base RoBERTa Pos = 0.0064 (SHAP contribution: 0.1349);
Base RoBERTa Neu = 0.0722 (SHAP contribution: 0.0286);
Base VADER Compound = -0.4926 (SHAP contribution: 0.0263);
Base VADER Pos = 0.0 (SHAP contribution: 0.017)",Base VADER Neu = 0.79 (SHAP contribution: -0.0011),"The meta Random Forest predicted 'neg' mainly because the strongest individual supporting feature was Base RoBERTa Neg, while the strongest overall feature group was RoBERTa. The top supporting features were Base RoBERTa Neg, Base RoBERTa Pos, Base RoBERTa Neu, Base VADER Compound, Base VADER Pos. The main opposing signal was Base VADER Neu."
192,correct,Works as described. It's thick but pliable and feels like it's made well,pos,pos,0.9233,Base RoBERTa Neg,RoBERTa,"Base RoBERTa Neg = 0.0087 (SHAP contribution: 0.1923);
Base RoBERTa Pos = 0.8284 (SHAP contribution: 0.1744);
Base NB Pos = 0.4957 (SHAP contribution: 0.0572);
Base RoBERTa Neu = 0.1629 (SHAP contribution: 0.0448);
Base SVM Pos = 0.3578 (SHAP contribution: 0.0348)",Base SVM Neu = 0.3535 (SHAP contribution: -0.0085),"The meta Random Forest predicted 'pos' mainly because the strongest individual supporting feature was Base RoBERTa Neg, while the strongest overall feature group was RoBERTa. The top supporting features were Base RoBERTa Neg, Base RoBERTa Pos, Base NB Pos, Base RoBERTa Neu, Base SVM Pos. The main opposing signal was Base SVM Neu."
193,correct,"This book has more heart, warmth, and originality than any book I have read in quite a while. I read Labyrinth of Chaos in late 2001, while on a trip, and I could not put it down. This is fiction in the tradition of Walt Whitman, a novel of the open road, and the the product of a generous and open spirit.Labyrinth of Chaos is the story of a trip taken by a young American named Alan Agrippa, through Great Britain. Agrippa is the classic young traveler, enjoying everything, meeting people, drinking in new experiences, trying to get the most of his time overseas. Agrippa is an open-minded, positive person, and I don't think he has a cross word for anyone throughout the book. I remember thinking, as I closed this book, ""There was not a single example of anger or negativity in this book,"" which is quite remarkable for a three-hundred page novel.There's not much plot to Labyrinth of Chaos, other than Alan's relationship with a French girl named Ronia. It's a ""picaresque,"" a novel in which the main plot is simply the accumulation of interesting experiences. We are treated to a detailed account of Agrippa's adventures -- his trips through city streets, museums, coffee shops, and conversations with wise scientists and philosophers and fellow hipsters.The core of the novel is found in Alan's reflections on the intersection of mysticism, psychology, physics, and the structure of the universe. He discusses his ideas with Ronia and other characters, giving the novel an interesting flavor as a ""novel of ideas.""Some might say that some dialogue and descriptions in this book are a little stilted -- but to dwell on that issue is to miss the point. This is a book that says ""come join me on this adventure of life and ideas and self-creation,"" and to truly follow him you would have to follow your own passions and create your own work of art. Wallace doesn't indulge in the vice of so many fiction writers these days, who try to awe or intimidate their readers with long, pseudo-technical passages and footnotes that show off their questionable erudition or knowledge of trivia. The attitude of those writers is a deadening one, rigid, self-obsessed and closed-off -- ""You can't do this"" -- the very opposite of the Whitmanesque spirit in literature. Whitman, and Brian Wallace, tell you you can. And you should.If you enjoyed Labyrinth of Chaos, I would suggest another book that it reminded me of: Andre Vandenbroeck's ""Breaking Through: The Narrative of the Great Work"" (the story of an Italian filmmaker who is pursuing connections between science and spirit by investigating Paleolithic culture in Spain).",pos,pos,0.7721,Base RoBERTa Neg,RoBERTa,"Base RoBERTa Neg = 0.0057 (SHAP contribution: 0.182);
Base RoBERTa Pos = 0.833 (SHAP contribution: 0.1759);
Base RoBERTa Neu = 0.1613 (SHAP contribution: 0.0454);
Base SVM Pos = 0.4805 (SHAP contribution: 0.035);
Base VADER Compound = 0.986 (SHAP contribution: 0.0283)","Base NB Pos = 0.2118 (SHAP contribution: -0.0303);
Base VADER Neg = 0.053 (SHAP contribution: -0.0102);
Base NB Neu = 0.5702 (SHAP contribution: -0.0101)","The meta Random Forest predicted 'pos' mainly because the strongest individual supporting feature was Base RoBERTa Neg, while the strongest overall feature group was RoBERTa. The top supporting features were Base RoBERTa Neg, Base RoBERTa Pos, Base RoBERTa Neu, Base SVM Pos, Base VADER Compound. The main opposing signal was Base NB Pos."
194,correct,"bought them, they LOOK sturdy as all get out...double zippers (these are pretty bad, won't lie), filled them up with sand at the beach behind my house, they were nice and heavy, and i assumed sturdy. we have a little ladderball game for the yard, and used these to weigh the stands down (i'm actually a photographer and these are going to be used to weigh down the boom stands in my studio, but they were in the car lol). i dropped one of the sandbags from no less than 2 feet, onto soft grass mind you, and BOOM. huge split in them. look. for the price they're fine. just be aware they're not heavy canvas bags. they're this cheapy-vinyl material that will definitely split if they fall or you drop them from any more than a foot or so. so be careful. i'll patch mine with gaffers tape.",neu,neu,0.3913,Base RoBERTa Neg,RoBERTa,"Base RoBERTa Neg = 0.3396 (SHAP contribution: 0.0431);
Base RoBERTa Pos = 0.1275 (SHAP contribution: 0.0294);
Base VADER Compound = 0.7726 (SHAP contribution: 0.0248);
Base RoBERTa Neu = 0.533 (SHAP contribution: 0.0202);
Base VADER Neg = 0.049 (SHAP contribution: 0.0171)","Base NB Pos = 0.5953 (SHAP contribution: -0.0375);
Base NB Neu = 0.2294 (SHAP contribution: -0.0315);
Base SVM Neu = 0.2699 (SHAP contribution: -0.0245);
Base NB Neg = 0.1753 (SHAP contribution: -0.0135);
Base SVM Pos = 0.3895 (SHAP contribution: -0.0022)","The meta Random Forest predicted 'neu' mainly because the strongest individual supporting feature was Base RoBERTa Neg, while the strongest overall feature group was RoBERTa. The top supporting features were Base RoBERTa Neg, Base RoBERTa Pos, Base VADER Compound, Base RoBERTa Neu, Base VADER Neg. The main opposing signal was Base NB Pos."
195,correct,"The title definitely perked my interest. What did jewels and the Afghanistan war have in common? I soon discovered the surprising connection. Has intrigue, adventure and suspense with the result that I couldn't put the book down until completely reading it from cover to cover in one sitting.When does the movie come out?",pos,pos,0.7555,Base RoBERTa Neg,RoBERTa,"Base RoBERTa Neg = 0.0107 (SHAP contribution: 0.1827);
Base RoBERTa Pos = 0.8099 (SHAP contribution: 0.1599);
Base NB Pos = 0.4466 (SHAP contribution: 0.0536);
Base RoBERTa Neu = 0.1793 (SHAP contribution: 0.0486);
Base VADER Compound = 0.8205 (SHAP contribution: 0.0317)","Base SVM Neu = 0.4015 (SHAP contribution: -0.0455);
Base VADER Neg = 0.063 (SHAP contribution: -0.0146);
Base SVM Pos = 0.3316 (SHAP contribution: -0.0141)","The meta Random Forest predicted 'pos' mainly because the strongest individual supporting feature was Base RoBERTa Neg, while the strongest overall feature group was RoBERTa. The top supporting features were Base RoBERTa Neg, Base RoBERTa Pos, Base NB Pos, Base RoBERTa Neu, Base VADER Compound. The main opposing signal was Base SVM Neu."
197,correct,"Wanted a Linksys/Cisco -n device with good reviews for future expandability but did not see any under $100 devices so went with old standby WRT54GL. Great reception, easy install for basic sharing of clearwire with two PCs - one connected by cable & the other wireless.",pos,pos,0.7831,Base RoBERTa Neg,RoBERTa,"Base RoBERTa Neg = 0.0108 (SHAP contribution: 0.186);
Base RoBERTa Pos = 0.8232 (SHAP contribution: 0.167);
Base RoBERTa Neu = 0.166 (SHAP contribution: 0.0489);
Base SVM Pos = 0.3607 (SHAP contribution: 0.0337);
Base VADER Compound = 0.9446 (SHAP contribution: 0.0261)","Base SVM Neu = 0.3647 (SHAP contribution: -0.0247);
Base NB Neu = 0.3126 (SHAP contribution: -0.0076);
Base NB Neg = 0.3241 (SHAP contribution: -0.002);
Base VADER Neu = 0.72 (SHAP contribution: -0.0009)","The meta Random Forest predicted 'pos' mainly because the strongest individual supporting feature was Base RoBERTa Neg, while the strongest overall feature group was RoBERTa. The top supporting features were Base RoBERTa Neg, Base RoBERTa Pos, Base RoBERTa Neu, Base SVM Pos, Base VADER Compound. The main opposing signal was Base SVM Neu."
198,correct,Bed connection,neu,neu,0.3865,Base RoBERTa Neg,RoBERTa,"Base RoBERTa Neg = 0.1499 (SHAP contribution: 0.06);
Base RoBERTa Pos = 0.2281 (SHAP contribution: 0.0415);
Base RoBERTa Neu = 0.622 (SHAP contribution: 0.0353);
Base NB Pos = 0.2913 (SHAP contribution: 0.0158);
Base NB Neg = 0.4084 (SHAP contribution: 0.0097)","Base VADER Compound = 0.0 (SHAP contribution: -0.0342);
Base SVM Neu = 0.3331 (SHAP contribution: -0.0328);
Base VADER Pos = 0.0 (SHAP contribution: -0.0167);
Base VADER Neu = 1.0 (SHAP contribution: -0.0141);
Base VADER Neg = 0.0 (SHAP contribution: -0.0106)","The meta Random Forest predicted 'neu' mainly because the strongest individual supporting feature was Base RoBERTa Neg, while the strongest overall feature group was RoBERTa. The top supporting features were Base RoBERTa Neg, Base RoBERTa Pos, Base RoBERTa Neu, Base NB Pos, Base NB Neg. The main opposing signal was Base VADER Compound."
199,correct,Toe seam,neg,neg,0.3677,Base VADER Compound,VADER,"Base VADER Compound = 0.0 (SHAP contribution: 0.0564);
Base VADER Pos = 0.0 (SHAP contribution: 0.0355);
Base SVM Neu = 0.3377 (SHAP contribution: 0.0125);
Base VADER Neu = 1.0 (SHAP contribution: 0.0111);
Base SVM Pos = 0.3178 (SHAP contribution: 0.0069)","Base RoBERTa Neu = 0.5956 (SHAP contribution: -0.0491);
Base NB Pos = 0.3212 (SHAP contribution: -0.0131);
Base NB Neg = 0.3398 (SHAP contribution: -0.0128);
Base SVM Neg = 0.3445 (SHAP contribution: -0.0111);
Base RoBERTa Pos = 0.1495 (SHAP contribution: -0.0049)","The meta Random Forest predicted 'neg' mainly because the strongest individual supporting feature was Base VADER Compound, while the strongest overall feature group was VADER. The top supporting features were Base VADER Compound, Base VADER Pos, Base SVM Neu, Base VADER Neu, Base SVM Pos. The main opposing signal was Base RoBERTa Neu."
