Text,Sentiment
"Broken!!!! Bottom ball is no attached, nore dose it go back on!!!!😒😟",neg
"I love them. They are definitely worth over the price. Anyone who purchases will be happy with their purchase. This is ""fly for less"" for sure!",pos
"Works great as a standard HDHomeRun... transcoding not fully baked, no free iOS app",neu
"Jamie Vendera's ""Raise Your Voice"" 2nd edition my ""vocal bible"", for vocalists is the most comprehensive book for vocalists I have found. While I have read a number of other books to regain my vocal abilities, Raise Your Voice is the best by far. The others I have read were either very basic, ""dry"", or otherwise non-productive for my particular needs.RYV is so comprehensive, I could spend hours going into the details. RYV covers everything a vocalist needs, whether a beginner, intermediate, advanced, or even professional singers who have damaged or ""lost"" their voices due to improper technique, or otherwise ""bad habits"".RYV covers everything from proper breathing techniques, vocal health, increasing octave range, proper warm up, ""developing style"", a chapter for ""Hard Rockers Only"", and as I've stated, many topics too numerous to mention in this review.Jamie has spent countless hours, thousand of dollars, and years of research to share his knowledge and expertise with YOU, the vocalist who desires to become your best !This book is not only about Jamie, but also includes excerpts and tips from some of the best vocal instructors, rock stars and other professional singers, and he is highly endorsed by them.RYV is not only for rock singers, but also for singers of pop, metal, blues, etc.From a personal standpoint, I was in a number of bands as a vocalist and keyboardist at a younger age. Due to a cervical spinal injury, and five spinal surgeries later, I was told by a number of my doctors that I would never sing again. RYV has changed that, and I am proud to announce that with dedication and commitment, I am singing better than ever, and have increased my octave range significantly. I do not know where I would be today without RYV.From my personal experience with RYV, I HIGHLY recommend this book to anyone serious enough about their vocal instrument.Definitely a FIVE STAR RATING and MORE if it were possible.Highly recommended to all vocalists.Thank You, Jamie !!!",pos
"Initially I liked the convenience of this headset; however as I used it I found that if I have my ipod in my pocket, the contact is often lost or degraded, this is either the fault of these headphones or the KOKKIA i10s Bluetooth iPod Transmitter. Not sure which. Also, as it's connecting, the iPod starts playing which is bad if you're listening to a book. When the power goes low, it warns you every minute or so without pausing your iPod - also bad when listening to a book. The ""battery high"" time period and ""battery low"" time period are both pretty brief. Now that I've had this headset for 6 weeks, the play and pause buttons quit working and I can't return it as of 2 weeks ago because that's when my return window closed. Overall, I'm pretty unhappy with the purchase.",neg
"The pockets are good, could use an easy in and out bottle pocket. Let system is not balanced though, if the computer is put in the tethered pocket, the backpack tips over unless leaned against something.A little pricey in comparisons but I would buy again,",pos
Definately doesn't compare to J.K. Rowlings writings. I'm not a fan of reading books based upon others. Fantastic Beasts and Where to Find Them by J.k. Rowling is more like a guide to Harry Potter. :),neu
"The story is of tragedy and chaos in the Guatemalan civil war. Whether specifically true or not, all of the events of the book happened to someone at some point in that country. It's more a story of a diminishing race and civilisation being forced to come to grips with a modernized world. The reason it is so difficult to read is the double translation from Quechua to Spanish to English. Menchu also tends to jump around from topic to topic a lot. I think this is an important story, but essential to students of Latin American culture and society. It is also important for the study of human atrocity as well as a great foundation for the culture and practices of Latin American Indian societies.",neu
Lasts three wears before it turns grey and it turns your skin green.,neg
"This book is simply a bound version of the VC help on OLEDB 2.0. However, it is so lame that it does not cover any of the new Consumer templates which are included with VC6. If you already have VC6, then I would NOT reccommend this book. The Templates provided with VC6 are very powerful, but VERY poorly documented. However, this book will not remedy the problem. Also, what code examples there are(VERY few), are rarely correct in their syntax. In my mind, that is unacceptable in a book that is supposed to help you in using new, cutting-edge technology. The opnly good thing about the book is that it does cover the data type enums and other various enumerated types. This is nice, since it is difficult to find adequate help on these topics using the online help.Overall, I believe this is NOT the book to get if you want to use OLEDB 2.0!",neg
The soft ones are really nice and comfortable but the other set was incomplete I only received one so I can't wear them unfortunately,neg
Not as cute as I thought it would be. 2 separate materials in the shirt. I think you need to be size 2 or 4 to make this one work.,neg
"not even 6months into usage, the display screen hinge is kindly of loose and screeching. Now, its not even reading discs it used to read a while ago. Have bought the insurance hoax. not sure if Iwould be able to use it.",neg
Order a size up!! It shrunk after the first wash!,neg
"My all time best and favorite pair of headphones were Behringer (I paid $25 for them) they were low end studio headphones. They were built very well, long cord, adapter (used them for home studio and regular music). These HPM1000s? Not very good at all. They have the same audio quality as a cheap pair from the dollar store. Seriously. Not nearly as good as a pair of in-ears I paid $7 for a few months ago. Negative: You know the closed headphones with the airholes, where you can hear music from both sides when they're on your head? These don't have the airholes but you can hear music out the other side with only a slight muffling. No privacy. Positive: I see a lot of complaints about them hurting ones ears, luckily I have extra small ears so they fit right around them. Positive: The plug is built solid, and they're turned side ways when you plug it in. So you don't have to worry about bumping the plug or it getting twisted. They did a good job with that. The adapter 1/4 adapter screws off and you can plug them into any mp3 player, laptop, tablet, etc. Negative: One of the earmuffs has already came off twice and it was hard getting it back on without tearing it. As good as the plug is built, the muffs are cheap (despite the texture mimicking better headphones). Positive: The over the head arch? Very well built. Thick. One of the best features. I can't imagine these breaking or the adjustable part snapping, which happens on many headphones. Positive: The cord is thick and won't twist or short. If the earmuffs were better, the sound were MUCH better, and there was even moderate muffling of the sound, these would be some awesome headphones and worth much, much more. What's well built is very well built, what's cheap is VERY cheap. I was waffling between a 2.5 and a 3. The sound being below the level of even cheaper headphones is inexcusable.",neu
"Calm, Cool and Collected! ;D",pos
Save your money. Quality is poor. Fit is super small. I'm a small. Ordered a medium for an oversized look. Made in China - mailed from china and the shirt was like a kids sized shirt. The company refunded part of my purchase because a return would be too expensive. Very poor quality. Not like this picture on the web.,neg
"This map was great for our trip to Costa Rica. We rented a car and drove from San Jose to Monteverde. Once in Monteverde, it was very useful because it showed every possible landmark (hotels, restaurants, etc.), which is useful because it was not obvious how to find for example the Santa Elena Rainforest without this map.",pos
Love it especially with clip; broke after 1 yr.,neu
"The author has some neat ideas, a nice turn of phrase and a dry wit. However, this book is wildly opinionated and often poorly justified. The author is demonstrably ignorant of topics outside of economics. Biology and climate science are particular weaknesses which are embarrassingly used in far too many examples. I have never classified myself as an environmentalist but when reading the author's anti-eco tirade I couldn't help wondering if this was a joke. It reads like the author and his friends, all paid-up Republican-voting supply-side economists, decided he should write a book that discredits all those nandy-pandy liberal ideas that are ruining America. If only, he argues, we had purer and freer markets everything would be fine. Every problem is the result of interference in the magic distribution of Smith's invisible hand. The author has clearly no idea of jurisprudence either. This is the key problem of the book. It's simply not rigorous in its justifications of sometimes outlandish-seeming claims, particularly improbable-seeming behavioral predictions. It's so flippant, you wonder whether you're supposed to take any assertion seriously.The result is a political manifesto masquerading as a book about economics. I accept that the two are related. As a political manifesto, it's not without its merits. The problem with its moral/political judgements is that we've just come out of over a decade of ""light touch"" regulation in financial markets and the net-effect has been a global financial catastrophe where the very rich are being bailed-out by the relatively poor. All brought about by other economics lobbyists, with similar beliefs to the author, succeeding in reducing federal regulations on the financial services industry, instead advocating self-governance. As the author states early on, ""people respond to incentives"".",neg
"Ex-con Matt Hunter is trying to rebuild his life and move forward after his four year prison sentence. His future was changed forever by a justice system that ignored his claim of self-defense. It has been nine years since his release but the fear of prison, the fragility of freedom, is something that is always there in the back of his mind.His rebuilt life begins to unravel when he gets a strange cell phone call from his pregnant wife-or at least from her cell number. A photograph appears of a man mockingly waving at him. Considering how rare his wife, Olivia, used the camera equipped cell phone, Matt is perplexed. The man seems proud of himself and Matt has no idea who he is. Matt's emotions quickly get the better of him when a second call comes in from her phone. This time it is a video sequence that seems to depict his wife cheating on him with the man from the still picture.Matt can't reach her where she is supposed to be and when he finally does, he realizes without a doubt that his beautiful wife, the mother of his child to be, is lying to him. He doesn't know why. Nor does he know why a man was tailing him and why that same man is now dead. Nor does he know why his name has turned up in an investigation concerning a murdered nun. He does know that he can't trust the system to clear him having failed him before. He needs answers to a past that both he and Olivia had sought to put behind them before they have chance to live, let alone have a life together like their dreams.While an enjoyable read with interesting characters and plenty of action filled plot twists, coincidence plays a heavy role in the work almost to the point of absurdity. All the coincidences can't be detailed in this review as to do so would remove any need whatsoever to read the book. However, there are so many, including two in the final twist sequence, that the read generates a laugh out loud moment as opposed to the shocking suspense intended.However, if the reader can totally suspend disbelief for the entire 370-page novel, the result is an entertaining read that easily passes a few hours. This hardback also features a short story ""The Rise and Fall of Super D"" containing his very much missed character Myron Bolitar.Book Facts:The InnocentBy Harlan Coben[...]",neu
Texty.,neu
Love it having two batteries is always a good thing to have.,pos
It woks,pos
"It doesn't seem to work on phones(windows, android) and my nexus tablet 10. They all have micro usb ports but won't read when I use this adapter for flash drives or other usbs",neg
I ordered these for my friend and she really like them. The price is also good. Thank you also for the fast delivery.,pos
"Not bad, but I like my Zenith better",neu
"this was the best book ever, it was cool because it was about history but it didnt seem like a history school book, if anyone knows of any books like this about greek or roman mythology email me",pos
Thick enough material that you don't see through it.,pos
Nice Quality. would like to return for a medium,neg
They are soft and comfy I really like these slippers a lot,pos
"The silicone skin fit perfectly over the product and it slips easily into the holster. The little piece of plastic on top of the holster that keeps the Nano from coming off the clip doesn't jut out as much as it should, so it could be a little easy for the Nano to go over it, thus releasing it from the clip. I haven't had that problem yet b/c I don't really do much with this Nano, but I think eventually with enough use, it could possibly become easier for it to slip out. All ports are accessible on the bottom for charging, as well as the headphone jack. The clip can be a little hard to squeeze open and doesn't feel like it can open that much, but I guess it's alright for light use.",neu
"Agatha Christie is known for the unusual twists she threw into her mysteries to make solving them especially difficult and gratifying. I have read many of Christie's mysteries and have been able to solve some, but ""The Murder of Roger Ackroyd"" left me completely in the dark. It is a thorougly mystifying and pleasant puzzle featuring her famed detective Hercule Poirot.The novel is narrated by Dr. Sheppard, doctor of the small village of King's Abbot. Mrs. Ferrars, a wealthy widow, has just died due to an overdose of poison. Before her death, however, she sent a letter to her fiance, Roger Ackroyd, confessing that she had been blackmailed about her husband's death and wished him to make the blackmailer pay. But before Ackroyd can follow her wishes, he is stabbed to death and almost every member of his household had a motive for killing him. The list of suspects includes his adopted son, who had incured a great deal of debt that Ackroyd refused to pay and who has not been seen since the murder, and his young niece who had money problems herself due to the extravagance of her and her mother's lifestyle. Dr. Sheppard allies himself with Hercule Poirot, who is meant to be retired in anonymity, and together they take on the case. Poirot immediately employs his little ""grey cells"" to solve the puzzling intricacies of the mystery at hand, while Dr. Sheppard functions in the Captain Hastings role of earlier mysteries.""The Murder of Roger Ackroyd"" is a fast-paced delightful read. The solution is entirely fitting but completely baffling to the reader as well. There are a few places where this work shows its age, particularly the chapter dealing with a game of Mah Jong, but otherwise it stands the test of time. This novel would serve as a fine introduction to Christie's work for anyone who is not familiar with her wonderful mysteries.",pos
You pay for this?,neg
"For the price, the swimsuit is good. I don't like bathing suit shopping because I get self conscious about how the top will fit (I don't want to look like a 12 year old boy). This bathingsuit has sturdy padding in it and it looks pretty good. The bottoms are very cheeky, so I wouldn't buy this if you were in middle school. Other than that I think it fit well and looks good.",pos
"Jodi Picoult is a great story teller. Writing about relationships is her strength. I have read all of her novels and have been captivated, time after time, by her characters and engrossing storylines. ""Picture Perfect"" is not one of Ms. Picoult's best efforts, however. This novel of the relationship between a Hollywood super star and a brilliant and acclaimed anthropologist is too contrived for my taste. She writes about an important and difficult societal issue here, but the complexity and real drama of her story are diminished by the unnecessary glitter of her characters and the addition of a subplot, so tangential, it is superfluous.Cassie Barrett is a physical anthropologist and lecturer at UCLA. She has been assigned to work at one of the university's sites in Tanzania for the semester when she is disturbed by the crew of a film production company in the process of making a movie. Since the film just happens to feature an anthropologist, she is recruited as a consultant and meets super star actor and heartthrob Alex Rivers. In a Cinderella romance with overtones of the ""Lifestyles Of The Rich and Famous,"" the two fall in love and marry. But gold does not lie beneath the glitter. Alex carries tons of baggage from an abusive childhood. Cassie has baggage of her own. Picoult describes the psychological dynamics of the couple with a sharp and knowing eye. Her characters are finely drawn, realistic and compelling. Characters and a parallel story are introduced that would make an interesting novel in itself, but are so removed from the main plot that their presence is distracting. I was left with a feeling that the author had added apples to oranges and hoped to come up with a logical rational for her character's actions. This is not typical of Ms. Picoult's usual taut plots and tight writing style. Apples and oranges do not mix well in this novel and I was left hungry.JANA",neu
"I bought one at Target a week ago. I can't verify if it was the exact same model, but it was a GE brand. BOTH the mouse and the keyboard were very inconsistent, so it went back to the store.",neg
"I can see why it's 3 stars out of 475 reviews! 1st the Bluetooth won't pair with anything (#1) reason I bought it, (2) the remote control works less than 10 feet from the unit, 2nd reason I bought it! Says 120 watts, I seriously doubt that! I went back to my Lepai 2020TI which has better sound & it's only $20 + free shipping on FleaBay. Very very disappointed with this amplifier!",neg
"Works, and at a very good price. This is a follow up. After less than several weeks of road bike riding, this mount has broken. I have changed it to one star to reflect this failure. I use a Garmin VIRB, so perhaps it is not designed for this camera's weight. However, be forewarned that this mount is NOT very robust.",neg
"I live and work in China and generally love reading Chinese history, so after reading reviews here I ordered several of Spence's books. His writing style in general focuses too much on minute details that are not interesting to me, such as poems and musings by historical characters (a lot of them!). If you are doing research on a certain historical person it might be useful, if you are looking for a fun read this is not it.",neg
I like this unit much better than my H115i,pos
These socks are warm.. not to thick.. jus the right comfort!,pos
"Cremony was known to gloat and fictionalize his stories. And as noted in the book description, Cremony's main intent was to further suppress those who were here in America before himself, in particular the Apaches. If you read this book, also read Cochise by Ed Sweeney and Mangas Coloradas to get a view from both sides of the fence.",neu
Too dark not as see able as picture,neg
"The material is stretchy and doesn't feel good. It did not look good either, nothing like the picture.",neu
"does not work. I contacted the seller and they asked me if I use it correctly, what a joke.",neg
Being a devoted MAC and trackball user I have been frustrated with the lack of bluetooth trackballs. I looked extensively for a bluetooth trackball. No such beast exists. Wanting to have an input devise other than the trackpad on my MacBook Pro I finally began the search for a Bluetooth mouse. I looked for a 3 button mouse at a good price. The Logitech V270 doesn't have the 3rd button I wanted but other than that it has turned out to be a great mouse. It has smooth movements both on the surface and the curser. It scrolls well and for use on a MAC needs no software. It isn't configurable on the MAC but I haven't found that a problem. I do miss the ability to click drag and drop I had on my previous trackball but that's okay. The position and aim of the light great also. I used a different mouse for a few days before I ordered this one and the light was at the front and pointing forward. I was using the area next to the trackpad on my MacBookPro as the mouse pad (works well) and I would sometimes end up with the light aiming into the keys stopping the curser. I haven't had that problem with the V270. The light is centered on the bottom. I have had no problems with it. It also works well even though I have dropped it a number of times. The battery life is excellent. I have had the mouse over a month and have forgotten to turn it off a number of times (okay a lot) and the original batteries are still working. It also comes with a case. I recommend this Bluetooth mouse to anyone.,pos
"Forget about war and peace, this is all you nee",pos
great findings exactly as advertised.,pos
"The Penguin Lives series are not traditional biographies. They are short essays on the meanings and mysteries of a person's life, at the time they lived and in the present for us. They are for people (like me) who would not, could not read an 900 page book containing every detail of Joan's life, times and trial. There are plenty of those big biographies out there if you need them. But for people who want a little thoughtful insight on how a teenage girl in 1431 was able to accomplish the unheard of, unprecedented things she did, this book is perfect. This is a book I will always keep and reread.",pos
My son likes them a lot.,pos
"As a gay man living in Canada in 2012, The Homo Handbook: Getting in Touch with Your Inner Homo by Judy Carter from 1996 seems sorely dated. Human rights and social legislation for gays and lesbians have advanced at meteor speed in Canada since 1996, while Americans unbelievably have had to deal with homophobic propositions and referenda at election time. I received The Homo Handbook as a Christmas gift from a colleague at work sixteen years ago. While I flipped through it and enjoyed its plentiful cartoons, I did not read it cover to cover until now.Carter is a lesbian comedian and at times her handbook is a riot to read. Most often the humour comes from playing with gay and lesbian stereotypes. I can laugh at myself even if I am not a flannel-wearing lesbian. Carter writes chapters on coming out to oneself, one's friends, one's parents, at work, and even chapters on how to get laid and how to become a gay activist. If I was at a point in my life where I was closeted and not even out to myself, I might have found this book valuable. However its structure seems far too new-age for my liking. The reader is often instructed to remember events from one's past, to meditate and breathe deeply in order to regress, and to write down spontaneously one's feelings in a coming-out diary. One is instructed to do a lot of note-taking while reading this book. I get the feeling that if one were to engage in every writing exercise during the process of reading this book, it would take a good two weeks--seriously--to accomplish all that Carter wants you to do:""Imagine that you're getting married. Go into detail--the outfit, the music, the strippers. Write for five minutes. How does that make you feel? Does it scare you? If so, why?""and""Make a list in your coming-out journal of what you are letting go of by coming out. Now write down the ways your parents made (make) you 'wrong.'""Carter believes in making lemonade out of lemons and finds internal strength even when dealing with homophobia or ""toxic"" friends. I didn't find some of her advice on what to do if you come out at work and get fired very helpful:""If you are fired for being gay, your coming out can wake up the world if you file a sexual-orientation-discrimination lawsuit.""This is fine if you have the time, money and strength to file and go through with legal action. If you're living paycheque-to-paycheque, Carter's remark that if you've lost your job, would you really want to be working for bigots anyway, seems little consolation. I am indeed fortunate to work where I do in a gay-positive place, and in Canada at that, where losing one's job because of one's sexual orientation is not a worry.Perhaps groundbreaking--and relevant--when it was written in 1996, The Homo Handbook is now a nostalgia piece that belongs in the lesbian and gay archives.",neg
Got it as a gift. Haven't tried it personally but have used other eye shadows from this brand. Not the best quality but makes for a cute gift.,neu
nice fit and great fabric - location of clasp in the middle of shoulder blades makes it next to impossible to fasten by yourself. I need assistance or you have to be double jointed to clasp,neu
"Very attractive necklace, I have received many compliments. Looks good with casual and dressy clothes alike.4 stars because I am uncertain whether the necklace is sterling silver as claimed. I'm not an expert and I don't have nitric acid on hand to test the metal, but put this necklace next to some sterling silver necklaces I have from a reputable jeweler and it looks closer to stainless steel than it does to sterling.Still a lovely necklace and I hope the finish lasts a long time.",pos
"Might work for some, but not for me. Not a bargain.",neg
Sharon,pos
"i had to read this book for school so i bought it so i could and im normally a really fast reader and my thoughts dont really trail off when im reading but i opened the book and started to read the first page, it took me 5 minutes just reading that one page because i would start thinking of what im gonna do this weekend or whats for dinner and then have to start over cause i couldn't remember what i had just read, so in my opinion dont read this book unless you absolutely have to.",neg
Ok. Nice for the price.,pos
"It's pretty but it's a cheapo watch. The ad says the band is gray but it's actually nude colored. And I sat outside on a humid day and after 2 hours, a lot of condensation had built up behind the watch face and it won't dry out!!",neu
"What a story! You look at her and you think that nothing bad has ever touched her life. Her life seemed blemish free of any trouble,strife. You would think somehow all that she had been through would surely have shown on her face. In her countenance. It is not that she wasn't smart. She was just a very trusting soul. That is not a bad in and of itself, but for her it almost became her total undoing; financially, emotionally, physically. She suffered through 3 horrendous marriages. Her first being at 17. Her first pregnancy was almost terminated in a most archaic way by her first husband. For whatever reason she ended up with jealous,cretins who more possessed than loved her. Mostly,they loved the almighty dollar. With the exception of her second husband.Fairly early in her life she was exposed to Christian Scientology. It is this reader's opinion that while it gave her some sense of a strong foundation in basic faith beliefs, it may have done her ultimately more harm than good. She later wisened up, again,just my opinion,(no hate mail please),and adopts a more balanced view of religion. It means if you get sick, you go to a doctor for God's sake and your own sake.Doris Day appears to touch on everything you would want her to; her musical career, her many movies and her co-stars in them,her candid, healthy outlook on sex, love, and even exercize and make-up tips for her female reader's appropriate for the 1970's when the book was published. At the beggining of the book, she is asked by the co-author A.E. Hotchner if she will tell all, she doesn't hesitate. You get the feeling she does. I like her. You will to.",pos
"In this second of the Bounty Hunter Wars trilogy, Jeter continues the two time periods, of just after ANH, and during ROTJ. Starting in ROTJ, we find Boba Fett, Neelah and Dengar taking over Bossk's ship the Hound's Tooth, tricking Bossk that a bomb was onboard to get him to jettison in an escape pod and take over. Boba does not want the galaxy to know he is alive, so he ditches Slave I. Neelah is still looking for her true identity, while trying to extract infor from both Dengar and Boba. So, Boba Fett sets in a course to another sector of the galaxy, with no clue on where he's taking us.Besides this, not too much happens in this time frame, except for the plot around Kuat of Kuat and thechallenge by the other bloodlines on the planet to take over his operations. Somehow we find out he planted Falleen pheremomes on Tatooine to make it look like Xizor had Luke's uncle and aunt killed.Most of the action takes place in the setting just after ANH. Bossk and Boba Fett team up to capture this renegade stormtrooper, not knowing thatPrince Xizor has set a trap for Fett, with help from Palpatine and Kud'ar Mub'at, the spider like alien.Pretty good action. You can definitely see that everyone involved in this novel is looking out for number one. We get a lot of dialogue from Boba Fett in this one, which is contrary to what most think his character to be, a bounty hunter of few words.Jeter at times loves to talk, repeating things about certain characters several times during a chapter; like we would forget or something. This tended to string to the book out longer than it should have. At other times, Jeter's writing was great, especially his use of adjectives to describe a planet that Boba Fett and Bossk meet on, where centipede like creatures live, with one wrapping itself around Bossk's ankle.Overall, this was a fair to good SW book. Looking forward to the finale, Hard Merchandise.",neu
Want to return!,neg
Excellent value. Fast shipping and very reasonably priced.,pos
"Having bought Studio MX 2004 because I wanted the easiest way to integrate graphics with DreamWeaver, I struggled and struggled to use Fireworks. I use Photoshop, but read how great Fireworks was and wanted to try it. I found that it's HELP is terrible, and not very useful to new users. Then I found Sandee Cohen's book, and all is now clear. This is a great book, walking the user systematically through how to use Fireworks, and emphasizing the ease and simplicity of keystroke shortcuts. Very highly recommended.",pos
"If you notice the Editorial review, it states ""in the book"" and ""the tape which accompanies the book"", so I thought I was getting both a tape and a book -- and I was in a hurry. I was surprised to receive only the tape (especially for $29.00). It has some good, if not always very understandable, native speakers of various dialects of Great Britain on it -- and without the transcriptions it is hard to grasp all the changes. I guess now I'll order the book and wait three weeks for that. It is a good resource for samples of some of the regional dialects not easily found in the major dialect source books.",neu
Good for a cheap webcam,pos
Inexpensive and powerful. Been using it for a few months now with no complaints.,pos
Love it. Nice big screen.,pos
"There are a number of books on the market whose titles begin with ""Of"" (""Of Mice and Men,"" ""Of Course I Can Cook"") and I have generally enjoyed them. This particular work is less satisfying on a number of levels, not the least of which is its rather uncompromising use of the letter ""P."" Still, the plotting is exciting, the characters vivid and their portraits poignant. But in the end, can it really be said that the structures of perception inherent in our language can reveal parallel structures of domination and oppression in the political world? More importantly, can it really be said without using the letter ""P"" quite so much?Readers who are interested in this subject matter may want to investigate some of the later works of Sean Hannity and Ludwig Wittgenstein, whose treatises on language and morality used a much richer selection of hard consonants.",pos
2.4GHz band started dropping connections,neu
"Allthough the writing in novel left a lot to be desired, it really did transport me back to the early 90's. I started out with a more straight crowd as a freshman but then I discovered alternative music and thrift store shopping. This led to punk rock and a totally different crowd. By the end of high school I was this scenester chick that wrote a zine and probably would have never hung out with the nerdy freshman I used to be. The book really does show how that time was. There's a line when Andrea is telling someone that they were going to a ""show"" not a ""concert"". I remember those conversations and trying to explain that to people. Andrea reminded me of myself (I was in the school paper and did a column about fashion, fell for the wrong guy in a band, etc.) I am surprised I never found this book when I was a teenager. Fans of MSCL will dig it or anyone that was different in high school will relate.",pos
"1st let me just say I firmly believe in the Roswell coverup. However, this book was an unbelievable disappointment.I would rate it negative 5 stars if I could!The author is either delusional/insane or purposely spreading disinformation for the government! While on the surface first things appear good and the author gives many names and has done his homework on Roswell, Tesla, HARP and many other controversial issues..He rapidly discredits himself as taking person credit for just about every signifcant event in history for the last 50 years throughout the book. And I am not talking about Roswell secrets that destroys his credibility. But he claims to be the sole creator of just about all history in the last 50 years non Roswell as well. In fact, after reading the book I'm not sure there is a single invention, or political event in history in the last 50 years, legend or Fact Alien, Non Alien, political or otherwise that Corso doesn't personaly take credit for as being his originial idea and using his charisma to change the world. Which is extraodinary considering the fact according to him nobody ever knows he has the Roswell Secrets. So to the government agencies he is a run of the mill Leutinent colonel. In addition to claiming to being the keeper of some Roswell artifacts and sending it out to contractors, He goes on and actually takes credit for personally determining their use , envisioning their future applications and directly the scientists ..all out of his pentagon office out of a 2 door file cabinet.. While I can buy the idea of an office with roswell secret and covertly giving it it to scientists. I cannot buy one man looking through crash scraps in a file cabinet and scribbled notes, and successfully without any lab or real scientists helping him, reverse engineering all the secret artifacts and their alien function and then solely himself inventing new technology and applications for EVERYTHING??? PLEASE! It seems we don't have any scientists examining the roswell artifcats to thank for the marvels of the Computer, Laser, Star wars,night vison, thought projection, Stealth bomber, kevlar...It's all Corso's who he himself who comes up with all the ideas and directs the scientists on what to build what he determines..If thats not enough to convince you, he then takes credit for advising the Kennedy's, Hoover and a couple other presidents on many political matters that are totally NOT UFO related,"" remember nobody knows of his roswell involvement, he is just a paper pusher at the pentagon. Then Corso claims to be soley responsible for giving the idea to Kennedy for putting the man on the moon, personally creating the Cuban Missle crisis by obtaining the photos and leaking them himself, and advising on Italy for the post war european rebuild of the economy. to add to these remarkable acheivements although no one knows he is the Roswell guy, everybody thinks he is some flunky lientent colonel. On several occassions Corco brags about walking in the front door challenging the head of the CIA, the ARPA organization, the Senate, Congress, all about NON-Alien issues! and winning everytime. It seems Corso can overrun any anybody organization in the US government..and remember all while nobody knows he is anything more than a lientent colonel..He doesn't even have the weight of the Roswell secrets known to this organization to back him up, Oh yes lets not forget he knows all about the CIA and they know nothing about him, and oh yeah I forgot it wasn't the CIA but Corso himself was also single handliy responsible for identifying the KGB infilitration in the CIA that needed to be cleaned up.Oh yeah Lets not forget his personal moon base project that got cancelled, How he was at texas when they stored the Alien bodies after the crash and accidently stumbled upon them, how he had the secret Telsa files, has all the details on HARP, the Kenndy assassianation ""but won't go inot that darkness"" etc.. the book goes on and on it seems Corso has the answer to every mystery in one book and if that's not enough to swallow Guess what he was responsible for ALL of it! Oh yes and he only had the Roswell secrets for 3 years..This is obviously either authorized disinformation, or an individual fantasy... either way it's a joke and insult to any reader with a below average intelligence or better.. I was serously waiting fro Corso to announce he was secretly God as well. Remember I firmly believe in the Roswell crash it's just this book was so over the top ridculous of tall tales than never end.. I was upset I wasted my time... Corso has got to be the most unreliable Roswell writer ever and his writing is wild BS..who knows maybe the roswell details or others are part true. in the book since he goes so far as to discredit himself with the other BS and we may have a classic case of crediable information coming from a discredibile source... Either Corso A. was order to produce this...to try and discredit proving the roswell crash, B. he knows nothing about Roswell and is borderline insane. C. He knows something about Roswell and is borderline insane. Either way I wouldn't read this book looking to find anything new on roswell thats even remotely reliable.If this is the best the government to come up with disinformation recently I have strong confidence we are close proving the Roswell coverup..really Corso and his book are a joke!I've read and researched almost every UFO book publication out there.. Fianlly somebody with the guts to leak the truth! trouble is after reading the book I had to question what truth was in there at all.. Don't get me wrong I believe there was a crash at roswell and the governement is or trying to reverse the technology.. After reading the book I just don't believe either Corsovo really knows anything and is wildly self delusional or if he does know something he is just trying to spread disinformation. Why? first of all his boasting about everything aside from UFO's CIA, Generals etc.. throw up a big BS meter. Secondly in additon to having the files, he also accidently saw the bodies back in 47 not authorized just accidently stumbled on them in an unguared warehouse while strolling around a base as a sargent..rather convinent no? then although he doesn't say how, but he knows all the secrets of HARP, bermuda triangle, BigFoot, the tooth fairy..etc... the list goes on and on... then in a final insult to your intelligence he single handedly claims to have reverse engineered and come up with a modern day use for every alien artifact.. rather good for a non- engineer looking at alien artifact in a file cabinent wouldn't you say? In fact by the end of the book in non UFO related topics, Corsovo ends up claiming to also have made several history changing decisons for several presidents, bullied the CIA, knows the secret to every myth and bedtime story, is single handled responsible for every piece of modern technology we have after 1950.. laser, computer, satellite, space shuttle, satellite, internet, etc..One of these things I could buy but him being the sole originator of all of them? Presidents, CIA, Roswell,computers, laser, HARP.. and all but accident? Not by promotion or assignment.. and not given any real support or black ops project to help him carry them out?? him all by himself in a pentgon office with a file cabinet and his own brains? And then never given any credit? no promotion? for all secrets and influnce in the hisptry of man? why wasn't he made a general or head of the CIA?? just an adjunct coronel?? retired with that pay?? In fact, the BS is so bad across the board I have trouble even beliving this is government disinformation.. they have a history of screwups but even this level of BS fairy tale across the board is beyond them.. My personal belief is that Corsovo is old and self delusional...Save your money and buy a Roswell book from Stanton Friedman he at least tries to come up with a plausible truth and evidence about the Roswell crash adn government coverup",neg
good but too expensive,neu
Great product but not for audiophiles.,neu
"I'd LOVE to have something like this, IF they put an atomic clock in it! It would be everything I've always wanted in a clock!",pos
"If you are full-figured with hips and ass, forget it.",neg
"I am sure it works but not for me. I am in the Ashburn, VA area and it did not work. It picked up 22 channels which only 2 worked. I am returning the item.",neg
"Taking a Russian history class and learning in detail about Joseph Stalin's rule would help one understand Animal Farm much better, as well as the characters. George Orwell's hatred of totalitarianism, especially that of the Stalinist USSR, formed the basis for this short satirical fiction.A band of oppressed farm animals oust Jones, their cruel human owner and take over the farm. Led by two pigs, Napoleon and Snowball, the animals proceed to run the farm by themselves so they are no longer exploited.Napoleon is clearly Stalin, while Snowball is based on Leon Trotsky, and the Old Major is Lenin. Squealer may be Molotov or Kaganovich, but I'm not sure. The first attack on the Farm by Jones and his men is based on the Russian Civil War (1918-1921), where disorganized factions of anti-communists attacked the Soviet Union from all sides, and lost. However, things don't always go in parallel, as the Old Major dies before the Revolution. Lenin of course precipitated the Revolution in 1917. And note the date of the liberation of Manor Farm: 12 October. That is close to 24 October, the date of the Bolshevik Revolution.Other items: Boxer the horse is the epitome of the hard worker whose two sayings are ""Napoleon is always right"" and ""I will work harder."" In fact he may be Stakhanov, the worker whose team so efficiently met their quota in one of Stalin's 5-Year Plans, that the word Stakhanovite became synonymous with an A-One Soviet worker. And the inability of most animals to read only the first two letters of the alphabet hint at their being lowly, illiterate subjects blindly obedient to the State.The Seven Commandments--ironic for a Biblical reference in an atheist system-- plays an important key to the book, as they keep changing during Napoleon's reign. They are: ""Whatever goes upon two legs is an enemy, 2) Whatever goes upon four legs, or has wings, is a friend, 3) No animal shall wear clothes, 4) No animal shall sleep in a bed, 5) No animal shall drink alcohol, 6) No animal shall kill any other animal, and 7) All animals are equal."" However, as Napoleon consolidates his rule, the Commandments become slightly altered. For example, after the animal executions, analogous to Stalin's purges, the sixth Commandment has the words ""without cause"" appended. And talk about irony in using the name of Napoleon for the Stalin character when in fact Napoleon invaded Russia, the result of which increased distrust of the West by Russians.Orwell's portrait of the totalitarian state would be finalized in his masterpiece 1984. Animal Farm was a preview for that grand work, but the final thing that comes through in this book is that the Stalinist regime was just as oppressive as the czarist regime, with the ordinary animals on the receiving end-i.e. ""but some animals are more equal than others.""",pos
"This is a great program for all interested in getting their spirit in shape. It is an easy to follow, understandable, program to keep your spirit in tip top shape. Very easy to read and well thought out.",pos
"Dr. Ramachandran has taken the world of nueroscience to common people. The language is easy to understand and the flow is very good. The book consciously stays on the medical side of things, not delving into spirituality. It is often easy to do that especially when dealing with brain, mind and consiousness, and with his eastern background. On the other hand, I wouldn't mind trying to relate to some of the wellknown concepts in spirituality (like the soul) and seeing if there is any relevance in extending some of his neuro/brain concepts there.There are a few speeches Dr. R gave that is in youtube and TED. Especially the TED one is a good abridged version of this book. One gets the impression while you read this book that there are 100 other researches that can be performed on the brain to understand better on how things work (eg. details on sleep is very less known, dealing with certain pains that don't seem to have any origins etc)Again, very well written book, and I am hoping he is working on more interesting research and books soon.",pos
"This book is about a group of kids who discover that their substitute teacher is not only a football player for the town team but the bogeyman. While there real teacher {who they think is a vampire} is sick they, they have a very strange sub teacher.He is tall with large muscle and always wears dark clothes. When a certain kid doesn't do his homework the teacher says he will get him and that night the boy couldn't sleep because there was a strange noise under his bed. His friends thought nothing of it until kids all over the school were scared to sleep. They went to a football game and snuck into the locker room to snoop through the teacher's locker. When they discover his secret he disappears and the regular teacher comes back to school.Debbie Dadey and Marcia Thornton wrote this book",neg
"This is a pretty loose knit, so it's not as snug as I would have liked. As such, I imagine they will stretch out eventually. They are warm though.",neu
"yea...a few others said the same, but its cute and hangs long...also had a difficult time trying to make it keep time, still cute though",neu
These seem to be very well made and work great.,pos
Best tanks ever. Ordered size small very flattering,pos
"I just got done reading this book. It was a great suspense/mystery book at first. However, the characters were not well developed and the plots were never finished. The ending leaves the reader wondering ""Why?"" and ""How?"". I was very disappointed because when you spend your time reading a 470 page book, you expect it to actually be worthwhile at the end and actually come to a closure. Well, this one wasn't and didn't. I have never read any other of Susan Sloan's books, and I doubt I ever will. I am very disappointed to say the least.",neg
"This necklace is great, but not what I thought I was getting. It's a bright silver, whereas the picture seems dark, like pewter. Bought it for my husband, and I'm sure he would have liked it more if it weren't so bright.",neu
"We got this suit yesterday. Fast shipping and the costume is so cool. However, the seams are opening on the hands, zipper , fingers and some on the legs. I don't know how I will get it off my son to return it.",neg
"Quality wasn't bad, but I ordered the white one and it was more of a lilac color. I Needed white for family photos, so I had to return it. If you're looking for a white shirt do NOT order this one.",neu
"I found the dialogue laughable when Mr. Woods didn't intend it to be. The climax lasted about two pages. I figured out the ""secret"" of the twins before I was halfway through the book. There was so much fluff in this book that had nothing to do with the central plot that at the end I felt like I had been snookered into reading 300+ pages for a plot that actually took up maybe 50 pages. It took a willing suspension of disbelief to believe the villian turned into a vicious serial killer simply because his wife left him while he was on steroids. The cops in this book were comical characatures whose detective and interview skills matched that of a 10 year old. Mr. Woods should read a Michael Connelly novel before he tries writing cop scenes again. Woods is hit or miss and this was one of Woods' worst books. Stick with Chiefs and White Cargo. I read this book based on the reviews posted here and I was really, really disappointed.",neg
THE PLAYER IS SO EXTREMELY EXPENSIVE AND LACKS IMPORTANT FEATURES,neg
"Readers will either love or hate Margaret Coit's Pulitzer Prize winning biography on John C. Calhoun. Coit has a very vivid style and sometimes she comes dangerously close to crossing the line into writing fiction (such as when she enters the mind of a dying Calhoun and offers a series of flashback sketches). She offers a generally interesting biography even if she gets bogged down in anecdotal stories and speculations (including the annoying Lincoln was Calhoun's illegitimate son story). This is the most accessible biography of Calhoun which does redeem some of its flaws. Still while Coit does offer a solid narrative of Calhoun's long and often tempestuous political career and is better than some of Calhoun's other biographers on sections of his life (including his home life at Fort Hill), the book fails in offering a good analysis of Calhoun as a political theorist. However if someone wants a good account of Calhoun's political and home life without dozing off, Coit's book is a good place to start.",neu
Its cute. Came packaged nicely. Definitely order at least 2 sizes up. Glad I read the reviews before I ordered. I only went up 1 size....its doable.,pos
"This swimsuit is so adorable! I love the iridescent colors of the bottom and the tail. The tail works as a perfect cover up and it's fun for my 4 year old. I gave this 4 our of 5 stars because the bottoms are a bit large and my daughter does not like the tail when it is wet. Because it is made of polyester, the tail clings horribly which my daughter does not like and refuses to wear it any longer.",neu
"Last night I finished reading this tremendous novel. I recently found it on my mother's bookshelf, and began reading it prior to her passing...I finished after she passed away. Reading this book has helped me to understand better what motivated her--and subsequently, the values upon which I was raised. I found particularly intruiging (but I do not at this time fully understand why) the fact that this novel was published in 1966...and Dr. King was murdered in 1968. This is a powerful work and is a 'must read', especially for black youth. It is also a 'must read' for opponents of reparations to black americans for slavery in america. Through this work, perhaps these opponents can come to some understanding of the legacy that slavery leaves, and still lingers on black americans. Probably, this is too much too hope for. THANK YOU ANN FAIRBAIN!",pos
I did finish this book but only because was sick and in bed. It does not have any real storyline. I do like to read historical books but I am not a big fan of romance. This was more meddling a bickering than I can usualy bear. I would definitely not recommend this book to any of my friends. Deleted from my kindle.,neg
"I bought this since 2013, I think or earlier ...",neu
"Junk, avoid, they melt while soldering.",neg
"This one read more or less like a theology text with a detective story thrown in there for laughs. Or so it seems at some points, when the author breaks away from the narrative and explores what's going on in the title character's ""mind."" Some of the angelology in here is a little bit questionable, in my opinion: the logic behind the Ten Commandments being given to humans and not angels is more than a little slim. On the other hand, this novel does make for a decent evening's reading. Decent is the best I can say, because some of the plot twists are evident a chapter or two ahead of where the author springs them on you. There was more than one occasion when I got into a chapter having been told something I already figured out a couple of chapters previously. If you're into thrillers with a spiritual bent, check this out for what it's worth. Just be warned: this one is the literary equivalent of a Whopper with fries and a Sprite: lots of empty calories. If that's all you want, you won't be disappointed.",neu
Keychain is literally the size of a pinky. Not worth the price.,neg
"Eternity Row stars the super-bio-engineered doctor Cherijo, her standoffish husband Duncan Reever, and now the latest addition, Cherijo's daughter Maril.This latest installment was by far the weakest in the series. As we found out in the last four novels, Cherijo was bio-engineered by her demented father/brother to be the perfect wife (erk). Fortunately, this book fortunately gives the demented father/brother character Joe Grey Veil a rest, and concentrates on Cherijo.Cherijo and Duncan have had a child (see Shockball) cliff hanger. The child, Maril is precocious, gifted, and as annoying as can be, talking in 'baby talk' throughout the book. She manages to be underfoot at every opportunity, taking Eternity Row into new levels of corniness. Duncan Reever, usually cool-headed, becomes a testosterone crazed fiend in this novel, slathering Cherijo with a 'romance novel' level of protectiveness and ordering her about in uncharacteristic fashion.As usual, Cherijo is impervious to harm, as she bludgeons the readers (and the rest of the galaxy) with her own version of doctoring and philosophy. (While I love these books, I think the author may have painted herself into a a corner with this character by making her all-perfect, all-powerful, and just plain TOO superhuman). As it is, there is nothing Cherijo cannot do. From discovering cures for an STD(last novel), to solving interplanetary incidents. Cherijo is not only smarter than everyone, she is tougher, stronger, and knows what's best for everyone too. Please.While I liked Eternity Row, I felt the novel ending was a tad contrived. I disliked the baby-talk which the author used as a speech device for Cherijo's child. Scratch that, I also disliked the child as a plot device. Whatever happened to Cherijo's protestations that she 'just wasn't maternal?' And who in their right mind would produce a child with a stalker like Joe Grey Veil loose? I also felt the cast of characters needs to be parred down some, and some minor plot threads should've been resolved, such as Ilona... Etc. Overall, this was a okay read, but with all the 'pairing up' that goes on in this novel, I began to feel like I was reading a Romance Novel, rather than Sci Fi.I recommend this for readers of the other books, but it definitely was the weakest in the series.",neu
"The top was full coverage like I wanted. The bottoms were not what I was looking for though. They showed too much cheek, and were not as high waisted as I hoped. Cute pattern though!Ordered: size mediumHeight: 5'5""Weight: 125 lbsBust: 36C",neu
"This was not a grey bag like I thought I had ordered. Instead, it was a weird metallic color that looked really cheap. The quality is horrible and the gold pieces are chipped. Defiantly not able to bring this into the office like I hoped. I had really high hopes for this, but I'm left incredibly disappointed. Will be returning it asapEDIT: On the same day of my original review, the seller reached out to me immediately apologizing for not living up to my expectations.They already refunded my purchase which I appreciated, however I wished they had just sent me a good quality bag to begin with. I have added a star for their customer service. They need to either make their bags look like their photos or take photos accurately representing the product they send.",neg
"Works, but is poorly manufactured",neu
Very comfortable. The pads are thick so they show through clothes but they're removable. Fits a little big but has adjustable straps. Would definitely recommend.,pos
Perfect sizeGood qualityPerfect gift for new driversOr Crazy drivers. ☺,pos
"Winter Moon is not a good read. The first few chapters gets you going but it's slow moving from there on. I won't give anything away, but it's not Dean Koontz best.",neg
"As someone who can only read Danielle Steele once a year, I found this book a good summer read. Its quick, not too involved and just enough romance to keep your interest. The main character although suffering some of life's heartaches isn't bombarded with them like many of Steele's other leading characters. I also liked the touch of history throughout the book because you know how that's going to work out. What Steele does nicely in this book is that she keeps you guessing as to how the true facts will impact on the lives of the main characters. All in all if you're planning to sit by the pool or beach, you won't be disappointed.",neu
ordered the extra tips It works great,pos
"Hercule Poirot, the little Belgian detective has returned to Styles Court, the scene of his first English adventure in crime for his final case. But now the handsome country mansion is a guest house and Poirot, old and arthritic, is one of the guests. He invites Captain Hastings to join him and then reveals the reason for his request. Poirot informs his old friend that they are ""here to hunt down a murderer."" And to find out who is the killer, first a murder has to be committed. But who will be the victim?Although Curtain was written during the London blitz in the early years of World War II, it never got published until 1975. The reason being that in this book the famous detective Hercule Poirot concludes his wonderful career. Agatha Christie wanted Poirot not to survive his creator. Therefore she finished his career by writing Curtain and locked the manuscript in a bank vault. Dame Agatha Christie died on January 12, 1976, one year later than her most famous creation.Curtain is a vintage Christie. The plot is ingenious and seems totally committed to putting the reader on the wrong track. Although the actual motive and operation procedure of the murderer are quite dubious and unbelievable there is only one word that can truly describe the denouement: sublime. In a few lines Poirot explains how the unsuspicious reader probably missed five smartly interwoven clues. When you read these lines you can only but hit yourself on the head for being so short-sighted, exactly the same feeling reflected by Captain Hastings at the end of the book.",pos
"For first time piercers, wait until your ears are completely healed, otherwise these will re-open the hole.",pos
"the hat would have been better if it wasnt super dark navy blue and smashed when I recieved it, but its ok for the price cant complain",neu
"This dress fits true to size. It's so comfy yet sexy. Dress it up with wedge sandals or heals, or dress it down with sandals.",pos
"We gave my Kindle Fire to our 5 yr old son when my husband bought me a new HD one for Christmas. We already knew our son LOVES the Kindle, the majority of the books, games, apps, etc. on it were for him, anyway. Not long after we gave it to him he dropped it and got a big crack in the screen. He did it again and got another, smaller crack. I was thrilled when I saw this! I put it on as soon as it came. Regardless of the color (he's only 5, he doesn't think pink is girly yet LOL!) he's happy to have it. It gives the Kindle kind of a grip for his little hand so he doesn't drop it (much). He HAS still dropped it of course but thanks to the Swurve there have been no more cracks and the ones that are already there haven't grown!! I wish they had these for the HD Kindle Fire, I'd buy one for mine. I can be clumsy at times, too. This is a great product!!",pos
"They make it difficult to keep updated, manual download of courses, hardware blames software. Gathering dust in a drawer.",neg
"I will agree that the story starts of with a weak and predictable plot; however, it does pick up the pace towards the end. At first I did not like this book once I was done with it...But I read it again one month later, and started to like it. While this book is not a ""filler book,"" it does leave you with that impression the first few times. The story ending is somewhat unresolved, i.e. the Empire, the Alliance, and the new laws of magic, but if she follows her pattern, they will be filled in at a later date/book. The latest book, Owlflight, does deal with some of the new laws of magic, but not all aspects are dealt with. I have read every book in the series at least seven times each, so I can say this is not one of the best! Her latest books may leave the reader unsatisfied with the characters, but after a while they grow into the story and fit in. This book could have done with a bit less dialogue dealing with trivialities, but the basic ideas and style that makes her other books so enjoyable are there--just buried under several things that might turn off newcommers or dedicated fans in the series.Newcommers should start with The Last Herald Mage series, then read it chronologically. Read the Gryphon books as the second to last completed trillogy, though before this trillogy so you can get a better understanding of the plot developments. Overall, this is a good book, mabey not the best of the series, but it does fill in the gaps nicely with a thorough, mostly entertaining, plot with few holes.",neu
"Love these shoes! So easy to put on, easy for early walkers to use. I started buying g these when my son started walking and at 2.5 I keep buying these. They get a bit scuffed up outside after a while, but it's expected with boy play!",pos
I returned these speakers as they were not powerful enough for what I wanted to use them for.,neg
"I have read much of Mr. Vonnegut's work over the years, and one of the things I always admired about him was how practical he was in what he said. He was an avowed socialist, while admitting that socialism has never worked, a professed crank, who saw the best in people, etc. I don't know what happened to that guy, but he was the not the guy who wrote this book.""A Man without a Country"" is so full of bitterness and bile that it clouds over some of the truly remarkable essays in this slim text. The book is formatted as a loosely connected batch of essays, and there are some that are vintage Vonnegut in their style and content. The essays ""Here is a lesson in creative writing"", and ""I have been called a Luddite"" being prime examples. They are enjoyable, insightful, and worth rereading and sharing.But then the book takes a very bitter turn and never comes back from it. It appears that like his literary idol Mark Twain, Vonnegut became very disillusioned and hateful in his late life. What drew me to Vonnegut years ago was a recurring theme that appeared in so many of his works, the idea that we each have a duty to treat others respectfully and with kindness. Vonnegut himself even said in earlier works that ""he never wrote heroes or villains"". He knew that judgment was best left to others. But this book is hateful towards those whose political or philosophical views differ from Vonnegut. It is like seeing a person that you greatly admired being exposed as a fraud. Vonnegut (in this book, which is nonfiction) is mean spirited, and all of the things he spent so much time earlier in his life begging us all not to be.Simply put, it makes me sad.I have now read this text twice, about three years apart, and I won't waste the time (with the exceptions mentioned above) again. It depresses me, and distorts the view of Vonnegut I would rather maintain in my mind. Read his earlier works, especially the lovely ""God Bless You Mr. Rosewater"" and skip this one.",neg
The set arrived without the tie.,neu
"All in all it's a nice minimalist wallet. The problem is after four months of use the metal clip that holds your money has loosened up to the point where money is no longer held securely. Wallet has held up great, clip, not so much. I would try the money clip variant instead of this one.",neu
"I would have like to see how well this motherboard performed. I purchased this board as an upgrade to a Jetway 626F8000 which works rather well except for the choppy video especially on YouTube and other video sites. I have an Acer Aspire One with a N230 which is similar to the 230 processor on this mb. I never bought an Intel board or let alone Intel Chip. Always used either AMD, Cyrix (VIA) and had no problems. Unfortunately, both of my motherboards arrived dead on arrival. After mounting and assured there was no shorting, tried to power up and boot. Both boards would power up with no problem except that each would not past POST. Had a diagnostic card to check for POST errors. The Diagnostic cards would not even display the suspected error. These little devices are excellent even in determining such things as not placing your ram correctly etc, specific hardware failures etc. With these motherboards, there wasn't even a POST error display. You could see the motherboard light, the CPU fans was running except that there was no beep, no sound, nothing. I have been building my own computers for fifteen years, so I do know a thing or two about motherboard installation. I find it very troublesome that the chip manufacturer along can allow this to past quality control on both occasions. My present Jetway MB was purchased to replace an old Asus AX-7 which lasted almost seven years with the AMD processor. Anyhow, buyer please beware. Perhaps I had two that somehow passed inspection and were sent out to some unsuspecting soul. Intel has a pretty good reputation. However, after two strikes, I think I will go back to the brands that I grew up with and learn to trust.",neg
"Muy Buena Calidad Precio. Llego antes de lo estimado, justo para llevarlo a la pelicula.",pos
"It's hard to understand all the brouhaha over this book! The story is Jane Austen's ""Pride and Prejudice"". The presentation as the-misadventures-of-the-comic-heroine was perfected over 20 years ago by Jilly Cooper. Jane Austen is better. Jilly Cooper is better. This would be one of the few cases I have seen where the movie is better than the book. And that's pretty darn sad.",neg
"The only problem with this great little camera, you have to buy batteries! And keep buying batteries because it doesn't have a rechargeable battery. It's a nice digital camera for quick easy functionality but with a 1980s battery system.",neg
"Got these for my daughter, who is completely satisfied with them. Soft and slightly fuzzy to the touch, they stretch well enough to get on/off easily, and are not so tight that they leave marks when bunched up near the ankle, which she insists on doing for no good reason. Materials and construction appear to be of sufficient quality that they will last as long as socks in our house generally can. Would recommend to anyone in need of girls' socks without reservation.",pos
Found this as useful as the holding power of the clamp.,neg
"I bought this for my son for Christmas and 3 months later is stopped working entirely. He brought it home during his break, contacted the manufacturer who would not exchange it until they had his unit sent back (this I understand). They took 7 weeks to send him a return box. Then they sent him a re-furbished replacement unit (I paid for a new unit) which has never worked. The blue tooth sync function will not cease and pairing is therefore impossible. This has rendered the unit inoperable. Needless to say our faith in ANOTHER replacement is poor. According to the manufacturer our only option is to repeat this cycle of frustration.",neg
Had to return. Way small.,neu
"I agree with many of the other online reviewers. This book is not up to the early Cussler novels. Additionally, I listened to this book on tape. As a preface, I normally listen to 2 to 3 books per week on tape. This story was so disjointed and had far to many one dimensional characters to ever remember who was on which side.The fact that this ship can go undetected in extremely hostile waters, and the crew can accomplish impossible feats without ever incurring a fatal loss stretches the bounds of imagination.The all in a day's work philosophy of this book doesn't flow. After the risks being taken, the crew in general would require time to regroup.The initial thrust of this book indicates that this ship is a merencary, however, they qualify it to the side of right. The CIA becomes magically involved, the US Navy is willing to commit acts tandomount to war for the sole purpose of putting a Tibetian monk back in power in China. Give me a break.Clusser's books have become nothing more than comic book type action hero stories.",neg
Very cool when purchased . Way too hard to put on. Looks nice but .. The wires are actually coming out and I literally have worn it for two days.. Definitely not a good buy,neg
"I read the reviews on Amazon website before I bought this item for my AM radio. I bought the item as new. However, when I received the item, it was a used item. The original plastic bag was torn open and the box was obviously has many signs of being used. Besides, when I tried to use the antenna, it did not work. It did not show any signal of signal improvement at all. Just to be fair, this item was used when I received it. Not sure this item is broken or just not working. I returned the item and in the process of getting my refund. Would not recommend purchase of this item.",neg
"Connected camera to unit made connection. installed goose neck outside of my residence, and it stopped working opened it up re-adjusted camera could not get it to connect. Hooked it up to wire from nest and it re-connected. Tried to put back into goose neck and see if it would connect it didn't packed it up and sent back to amazon. I believe it has Intermittent problem. Will purchase a different model",neg
"Works OK, but I don't find it any better that a conventional mouse. Interesting experiment, though.",neu
"I must thank Robert James Waller as I now have a new litmus test for dating women. I will, from now on, refuse to date anyone who liked or cried when reading this book (unless they were tears for how badly written and narcissistic it is).Utter Trash!",neg
I enjoyed this book right from the 1st page & didn't want it to end!For a murder book it was not what I was expecting.Beverley Barton is a fantastic author & I am currently readingClose Enough To Kill,pos
superior. PTT easy to press,neg
"It is an 'okay' book, but there are so many true accounts of brave and wonderful women who flew dangerous and unproven aircraft during WWII and after, that I don't see why this novel about a pilot's wife should garner such attention. My advice is to skip it, and pick up a non-fiction account of actual women pilots. I'd especially recommend Haynsworth's ""Amelia Earhart's Daughters"" or Van Keil's ""Those Wonderful Women and Their Flying Machines.""",neg
"I use this book for my online spanish lessons. Its nothing special, but it gives plenty of exercises to use with my tutor. Plus its not grossly overpriced like most textbooks.",neu
"Needed a dress for a funeral, almost last mi Ute, and this was perfect. Fit exactly as the photo. Length was perfect",pos
"One of my all-time selected authors is Lorraine Heath, from the moment I read TEXAS DESTINY, she captivated me! This is an author, whose books I pre-order, months in advance. So it is with great regret I review A MATTER OF TEMPTATION. Although, the author's idea of 'The Man in the Iron Mask meets Victorian England' is a wonderful concept, the delivery is disappointing!Robert Hawthorne, the Duke of Killingsworth has endured eight, grueling years in London's Pentonville Prison, courtesy of his manipulative twin brother, John. John Hawthorne wanted all that belonged to his older brother - his title, his assets, his life! For eight years John lived a counterfeit existence, while Robert lived in agony. Now, Robert's daring escape signifies freedom, vengeance, and a bride. A bride, who upsets him, confuses him, and threatens his plans.Her new husband bewilders Victoria Lambert. He makes her feel unwanted and miserable. She knew he had not married for love, but she thought they suited. Yet, her new husband is so different from the man who had courted her. He is a mystery, he is unfamiliar, he is a complete stranger. On the other hand, Victoria finds herself softly intrigued by his current unusual excitement, emotion, and passion.A MATTER OF TEMPTATION is comparable to a slow waltz. Lovely, unhurried, and fatiguing. Yes, the hero is a good man, but his 'I will not take from my despicable brother that to which I have no right' attitude quickly grows exasperating and tedious. The entire 'reluctant but falling in love' plot is just too slow-paced.Grade: C-MaryGrace Meloche,Reviewer for: RomanceDesigns.",neu
"Just wanna tell you that ""ActionScript 2.0 garage"" author, Mr Dan Livingston, is cheating the customers or users of his book, as open codes for this book can not be downloaded from www.wire-man.com/garage as he informed or suggested. When you click on above site, it will show you some silly stupid site, which has nothing to do with ActionScript/garage.Amazon.com, please contact the author and try to verify it. Could you reply me then. I couldn't find by any means to write dierctly to the author of this book. I'm totally unsatisfied with this garag book and therefor this book can let rotton in garage foreever!!!!!!!!!!!!!!Thanks lot in advance.Sincerely,Ramesh",neg
"I personally do not care for this suit. The top and bottoms do not match. The bottoms are bright pink, like a piece of bubble gum and the top is purple, blue, teal, and white. The clasp on the top is made of clear plastic. You have to slide them together and then it snap it shut. The top is supposed to be twisted but the one I got is not. You have to twist it yourself before you put it on. I received this swimsuit​ at a discount in exchange for my honest review.​",neg
"This is the first book by Eco I've read and it will be a long time before someone can convince me to pick up another. While there were a couple of great scenes in the book, it was not worth the time and effort to get to them.",neg
"The picture shows a 2-pin ungrounded power cord, but this adapter uses the same 3-pin grounded type as the original Acer one. I was hoping for a 2-pinner because it would take up less space and be more interchangeable with cords for other devices. It's the main reason I bought from this seller. However the adapter works fine for my Extensa 5420 so far. Hopefully it will be reliable over the long term, we'll see.",pos
"I loved this purse when I first received it. It looked like a quality bag and the best part is that it is non-leather! However, after using it for a few weeks now it is starting to lose its shape and turning into a bag that looks like a big, square box. I was going to buy one in another color, but I have decided not to make the purchase. If there was a magnetic closure at the top, it would have kept its shape. There is a large center compartment with a zipper, but the outer compartments do not fasten to the purse, which is causing the sides to bow out. I'm disappointed because I really loved this purse when I received it. Also, the handles do not stand up because they were folded into the purse when packaged for shipping. Another disappointment. Had they been left out of the purse they would still be standing upright. Overall, the bag was very inexpensive, but I'm tired of spending $25-40 every few months thinking I finally found a great purse at a great price. The search continues!",neg
"The color distribution definitely is not as shown on the model. On her, that particular dress looks great. On me, a different color distribution (mostly the bright yellow green distributed straight across my chest) looked DUMB.",neg
"I would not really recommend this book. I found it to be a strange book, it did not make a whole of since.",neu
These look great but didn't last long. They are plastic and stripped out really fast.,neg
"Be careful - reviews of this plug said ""Loved it for my QFlash"" = well, I didn't look closely enough, and it only has two prongs, my Quantum T5D needs three.",neu
"Reminds me of the classic ViewSonic monitors in the 1990's as it pertains to quality. I'll agree that it isn't a pure production house monitor but this is truly primo. Fast, bright, clear. WOW! Don't even think about it too much just buy it! If the 4k's were bigger I would have made the plunge for one from ViewSonic.",pos
"It works fine for the TV, but it is picky about the angle to the Roku. If our Roku is centered under the TV, it only works if the remote is on the right side ( and I sit on the other end of the couch ).",neu
Got a large and am 36DD...it was huge. Gave it away,neg
Ninja R. is a diffucult story to follow as it jumps from and to differnt times. If you understand the story it's very intersting but it ends very badly; as if the staff just decided to give it a quick ending. Animation and fight scenes are very well done but's about it.,neg
"if my mistress/owner took the money i ""worked"" so hard for and gave it to the poor box, among other condescending things she's done to me, you bet i'd kill her.",neu
In Croatia & Slovenia: Sometimes Worked but Not Very Well - Split was a disaster,neg
Doesn't really fit as fitted looking as the picture makes it seem. I'm 5'6 120lb and the small is still a little flowy and not at all fitted as it appears.,neu
Like the material and they stretch but size runs small . I measured child's foot and ordered according to chart. They went on but his toes were at the very edge of the top.,neg
"Honestly, this garment runs about 2-3 sizes too small.",neg
"I was expecting soft like it says but they're very hard,don't bend with your foot and they're very heavy. Wouldn't recommend unless you want something to wear outside",neu
"I downloaded this book for free from Amazon and it was wonderful. My goal is to review the book without giving a synopsis of the story as others have already done this. The characters made the story come alive. I loved Pansy, Peony, & Jordan. The writing was extremely well done and the editing was first rate. I get so annoyed when I read a book that is loaded with spelling errors. When I finished the book it was like I was leaving old friends behind and I yearned to be part of their world for a bit longer. I am an avid reader and I must say this is one of the best books I have ever read. This was the first of Ms. Trobaugh's works that I read but it won't be the last!",pos
"The book was all right. I disliked the character of Nikolas from the very beginning and couldn't fathom how traveling back into the past could've manages to effect such change in him. But let's not forget Emma, who was too head-strong for her own good and was blind to many things.The back cover blurb reads: ""A wealthy and bitter exile, the most dangerous and desirable man in all England, he burns to possess a proud, headstrong beauty who is promised to another. But winning Emma Stokehurst's exquisite hand though threats and determination does nothing to fill the empty spaces in Nikolas's heart--until passion's magic carries the handsome, tormented prince back to a bygone era of splendor and romantic dreams. For there his destiny awaits him in a distant life. And in one remarkable woman's tender touch--achingly familiar but gloriously new--he must seek the elusive promise of ecstasy...and learn, at last, to love.""PRINCE OF DREAMS is the story of Emma and Nikolas, who first appeared in MIDNIGHT ANGEL.S.",neu
"I use this book for teaching Beginning Quilting as it is clear, concise and very basic for beginners.",pos
This is no reflection on the seller. The was bad from the factory and was in factory sealed container and the seller had no idea that it was bad when he sold it to me. After working with Seagate Support Center I was able to get a replacement drive which works great. Ever once in a while you will get some things that are bad from the factory and if you have purchased a product that is from a well respected company you should not have any problems get it replaced.,neg
The light was super dim and I couldn't adjust that. Even at night it wasn't bright enough. So I ended up returning this item.,neg
"Call me crazy but does Clare EVER say, ""I love you, Jamie"" to the man? I loved the first four books, but WHY am I thinking now that this love is lopsided -- Jamie is the one who does most of the loving? I would appreciate it if anyone can cite specific examples that prove Clare truly DOES love Jamie without calling him a **** Scotsman! Despite that, I still enjoyed the book tremendously. Does anyone know when Diana Gabaldon plans the next installment? Will we have to wait so many years again?",neu
String falls out on its own,pos
Let's start with basic networking concepts and point out the reason this product is not what it promises to be. We have a device capable of transmitting 500Mbps over the powerline and that device has a 10/100Mbps ethernet port. This means this device can not do more then 100Mbps.,neg
Not true to size at all and took forever to get here was very disappointed,neg
This fan is much quieter than the one supplied by the DVR manufacturer. DVR had a loud fan which made the office manager turn it off during the day while at the desk. This fan seems to be what I needed. I just have to find a narrower (20MM) version for the NVR in another location.,pos
the best GPS in the world,pos
Belt seems well built and the color is good. It fits quite well and the plastic buckle appears to be well made.,pos
"This is an erotic romance anthology cleverly titled ""Two Men and A Lady"". Bet you'll never guess what it's about?!The first story ""Lady's Choice"" by Cricket Starr is a space opera of sorts. Gehon and Jackson are very good friends and both Zelion's which apparently means they can only procreate with one particular woman, their ""true"". And once they've found this woman and mated with her they can never become aroused by another woman again. So if their ""true"" shuns them they're crap out of luck. When they meet Lija, who is just out for a night of fun, both men realize she is their ""true"". They both bed her and she must decide who she's going to keep (or not). The plot was lame, it was set in space to work out what there was of a plot but the non-existent world building irritated me. There was so little room for characterization which made the eroticism rather ""eh, who cares?"". It heated up a bit near the end but I still could've cared less and the rest of the story was a bit dull.""And Best Friend Makes Three"" by Lynn LaFleurThis story was much better written than the previous one and though the plot was thin, gorgeous hunk decides to give his love a very special present in the form of a night of pleasure with him and his best friend, it was enjoyable and the love between the couple was shown not just told.""Saving Sara"" by Michele R. BardsleyThis one is much darker in tone than the two before it. It features white magic, ghosts and a woman recovering from a soul destroying rape. It was well written but the rape memories were too dark for me and I put it aside unfinished because the content was not for me.",neu
Cute pin exactly as pictured and described. loved it,pos
DO NOT BUY!!! The 1310 is end of life and will never be fixed. The system time can not be set to a date after December 31 2012. That means this device will not function as a router and will have issues with wireless encryption. Also if you want it to give your LAN network devices ip addresses your out of luck as DHCP service relies on system time to be in sync too.,neg
"I really tried to like this book. The author has a command of his writing and is very descriptive. However, the story just drags on and on. I kept looking for some action, or something unexpected to occur. It just wasn't there. I gave up half way through. I haven't dumped it from the Kindle, maybe I will go back and start where I left it. Just too many other books to read that will keep my interest.",neu
"Under a new name, and that is why it gets only 3 stars.Apart from that it is a well written, intereesting, book, for parrot keepers.",neu
Very cute design but somewhat larger than I expected. They stay on your ear and don't fall upside down if you close them tight enough.,pos
These work and were cheap that is all that matters.,neu
Great costume just a little tight on the arms and legs I ordered a large im 5'7 at 172 great mask and suit mast just needed a little more cut off the one side minor thing you can do yourself and you can also install a black zipper to the back of the mask to it stays tight and really makes it look better,pos
Had this bad boy for 4 months and still going good. I get amazing performance with this card and it lives up to your expectations. I paired it up with my FX-8320.,pos
Broke after 5 days. Save your money.,neg
Slick but not durable.,neu
"between and a generic case, go for the generic, probably will be cheaper than this one. Product do not match a food fit for this",neg
The first enchantment describes how to polish your shoes. Its a bit of a good book if you want to send it to someone who really believes in witchcraft and you don't!,neg
"All the books in the ""Second Foundation Trilogy"" are terrible and leave me not wanting to finish any of them. Found myself skimming pages instead.",neu
This is a great way to start your reading of Woody Allen. This has some superb short stories that can't help but make you chuckle to yourself or laugh out loud. His sense of observation is second to none and his dry wit is hilarious. I enjoyed this book immensely and found myself recommending it to many friends. Great whether you enjoy his films or not.Feel free to check out my blog which can be found on my profile page.,pos
"Works well, Have being try to get one a long time",pos
"i started reading this book because it was high ranked in the SCI-FI top 100 books list. i also read other books bythe same author like the pandora saga, which i found entertaining and the first void book, which was half good.however i found reading this book to be very tedious and boring experience.i will not repeat what other reviwers wrote here before, because i find most of the negative reviews to be true.this saga is not very interesting, and where is the main plot line / where does the story starts ? the big problem ofcourse non of the characters are really interesting to bind you to keep on reading.",neg
"Although this book seems a little too basic for someone who has spent time reading the new testament, it should serve its purpose for a person new to the subject.",neu
"I bought this as an external display for a 7-8 yo MacBook (while, dual USB). I paid $230. The old laptop had no trouble providing a full resolution video image. There was no audio provided in the DVI channel (DVI can sometimes carry audio, it usually doesn't), the control usability is poor, and the image is mediocre. That's not why it got a 1 star rating though. Even at maximum volume, testing with multiple inputs and two audio cables, the internal speaker volume was extremely low. I could hear it from a foot or two away, but even the cheapest radio is louder. The audio was defective. Fortunately Amazon returns of defective goods is quite easy.",neg
Love these boots. One of my favorite pair I've ordered. Comfortable and warm.,pos
This is one of the few books out there that takes traditional western magickal practices and puts them into to full practice within contemporary terms. A strange and extremely compelling description of the authors contact with alien intelligances and Goetic demons over a stretch of 10years. Extremely psychedelic with a dark spark this is certain to be considered a occult classic. Very thorough and gives details as to the rituals and techniques used to invoke these praeternatural forces. Not for the mentally unstable or pious.WELCOME THE COMING AGE OF LUCIFER!,pos
I ordered this dress in blue. The picture in the listing is a gorgeous royal blue. The dress that arrived is much more navy blue. It's a cute dress but I'm not a fan of navy so I'll be returning it.,neg
"returned, unusable. laptop too old to modify.",neg
The light isn't bad but the clip and arm are so horrible it doesn't matter because you can't use unless u hold it and then its just a flashlight.,neg
"It was a cool story and all, i was never bored, but it lacked the qualities of the writing pyramid. It had an exposition, and then the rest of it seemed like rising action, bit it never peaked. It was like a plateu. The writing itself was wonderful. The author really got into the character.",neu
"After reading ""Confessions of a God Seeker"" by Ford Johnson I am giving all of Twitchell's and Klemp's books a second, hard look. I am now able to give a different perspective on a book review than a current Eckist could or would dare to.Tiger's Fang is an interesting book with obvious ties to Shabd Yoga which was Twitchell's previous spiritual path. This book also has some Twitchell fiction similar to his ""Talons of Time"" novel. Rebazar Tarz, unfortunately, is a made up character who becomes the keystone in Twitchell's deception of Eck Master linage which validates the current administration. Still, the book does have some redeeming value if one is able to discern truth from fiction. Lots of luck!",neu
I'm glad to see this book come back in print. I will use it in teaching beginning sign language.,pos
Good for data access and recovery,pos
great purse,pos
"I did a lot of research when looking for a flashbracket. Stroboframe came out as the winner at an affordable price and good reviews. the fram is lightweight yet bvery sturdy. The padding on the handle is amazingly soft and provide for s ure grip. Construction , peformance and price all added up equals an exceptionally fine item. I am a professional photographer who is dasabled and I photograph small functions. I have nerve damage resulting from a flu shot 10 years ago so when I grasp things, I cannot feel them. this handle and the aerodynamics of the device allow me to have a sure grip at all times and is extremely easy to use. I highly recommend it.",pos
"These are pretty cool mp3 players with some nice features, including FM radio. But they simply do not work and are therefore a waste of money. I bought a two pack and one did not work as soon as it arrived. It would not play music at all and I'm not sure what else may have been wrong with it. I sent it back and while I was waiting for it to be returned, the other one stopped picking up radio stations. Now the seller will not return my messages. I guess I'm stuck with them. BEWARE OF THIS ITEM!",neg
"I haven't seen this book for 30 years yet I have fond recollections of the poetry, especially the Christmas poem with the line, ""Oh come all ye faithful, Bang, Bang, you're dead. Fortunately, his album, ""Heavy"" is now available on CD from laugh.com.",neu
"The title I use is an old portuguese proverb. It is a good description of this book. In page 115 it says: ""User interfaces should be simplified as much as possible,..."". And then it takes almost 8 pages to explain it. Read it. His advices are pure gold. But don't build your user interface like this book was built: overcrowded with unnecessary details. There's another funny thing about this book. It's about design, mostly graphical. But doesn't talk to much about ""creativity"".",neu
WHAT I NEEDED ORKS,neu
got a great product foe a great deal.,pos
Very satisfied,pos
"Glen Yeadon, author of Nazi Hydra in America, had this to say about The Transfer Agreement:I found it very boring--it was steeped with internal Jewish politics and very little about the actual negotiations with the Nazis or the actual deal and its results. It is geared to Jewish historians and only vaguely to the war and the Nazis... I liked IBM and the War against the Weak - both were good and I bought this one on the strength of the other two. It tried to remain neutral rather than to place the blame on the Zionists. For example, there was no mention of the Zionist who helped load the trains in Hungary to Auschwitz, who was hanged in Israel in the 50s. That type of material was neatly sanitized by omission.",neu
"perfect for long telefoto shots. takes the worry out of adding any vibration. great price and well made. while you won't need it for most shots, when you need it, you'll be glad you have it.",pos
"While it fits incredibly tight in the legs, it is fairly stretchy. The waist was a bit too small. I normally wear a 36, but I probably could have went up a size in these. They are definitely post weight loss pants.",neu
"Mounted our Vizio sound bar to the bottom of our 65"" tv. Works like a charm. Looks clean (can't see them). Very happy.",pos
"I was laughing out loud, then realized..this book is so ME! It's nice to know that others see the world in the same fashion as I do. This book is a GREAT read. I laughed, wanted to play poker with these women, feeling very connected to the characters. I had a hard time putting the book down. I enjoyed every page.",pos
"The picture shows ver 26, the text says version 25, and Florida Contractor's License Board says to use version 27. Which are you sending to customers, Amazon. Florida is very specific and Amazon needs to pay attention to details like this. I find same problem with other listed used book vendors who don't state edition or version numbers.",neu
The hem was uneven--longer in the front and back than it was on the sides. Fabric is rough.,neg
As a gift have not heard back,neu
"The book is good. It is a fantasy book set in a mainly medeival world of nobles, priests, pirates, wizards (Bondsmages in this world), and thieves. Speaking of thieves, the main characters ARE thieves. The thing that kept me from giving it 5 stars is the ending. The main character has mainly been outwitting, not oufighting, his opponents. His strategy at the end was none too bright and not in character.",pos
still using them!!,pos
"Belt was good, I liked the reversible aspect and it was stylish enough. However, the belt buckle became detached from the rest of the belt after having it for a little over a year.",neu
Nice DVD player but only real output is HDMI. There is no additional output for older devices. Much prefer BDP-S185 which is the same unit but has other outputs.,neg
"I bought this book because it had six supposedly accurate practice tests. Instead of helping, however, I believe this book may have actually hurt my score. Each practice test had numerous (at least 50% of the total) questions on specific and often obscure theorists. As I had never heard of many of them, I focused my study time on learning their individual theories and areas of research. Much to my surprise, the actual GRE was primarily conceptual, with questions on specific psychologists limited to important researchers that were extrememly influential within their areas of specialization. I am greatly disappointed in this book.",neg
"My Operating Systems course used this book and we were assigned chapters to read every week. It was incredibly painful. This book does not read well at all. The ideas aren't very well motivated. Many times, Stallings just enumerates a list of alternate strategies for solving a problem without talking AT ALL about how the strategies came or why we should think about all these different strategies in the first place. He just lists and describes them. Very dry.I eventually stopped reading the book and just used it as a reference when doing our open book online quizzes. This worked well. It's easy to find specific information (""How does Round Robin Scheduling work?"") and the explanations are reasonably clear and concise. But if you're trying to actually read it sequentially to get the general idea, you're in for some pain (and sleepiness).",neg
"These would not fit my 10 year old. I normally wear a medium, got a size large based on reviews. If you have a young girl, these would be ok, the quality doesn't seem too bad. But sizing is AWFUL.",neg
"Eileen Bennett is a well-respected Embroiderers' Guild of America teacher and she owns The Sampler House, a stitch shop. This book is one of her self-published books. It is fascinating to me because I share the same obsessive drive to purchase and study needlework books to catalogue embroideries and understand their make and makers. Samplers are a particular passion which was sparked by holding in my hands the Jane Bostocke sampler in the Textiles Department of the Victoria & Albert Museum. This sampler is gorgeous, expert and colorful and is the 1st stitch-signed and dated sampler in English.The final page of the book indicates there are 263 entries with annotations. I have put in Images above the cover of the book as well as one of the pages that have a drawing or graph. I greatly enjoy the detail in the book and have most of the books in the bibliography.",pos
"This text of Kreyzig tries to cover too many topics in one text. For example, partial differential equations chapter 11 does not even introduce the student to the Sturm-Lioville problem. As a physics student I do not recommend this so-called engineering text to supplement your understanding of PDEs. Its not even good as a reference. I highly recommend ""Boundry Value Problems"" by David L. Powers. His book treats the subject of PDEs rather wellIts fine for engineering students, i.e. cook-book approach, but not a very good text for science students",neg
Does not work with linux.,neg
"Neat looking when finished but no clearance for cables, cheap hardware",neu
Fit too small. Returned and witheld an exchange. Go ahead and order a size above I would guess.,neu
Incredibly thin!!,neg
Beautifully produced and gives an insight into how O'Brien proceded with his planning.I felt I was saying good-bye to close friends.,pos
"I have the first edition of this book. My husband and I have both baked recipes in it, and we've slowly come to the conclusion that it is not to be trusted. There are many errors, especially in measurements, which is funny because Mr. Brown seems to be all about weighing everything, in order to get accurate measurements. I went to the website that someone mentioned on here to correct some things, but I know from personal experience that that posting does not cover all the mistakes. Also-- Mr. Brown uses a lot of buttermilk, and when he uses buttermilk, he seems to also use a lor of salt. Either that or buttermilk is naturally salty? At any rate, everything we made from this book that had buttermilk in it was too salty for our taste. I cut the salt in half on those recipes.",neg
This item fit very small,neg
Buy this if you WANT stress,neg
It was returned because it was MUCH smaller than I expected.,neg
"good extra, not the size I needed",pos
"Overall, I think this is a good bag with tons of storage and compartments... I did realize one big problem after taking it for a day. Because it is a backpack, it's not so convenient. In order to take out your camera safely, you have to sit down, lay the bag flat and then open the zippers. It is not as convenient as a shoulder / sling bag where you can take out the camera easy and quickly. The zippers on my bag are very loose, so if I attempt to open the bag while upright, everything will fall out. I use it mainly as a storage bag now. For a bag I carry with me, I bought a Lowepro slingbag (200AW) and it works great. For analogy, I think of this bag as a minivan... whereas my Lowepro slingbag as a sportscar.",neu
Avoid these lower priced sellers.,neg
"Wow! So simple - yet it still won't work. The saying that says, ""you get what you pay for"" - obviously didn't originate from owning this very expensive (for what it is) piece of junk. Purchased Dec 2016, now the clock light pulsates (not a steady light), the snooze alarm only works sometimes (which makes it completely unreliable), both the USB ports no longer charge anything and to top it off, the melody alarm now only plays the first few seconds of the tune, then stops and restarts over and over! Ugh! How hard is it to make an alarm clock with only one alarm, one alarm sound, a couple of USB ports and a dimmable light (no snazzy bluetooth feature, no radio to complicate things, no crazy rainbow-app-controlled mood lights)? Don't buy!",neg
Pretty but useless... doesn't close properly and is tiny. Impossible to get on.,neg
"Great Camera, but check the warranty.",neg
"Nice, but eats batteries!",neu
"I saw the original paintings done for this classic at the Brandywine River Museum, and bought the book simply for the Wyeth prints. Found them to be of not the full color scale (probably true to the original publication) which was disappointing. This is a keepsake book but if you want the prints in full color you'll have to go elsewhere.",neu
"Not much more to say than ""It works"". If you only need a 3 ft. Cat-6 cable, this works great.",pos
Good but cheap,neu
"I really enjoyed reading this book and I don't normally read fiction. (As my previous reviews indicate.) I had just finished reading a beautiful big coffee table book - ""Napa Stories: Profiles, Reflections, and Recipes from the Napa Valley"" by Michael Chiarello. I was certainly in the mood.Author Nadia Gordon did her homework about the Napa Valley. As a biologist I wasn't sure the glassy-winged sharpshooter was an actual insect. Well, it certainly is. She creates a very real ""sense of place"" about this world famous valley. She weaves in a lot about wine making, believable local politics, society and personal relationships.I guess I am being a little bit picky, but I wish the book were a little bit longer to flesh out some of the characters more. However, this is the first of a series, so I guess it is a complement that I would like to know the characters better. The only other comment would be one of the main characters is named Rivka. It is a little bit difficult to mentally pronounce.I must admit it was a great read and I look forward to the rest of the series.",pos
Super synthetic cheap sweaty,neg
Bigger than what I was thinking so doesn't fit inside my ear for my conch piercing.,neu
Not a comprehensive photo editing tool -- but very useful for a few specific tasks.,pos
Mini is still like new!,pos
"It's really good quality and pretty, but it's super long in the back. If it is tucked in it's okay.",neu
died in 18 months,neg
"I, too, had suspicions that Norton was not the sole author of this book. Or at least, she didn't reread a lot of her previous stuff when she wrote it, because discrepancies abound. There are names misspelt (Joison?), people's appearances and coloring change, changing backstories, etc. etc. Some things were just plain inaccurate. For instance, Kethan says that he and Aylinn are not related by blood, when in fact they are cousins, according to ""The Jargoon Pard"". And in that book, his nature gifts were read as ""Magician"" where here he is Warrior. And so forth. We don't get much backstory on Firdun and Uta, either. It feels rushed, and repetitive. There are still some good things, though, and it is a must-read, I guess, for fans. But doesn't she have an editor? A lot of the mistakes could have been caught at the editing stage, and the carelessness looks like indifference to the fans of the books.",neu
Nice dainty piece,neg
"As a professional archaeologist, Manfredi must be aware of the growing body of evidence that many ancient civilizations had contacts with each other - notably the Celtic adventurers who traveled the Silk Road and settled in western China in pre-Roman times. But why populate a story about possible Roman/Chinese contacts with rigidly ethical and honorable Roman Imperial legionaires and near-superhuman martial arts secret societies, as well as a Han dynasty princess who throws away her privileged status for a newfound infatuation with a scruffy legion commander? The plot is reasonably well developed, considering protagonists with little credibility, including the supposed martial arts training for the princess and her brother. This promising speculation really deserved better execution than this somewhat juvenile effort.",neu
probably a great radio for some people but for my use of it working at work at walmart it didn't serve me well.,neg
"when I got this book it was missing the CD, and also as I browsed through it I realized that unless you are a stay home Parent it was nearly impossible to follow. They want you to track your child for a week, every detail from food to bathroom breaks to sleep habits. I dont have the time for that working full time. I returned the book, thankfully Amazon is amazing about returns.We have talked to our daughters pediatrician (my daughter is 6) and she now takes 3mg on Melatonin before bed time, some people do not produce enough, apparently my daughter is one of those people. She now falls asleep beautifully, and Melatonin is a vitamin, all natural so i feel good about giving this to my daughter, and not a drug. Good luck to all parents with kids with sleep issues, for the first time in 6 years my daughter is going to bed like an angle.",neg
"This is truly an encyclopedia, arranged in alphabetical order: dishes, ingredients, drinks, meats, desserts, and a host of rare dishes you've never dreamed of. The basic premise is that you will often begin with the most elemental forms of ingredients (e.g. a live turtle for turle soup). The tone is sardonically professorial, and this frequently leads to recipes that will have you rolling on the floor in merriment. Again, read the recipe on turtle soup. Or the recipe for raisen wine. Or the recipe for spun sugar (part of the lengthy article on candy-making). Our family has regaled itself and guests after dinner by reading these recipes aloud. And, all of them work!! It's the only cookbook I use, and I own about 20.",pos
This is heavy in an outlet. Falls out at times.,neu
"so far they are nice. i am very partial to the tint that sunglasses have though and these ones, while fire red reflective has a blue tint when looking through. I love the amber tint so im kinda annoyed but its not the end of the world.",neu
The keyboard is hard to type on and its slow to connect.,neu
"Our two year old son will be starting preschool in September and this book was a perfect introduction to what happens at school. It covered making new friends, building blocks, snack time and story time. It's been our bedtime story every night this week!",pos
Came apart within two weeks.,neg
"Stitching is unravelling right out of the bag, not even washed or worn yet. The front does not look like this...",neg
"""Blessed Are Those Who Mourn"" is an excellent resource for prayers for funerals. While written by Roman Catholic authors for use primarily in the Roman Catholic Rite of Christian Burial, the extensive material offered in the book can be easily adapted for use in most Christian traditions. All prayers are written with suggested responses which offers the possibility of congregational involvement during funeral and/or memorial services. For any Pastor, this book will be a valuable addition to the liturgical library.",pos
I like the stands,neu
As expected for the price,neu
Not as denim as it looks,neu
"Good for the second TV in the bedroom to extend your DVR to your bedroom if you don't want to pay for extra receiver and monthly fee. With remote extenders work perfect, just like having the second DVR without paying monthly fee.",pos
"I picked this stuff up at my local Best Buy. I read the reviews here beforehand and decided to take the bad reviews with a grain of salt. I just assumed the people giving the bad reviews were mongoloids trying to clean their filthy, dirt encrusted flat screens with this stuff and a pair of dirty underwear. Well,.... I should have listened to them. This stuff really is horrible. I had just run out of some Rocketfish lcd cleaner that had worked great for me. Keep in mind, I just cleaned my tv. It was SPOTLESS. I got this Monster screenclean stuff and gave it a test run on my clean tv. It left streaks like crazy. It left this nasty residue that was really hard to get off. I detailed cars as a teenager and I know how to clean glass. This stuff is just that bad. I ended up finding some Rocketfish lcd cleaner at another Best Buy and it worked great. If you have an eye for detail and want your screen spotless, stay away from this crap.",neg
"This is an eminently readable book, and one you may not be able to put down -- I know I couldn't! But when I finished, I felt slightly let down. Steiger brings forth a number of interesting theories, but fails to back them up with ""facts"". He puts forth Alfred Bielek's fantastic story, but nothing to corroborate that story. Statements are set down as ""fact,"" but there's no backup for them. If you're looking for a definitive book on the Philadelphia Experiment, this ain't it. But if you're looking for a book that will put forth some interesting theories on UFOs and that will make you look at them in a new light, then this is the book for you. It's definitely worth a read!",neu
"I order regularly from Amazon...especially books...we ordered 2 of these Bibles and they have already come unstitched. Very poor quality. Often I order used, but these were new. It could have been a fluke if one of them was bad...but both Bibles came apart...ugh!",neg
"I bought this as a theme for my daughter's pc, I used a pink O2 Raidmax case for the build. It matched the color fairly well and was aesthetically pleasing. She kept happily exclaiming, ""Its pink!"" The build quality of the mouse was a bit cheap and ended up wearing out after 6 months or so. The keyboard was working fine, but she decided she wanted to go with a non-matching (black) wireless set so we switched to a logitech. The keyboard worked well, although it is not very ergonomic when compared to standard keyboards from MS and Logitech. The mouse was not great, it seemed more suited to a laptop with its small size, however that could be a boon to a kid that likes pink. I would have given the set a 3.5 if I could. I don't regret the purchase, but she grew out of it almost immediately. She was 14 at the time. I would recommend this set for younger children, I believe it was meant for smaller hands.",neu
Got the large and it was huge on me! Dress itself though is very cute and fabric is super soft! Going to reorder in a small and medium because I'm bot sure which size will fit better.,neu
It was nice but runs too small,neg
My wife love this product bought 15 months ago but the sliding clasp is not holding cannot find way to contact seller,neu
"The batteries have an issue staying tight in the mouse, and you have to keep taking them out and messing with them to get it to work.",neg
the harness worked great for our trip to Cancun Mexico,pos
"For the record, I did not READ this book. King Solomon's Mines falls into public domain, and I listened to an audio version of the book that is available for free online. I listened to it while at work where I normally have to listen to bad music, so that may have affected how much I liked it. I won't get into the plot because you can read a description of that somewhere else if you want.That said, the story itself was very fun (think Indiana Jones). There probably isn't enough sex or cursing for those who are used to today's entertainment. However, there are some awkward references to race now and again, that many would consider racist today. For the record, I do not think the book is racist. The main character, at the beginning of the story, says he does not like or use the ""n"" word. And frankly, if you turn around the statements in the book made about blacks (the book takes place in Africa) and made similar references to white people, many would consider it funny today. So, all in all, it really isn't a big deal, and the offensive racial commentary occurs probably less than a dozen times. Not to mention, there are several African characters portrayed in positive light and even an interracial love interest.You should definitely give this book a shot if you like adventures. The book is a part of history - the first fiction novel written in English to take place in Africa and the first of the ""lost world"" genre. That's what Wikipedia says anyway and it is part of what got me interested in the book. Have fun reading/listening!",pos
"I ordered and read this with great anticipation, given all the positive, gushing reviews. However, the anticipation was greater than the sum of the parts of the story. Jackson Brodie is well drawn, likeable, and all too familiar with human frailty in all its forms. However, many of the female characters are more caricatures than fully-realized participants. I wanted to like them but couldn't get over their peculiar inanities and their somewhat incoherent behaviours.As for the multi-layered suspense which was promised, it was more like Trifle, the traditional British pudding: trifling globs of this insight and that detail amidst a hodge-podge structure which interfered with the story rather than illuminated it.Kate Atkinson is a good writer: pithy, insightful, and a bit cheeky. However, when all is revealed, the ending is contrived and some characters - Caroline and Lily-Rose come to mind, just disappear rather than come to closure. My copy of this book is going to disappear, too, to the Library Book Sale. It's just not a keeper.",neu
Didn't function properly! Threw it out!,neg
Doesn't look exactly like the picture. The moon is larger (too much so) and the the little rhinestone accent actually hits more near my belly button. Feels cheap but it was....,neg
"This book is my favorite out of all four of them. An addition to Alanna's interesting adventures in this book, there is also a romance, that is also very interesting. It made it hard for me to put this book down once I started it because it's such a great book! This would be a perfect book for people that love fantasies and adventures along with romance! IT'S A WONDERFUL BOOK! I suggest you read it along with the other 4 in this series to step into Alanna's world!",pos
"When you are thinking about starting your own business, probably the last thing you need is this sort of fluffy advice to become ""mature"", wear a suit, and heavily network. I was hoping for more solid information, like the virtues of incorporating rather than being a sole proprietor and other real concerns of a small business person. Plus the author's ""voice"" really irritated me. There are *much* better books out there on this subject.",neg
Poorly made you could see the strings hanging.,neg
"Louis Sachar is an amazing author (although you'd never guess it from his Wayside School books), and in this book he surpasses almost anything else I have ever read. With solid characters, an intricate plot(although you don't know until the end), and great writing, this is the book I would suggest first to anybody.",pos
"Danielle Steele has essentially been writing the same book over and over again since ""The Promise"" came out. Obviously, her true fans love her formula and trust it.And after 56 books she knows the right way to go to get a bestseller. However, if you are a casual romance fan or if you haven't touched a Steele book since high school, I'd say pass this by or go the library. The only thing that stands out about it is that the tragedy is a little more dreary than usual.",neu
Cheap looking. Doesn't look like the picture except for the color,neu
"This leotard was perfect for my 5yo! The skirt seemed big, but she did not need it. I like that it is lined as well.",pos
"I bought a watch from this company a few months ago over the summer, the little tool they provide so you can take links out buckled when I tried to do just that. No big deal, I took it to a jeweler and had them size the watch band for me. Then about a week later the hands fell off the post of the face rendering the watch useless. I gave the company another chance and selected this particular style watch. The ""butterfly"" clasp consistently comes undone easily when I even think about moving my wrist, falling off multiple times a day, in the middle of work, turning the steering wheel of my car, reaching into my pocket, ECT. Get it together or start selling sundials in Seattle.",neg
"I bought the black one. It fits nice, looks somewhat like it is in the picture. Im about 5""4 and around 120-125 pounds: so the shoulder straps dont fit me well, so i just tuck them in the skirt. But besides that it is good!",pos
This book was without a doubt the worst of the 7 thus far. Nothing good really happened in it. The last page or two was OK but othing exciting. The only reason I read it in 3 days was so that I could get to Nicolae (which is 20 times better than Tribulation Force).,neg
Draw string holes but no drawstring. They said it is made that way on purpose. It could also use a rubberized strip inside he waistband to help the shirt/rash guard stay tucked.,pos
Gave these as Xmas gifts. The kids seem to like them.,neu
"This book was very easy to read, but I found it difficult to get past the free verse style of writing. The story was very choppy with very little growth of the characters. The end is satisfying, though, and feels good.",neu
No ending. It was a great big tease with lots of promise in the build-up and then (spoiler alert) literally no ending. This book is engaging with similar tones as the Hunger Games and 1984 just without the big finish.,neu
"If you are up for reading all of the material on both sides of this debate, then buy this book. If, however, you are looking to skim it and try to score a few points in an argument, forget it. This is the (academic) book that came as a result of the author studying the subject matter and presenting it to a large group of acedemics from the SDA church. It is not a lightweight book, as it deals in minute detail with the subject of Daniel 8:14. Not for the faint hearted, but one for the serious scholar of the subject.",neu
The backing did not fit well causing the stem of the earring to bend. Important to use a different backing to keep the stem from breaking completely off. Rubber of soft plastic backing would be best.,neu
This dress fit like a tent. And the lace was cheaply made. Not at all like the picture,neg
"I have a large vegetable garden and always have questions about something with the vegetables I grow. This book has information, suggestions on planting, growing, types of diseases, etc. for all the 20 plus different vegetables I grow. Beats having to look through a bunch of books or spending hours on the internet looking for answers especially when you need some quick answers.",pos
Device was easy to setup and configure. Does not work very well with a webcam. I would have preferred it to work more like a video server than a remote USB interface.,neu
A Job Well Done,pos
I chose the worst monitor.,neg
Fit perfect / Right north american size,pos
This journal provides opportunities for reflection with the flexibity to suit your own adopting scenerio. The cover photo is what kept me from using this book for my own use since I wanted a book that could celebrate my transracial adoption. I ended up being very happy with Waiting for You: An Heirloom Adoption Journal for My Future Child. I got it as a gift from my adoption agency. It has places for photos and writing and has a smooth finish that I just love. Journaling really helped me feel more patient towards a process that made me feel very powerless! Good Luck and God Bless!,pos
"These are, bar none, the most horrifyingly uncomfortable behind-the-ear headphones in all of creation. They are too large for petite heads (the heads of, say, a 5' tall woman or her two 5' tall children), they do not fit over dainty ears properly, they have no grip to speak of, and if you don't have them placed perfectly, the sound is distorted. That being said - if you have a perfectly formed, average sized head, with prominent ears and velcro-like skin, the sound quality you will enjoy from the headphone speakers themselves is halfway decent.",neg
Pretty good but I would change one thing,neu
Plays with me very well.,pos
"I really love this soundbar system from Vizio. I am very happy I finally broke down and made the purchase. The wireless features work flawlessly for me. I am highly impressed and trust me, that is a very hard thing to do. I'm extremely picky. Set up was a breeze. It's simple and straightforward. The subwoofer delivers that rumbling you need for action movies and depth. I had a Sony 5.1 wired System and I was tired of the wires and cables everywhere. I really didn't want to part with it because I thought the sound couldn't be beat. But, after tripping one to many times over the subwoofer cable, I had enough. I got the Vizio wireless system. I was expecting it to sound only half as good as the Sony. Boy, was I shocked! Not only did it sound better, it was clearer and more crisp. I couldn't believe the quality and the subwoofer...impressive! I immediately removed my other system and sold it. I'm so glad I decided to give this system a chance. Wish I had bought it sooner! If you are on the fence about it, don't be! You won't regret it. Oh, and it works flawlessly with my iPad! The built in bluetooth is easy to use. My iPad connect in a matter of seconds and I was able to play my music on my Vizio Soundbar System. I was thrilled with how well it worked. Love it!",pos
"I purchased four of these drives on March 21, 2007. The first failure was around a year ago. The last surviving drive failed today, May 26, 2009.",neg
Love it for my steampunk outfit. Trying to figure out how to transform into steampunk,pos
Very cute and comfortable! The torso is really short though so girls over 5'5 probably would have some difficulties keeping the top from slipping down. The bra wire comes out after a few washes.,neu
We have several sets of these in the family and you can pair two up for stereo speakers.,pos
"Aside from this book being repetitive, simplistic, and hardly connected, Murphy cites facts and uses sources that are far from relevant. He quotes actor Steven Seagal on Japanese culture, he refers to the T.V. show X-files on numerous occasions, and explains the significance of playing bagpipes at funerals. The most irritating part of this book, however, was Murphy's constant commercials. On almost every page he seems to be convincing the readers to buy t-shirts online, to watch certain movies, or to join the SWAT team (which I can only assume has been one of the authors life-long dreams.) If you are considering reading the book, please use your time more resourcefully.",neg
"The novel the Grapes of Wrath by John Stienbeck depicts many actions of religion. The characters and events in the novel bring forth these religious actions. A character in the story by the name of Jim Casey reveals the Christ figure of the story. The initials of this character are the same initials as Jesus Christ. Casey's last word to the guards before he died were ""you dont know what you're doing"" which are similar to those words spoken by Christ at his death ""Forgive them Father for they know not what they do."" This is just one of the many examples of religion tied into a novel that does not deal specifically with religion Or does it???????????",pos
"This dress was poorly made and the material was extremely cheap. I paid $49.99 + $19.99 for shipping and handling + $5.44 in taxes - $4.00 promotion $71.44 total. To return it I paid $12.73. I was refunded $49.78 I ended up wasting $34.39 on a product I 1. Did not like at all as it's not like the picture 2. Did not wear at all, because I didn't even bother trying it on. 3. Do not own.I would say yourself the trouble and don't order this.",neg
"Having traveled in the past with backpacks approximately 2,500 cubic inches, I was pleasantly surprised that this backpack held about that much yet had great organization and structure. Most pockets are of ample size, but no one big pocket (for something ridiculous big, i.e. a Wii system in the box!). It is well padded, many small pockets that keep everything well and slides easily onto my rolling carry-on luggage. My big disappointment was the top handle broke recently, about 3 months into using it. I wrote to customer service, and after one week, still no reply. So, I guess I'll have to figure a way to use it without it.",neu
so good! Bought it to keep our toddler from losing ...,neu
"These are very nice looking, not cheap looking at all. Only draw back is it doesn't always stay put & then it looks weird. You just have to have the right size ears to wear as pictured.",neu
Works satisfactory,neu
I don't think this is an authentic Speedo swimsuit. It doesn't have the anti wedgie strip like it claims nor does it have any type of Speedo logo on it. It runs small as other reviewers have said.,neu
"As a fan of baseball history, I have been looking for a modern, definitive biography of Christy Mathewson ever since I grew to admire him many years ago. I was hoping that Philip Seib's The Player would be that elusive work, but I was wrong. Although it covers the major events of Matty's life, Seib works very hard to put him in context as the first major baseball star and the times that he lived in, so what we're left with is less of a biography and more of a social history.This is all well and good, and the premise is an interesting one, except that Seib doesn't take it far enough and when he tries to expound on his theory, he ends up giving more info on other figures of the times like Billy Sunday and Woodrow Wilson than on Mathewson.Almost contradictorally, the main problem is that it all just feels too thin. At less than 200 pages it's a one and a half day read at best and you come away not knowing anything more about Mathewson than you would reading any history of baseball. Were I Seib's editor, I would have recommended that he go in the opposite direction and really blow out his research. Joseph Durso wrote an excellent double biography of John McGraw and Casey Stengel that captured the general history of American society as well as baseball and that is clearly what Seib is aspiring to but falls short.I don't want to knock the book too much since I enjoy general history as much as anyone, but I guess I just expected so much more. Also, Seib labors in spots to draw his conclusions and ends up being extremely repetitive. His reverence for Mathewson is well-appreciated, but borders on overindulgence.If you are interested in reading more on Mathewson, I would recommend seeking out the Jonathan Yardley essay ""The Real Frank Merriwell"" for a terrific mini-bio and tribute to a great pitcher.",neu
It looks really cheap,neg
"Way too small, more for small woman or teen. Looks like someone made it themselves at home. :-(",neg
Material is nice but fits snug in the shoulders. Lg fits like med.,neu
cheap cheap cheap - very low quality with a seam stitched around it.,neg
The material is not what I expected.,neg
I purchased this shoes for my niece and from the pictures it appeared to be very cute. Once the package was delivered I opened it and it was so hideous! Not at all what I expected to see from the pictures. I returned it the next day.,neu
The face around the watch fell off the 2nd day he wore it. I do like the features and the look.,neg
"If you, like me, find that when you are creating pieces of jewelry you are released from everyday cares and nourished by what you are doing, then you will understand instantly what makes this book special.I have been making jewelry for some time now, but I have never consciously tried to figure out what it is about the process of creating the things that I make that I find so replenishing.Beading for the Soul explains in separate sections (for example: ""Beading for Protection"", ""Beading for Good"", Beading for Prayer"") what it is that we are doing when we pick up a bead and SAY something with it. I was wowed by this book. I finally understood why someone like me, who has a love of beauty but also has a need for quiet, introspective time (as a parent of children with disabilities) would want to really come forward and express myself. Put me under the heading of ""Beading for Healing"". The author, Deborah Cannarella, has a chapter titled that. Yes, put me there, and put this book in your cart if you wish to understand why you are doing what you do when you bead. It is a beautiful book in every sense of the word, anyway. Lovely photos, moving stories from the artists, and inspiring projects. I am grateful I chose this book as one of my New Year's gifts to myself.",pos
"This matches up extremely well with the Polk 5jr pair that I use in my home studio. I'm driving everything from a Nakamichi Receiver 3, and the crossover is very smooth. This would be fine in a small to medium size room, and would be suitable for critical listening if you're willing to spend the time tuning it to the room.",pos
Nice but I don't think I will buy it again Thanks,neu
A beautiful book. Full of love and light and where we say we want to go.,pos
These were perfect for me and my boys to share,pos
The length was wayyy tooo long. Also the arms were also crazy long.,neu
Smaller than i would expect but the material is nice and soft. The color was very different than expected it was grey and black not what was pictured,pos
"You'll love it. I know you will. I was overjoyed to be sent this as a 'Get Well' gift when I was in hospital, even though I was incapacitated by a broken, pinned shoulder. With the help of a nurse and some BluTack I was able to get a lovely display of cheering photographs around my bedhead.That's why these books are so useful. You wouldn't want to tear up the full version of Frisky Memeories, but this collection is made for it.Stunning models, stunning photography, stunning eyes...!",pos
the s700 is BETTER,neu
Definitely not OEM,neg
"Not the best, Not the worst...They seem kind of muted but they work fine. Good for a kid to beat up for a year.",neu
"I purchased the book on-line without having a chance to look inside, mistaking author's name with another well-known namesake.I was disappointed for the level of all the problems collected because I was expecting much higher level of problems.For students of science and engnieering majors, however, it is without question a great exercise book supplemental to any text book.It provides a great deal of exercises for solving for solutions but very few of exercises for proving problems.",neu
A lot smaller then it looks. It might work for a little kid,neg
Loved the color but it looked like a moo moo on me; adding the belt only bunched up the material around my waist; it was very large (but not too long) - just didn't work for me. And yes thicker material than expected.,neu
Igot this dress last mintues for an event. I couldn't wear it because it had a huge stain on the front of it.,neu
"Cute and comfy tank top, fits a little small. It's not loose like the picture shown.",neu
Got sent a 32 gb only beware!,neg
TiVo Unit - So Slow if falls asleep trying to set itself up.,neg
Works perfectly for my c720,pos
"Junie B. Jones is expecting a big present after her parents tell her that they have a big surprise for her. This 5 year old imagines everything under the sun that they could be getting her. She is horribly shocked to hear that the surprise is not a present, but a baby!! Junie B. doesnt' have a positive attitude about this new baby what so ever. Her parents get upset with her also taking away only dessert though. Junie B. gets little discipline from her parents. She calls the nursery, the dumb baby's room. She envisions this monkey coming to live there due to the jungle themed wallpaper and bedding. The day finally comes when mother has the baby boy. Junie B. has a wonderful time playing with her grandparents. Grandmother says that the baby is so cute but the description doesn't make him sound very cute to Junie B. She has a difficult time at school also, dealing with the new baby, as any child her age would. In the end, Junie B. begins to accept her baby brother and says that he's the cutest little monkey she's ever seen!Junie B. Jones books are somewhat controversial. The language she uses like, backtalking and calling her classmates and even adults names, is disrespectful and rude. She is hardly disciplined by anyone in these stories, other than an adult saying her name in that certain tone. But I have learned through my Kindergarten and first grade students, that they very much relate to this character. Junie B. does act like a typical year old. I use the backtalking and the other not nice things she does as an oppurtunity to discuss manners, respect, etc. with my students. Some discussions we have had about character education would not have come up without reading these stories. The children understand when Junie B. is in the wrong and what she should do instead.As for beginning readers, Junie B. gets my students hooked! I have plenty first graders who begin chapter book reading with Junie B. Their interest is sparked. They relate to the character. They understand the humor. They receive enjoyment from reading these stories. Granted, some children may pick up a bad attitude if there is no guidance or discussion or explaining about some of the things Junie B. does, but when read in school, that is covered and my parents that have bought these books for their children, have been able to talk to their child about right and wrong behavior. Many of the students go home, I hear, and make their family listen as they read aloud to them like we read to them at school, with full expression! Because you can hardly read Junie B. aloud without raising your voice for all of the exclamation points. It is a great learning experience and an enjoyment.",neu
"This product is not what it shows. It is a SHORT shirt with the tails in the front to look long. It is not Boho.Disappointed, it went back the same day it came.",neg
"Fits a 2011 Grand Caravan Express. Wire colors are different than the factory harness, easy to find a wiring diagram online.",pos
"Don't like gold letter ""prada""",neu
I was able to use a hat strecher and it now fits very nicely. Nice hat.,neu
"This book is pretty useful. I purchased it for a professional development and it was worth the read. It might not change your life as a teacher, but it will definitely strengthen your practices.",pos
"This is shown as a tunic shirt but came to just above my knees and I am 5'4"" with a large chest, which usually makes clothing shorter. It would work great as a beach cover up aside from the fact the material is silky and therefore extraordinarily wrinkly! Also the back has an elasticized top which is just odd and the two middle straps are not adjustable therefore sag strangely. Overall nice idea but just doesn't hit the mark. Has loose threads as well.",neu
"The mask looks great, and it is a solid durable plastic. I did have to attach a third string to make the mask sit properly and remain srable.",pos
Does not fit the Garmin Forerunner 15 as it should and as a result was very difficult to install. When I finally had the one half of the band installed I noticed it was ripped -- quite possibly in part a result of the difficult installation.,neg
"Very cute! You can use for pencils, pens or makeup.",pos
I'm a size 4-6 dress and the small was too small. Plus the v neck is ridiculously wide. You would definitely need to wear something underneath. Sending back and not bothering to try a larger size.,neu
Was an okay purse just a little cheap. I got what I paid for.,neu
Runs one size smaller,pos
"love the hoodie, but was sent a medium instead of a x large so i had to return it :/",pos
"I had initially tried the 50mm f/1.8 version and hastily returned it due to its soft image characteristics at f/1.8. This lens on the other hand maintains great sharpness at f/1.8 trough f/16. While it is more expensive than the f/.1.8, it is worth the extra money if you are looking for a a lens that you can actually use at f/1.4. SWM focusing would have been nice, but the focusing on this lens is quiet and fast. I am very pleased with this gem's performance on my D300s.",pos
"It's pretty but not very expensive looking but then again, it was under 10 bucks. Not too big but a good size for a man. Cool design. You can't go wrong for the money!",pos
"These had adequate sound levels, as I used them for when driving in a work vehicle that was not equipped with a Bluetooth radio. They could have been louder in my opinion for use while driving. Unfortunately, they did not last very long, under what I consider ""normal"" use. I ended up discarding them after about 6 months. I guess that amount of time might be about average for some users.",neu
Not large enough for a woman or man,neg
"I had high hopes, but I should have trusted my gut. Fits as advertised, and really does match the description... but looks super cheap, more of a pajama top than an actual blouse I'd wear out of the house.",neu
"The Book could have been more elaborate with Illustrations, change of font and more concordance. More cross references would have been fine.",pos
"You're a writer, your job is to look around, check out the situation, think about it, write it down. The fact of history is that writers transmit the message of revolution to those looking for a new way of being. It is writing that incubates the successive stages of human thought. The Gospels, after all, are the work of writers; Plato, the writer, tells us the thoughts of Socrates; Voltaire and Swift entertained while exposing hypocrisy, encouraged alternative thinking. In Writers in Revolt, Richard Seaver, Terry Southern and Alexander Trocchi frame the work of twenty-one writers, from Dostoevsky to Herman Hesse, Baudelaire to Ginsberg, in the same light. These are the messengers, they tell us, listen if you will! That the editors themselves are all worthy to be included in the collection certainly is a fact that commends it. It is a good idea to put these works together, because in it we perceive the continuous threadline of mortal pain these artists experience. They see the world as it is, not how it should be, and great courage is required to endure the punishment of such vision. The words that emerge from the crucible are true words, and don't fade with time. Find this book if you can, and put it in your messenger bag.Roll call, in order of presentation: Allen Ginsberg, Sade, Austryn Wainhouse, Baudelaire, Sartre, Dostoevsky, Hesse, Artaud, Celine, Malaparte, Henry Miller, Iris Murdoch, Genet, Chapman Mortimer, William Gaddis, Evan S. Connell, Jr., Charles Foster, Edward Dahlberg, H.L. Mencken, Hubert Selby, Jr., William Burroughs, Ionesco, Beckett.I believe this is the only book where you will find these writers cohabitating. Recommended.",pos
"I just can't past the boring words to understand the plot. There is this guy who wants to take revenge on everyone, but he loves this one girl, that he can't have, and he marries this other girl to get her money. What is going on here? It sounds like a season of All My Children or any other day-time soap opera. Maybe everyone from the Heights and the Grange should appear on Jerry Springer and fight it out. Needless to say, I did not like the gypsy orphan and the bratty little princess whining about everything that came their way. I bet Geraldo could get them to confront each other about thier problems.",neg
"I was excited about reading this book, unfortunately it did not deliver what I expected. It was too short and left me hanging. I don't know exactly where ""Eddie"" was at but I don't think it was in heaven.",neg
"Worked well, used in the mountains in the snow.",pos
"I bought this book for my daughter, aged 10, as it was rated for 9-12 age group. I decided to read it myself and found that, although the problem presented in the story is in a form of an intriguing puzzle, it is written in a way which is unlikely to interest most children in that age group. In fact the writing style and humour are quite dry, most of the time simply relating events. It may interest a more mature child but, as far as I was concerned, it also failed to appeal to an adult as the puzzle offered little in a way of challenge.",neu
I was drawn into the story of abuse and couldn't put it down until I had finished 12Th Street Rita. It's a true story of how one girl becomes a prostitute and how she gets out of the life. It's very graphic in the details and I felt I was there with her on the streets. I cried with her and I laughed with her. It's a page turner with lots of adventure.,pos
The bag is very good and has plenty of compartments to put your camera lens and other gadgets. This bag has been great so far. I also think the price was good.,neu
"Clancy fans should enjoy this counter-terrorism novel that's inspired a line of video games. And the doomsday scenario that's the heart of the book is interesting and exciting (until the very end). Some problems:1) The terrorists are aggressively stupid. I could take down most of Rainbow Six's bad guys with a pop gun and a half-empty packet of Kool-Aid. The supposedly brilliant villains are hired by a former KGB agent. The villians then proceed to a) Lock themselves in a building, b) leave all doors and entrances unbarred, c) walk out of the buildings expecting transportation waiting for them and d) get gunned down. You would have expected the Russian to pull one of his hires aside and say, ""We might need to change our thinking -- locking ourselves in the bathroom hasn't sparked the revolution.""2) The characters (save for Popov) are thin, and often serve as mouthpieces for Clancy's views on the media, the environment, military life, and the government. The main villains, in particular, talk at academic-paper length. I thought a Brookings seminar would erupt during a few battles.3) The ending is lame. Clancy's strength has always been his action sequences, and the battles, even noting the stupidity of the terrorists, are exciting. The doomsday scenario is great, if implausible and dependent on things working perfectly at one location in the entire world (The stock market must have affected EvilCo's travel budget). But Clancy's heroes save the world in 100 pages of the worst payoff in his career. I won't spoil the ending, but it's hard to spoil a climax that doesn't come off.Still, if you can tune out Clancy's editorializing, and accept the stupidity of the terrorists, Rainbow Six chugs along at a decent pace. It will help you pass time in the airport, at least.",neg
"TENDER IS THE NIGHT is composed of three books. Altogether, these tell the story of Dick Diver, a debonair psychiatrist, and his wife Nicole, who is wealthy but depressed, mostly in a five-year period that apparently ends in 1929. In Book 1, Fitzgerald presents the Divers as they appear to 18 year-old Rosemary Hoyt, a budding Hollywood actress, in 1924. At this time, the Divers are living a glamorous and dissipated life on the French Riviera, with the irresistible and socially masterful Dick, who is not practicing medicine, overseeing his wife's recovery. In Book 2, Fitzgerald shows the Divers four years later, after Dick has resumed his psychiatric career. In this book, Dick has become emotionally torn between his wife/patient Nicole and the nubile Rosemary. And, he has become a problem drinker. In book three, Fitzgerald presents his denouement, this time emphasizing the rejuvenated Nicole's perspective on her marriage.As Nabokov said, readers make a mistake when they confuse the design with the designer. Nonetheless, TItN certainly contains many parallels to the lives of Scott and Zelda Fitzgerald. There's glamour and affluence in Europe, immature stunts, mental illness, a period of difficult professionalism, intense resentment within marriage, and ruinous alcoholism. Read as insight about Fitzgerald, the novel is interesting, since it does convey the plight of unfulfilled promise and too much booze. Books 2 and 3 are especially effective with these themes while featuring many passages of effectively lyrical writing. IMHO, this peaks with a final few observations about Dick, which are suggestively lyrical and even touching.In contrast, the long Book 1 contains what I deem many pages of ineffective lyrical writing, since Fitzgerald frequently brings everything to a halt as he describes, say, a hairstyle, the fabric of a dress, or a ripple of social awkwardness. In large part this lyrical overelaboration stems from the immaturity of Rosemary, whose perspective dominates Book I and who misses the desperation of the Divers and their friends. Instead, she conveys what a socially ambitious 18 year-old girl probably perceived in 1924, when her glam and social older friends let her have a first naughty drink. As a result, Book I reads as if the Fitz is overly concerned with social nuance among the wealthy and has, really, nothing to say.TItN is the Jazz Age without the jazz.Recommended if your ancestors belonged to the Brook Club or, perhaps, the Racquet Club.",neu
"Decent when you get one that works. Bought two and have one good one. Day videos are good but get blurry in high heat as the lens actually warps when overheated. Night performance is poor; about as bad as the GoPro Hero 5. Otherwise, I do like the camera. Takes 64 gig class 10 cards well with over 8 hours of recording. Brass 1/4 20 threaded insert, 2 hours of use on full charge, smooth file format. A little better quality control and these could take off.",neu
Not throlled,neg
"I liked the colors , but the material was not what I expected.",pos
"Klipsch Heresy III Speaker - Walnut Veneer are old-school and totally amazing. They have the exact sound I wanted not the tinny sounds of the modern-day speakers. I listen all types of music from heavy metal to old-school rap. I'm a drummer so I have a very discerning ear and I like a very specific sound, not high pitched - but loud. These are exactly what I wanted! They're made out of three-quarter inch plywood with a solid wood veneer. They're heavy and heavy-duty they should last for years and years. I love that they're low to the ground and on an up-swinged angle so you don't have to have a large looking speakers, They are low-profile with big sound, you might want a woofer for crazy loud bass, but for a smaller space these are perfect. I command Klipsch for still making these amazing U.S. Made speakers :) I have a matching set and would love to get two more and a subwoofer, but I don't need them at the moment. The older I get the more headaches I get, LOL. Just so you guys know the left and the right speakers are identical they just come with the badge on opposite sides no difference in speaker, I personally would prefer if the logo on the dust screen was centered. Do I recommend these - All I have to say is Hell Yeah!!!",pos
"I ordered this for a college class. When my class got to page 74 the next page was 109, the book then when on normally untill I got to page 145 when it went back to page 109 and continued with regular numbering. I ordered this from an amazon storage facility and not a 3rd party. I am very disappointed in the quality of this product. The book itself was of normal caliber textbook quality.",neg
Worked for 2 seconds then shorted out,neg
"""The Colorado Kid"" (a book Stephen King wrote for the Hard Case Crime series, a sort of return to the pulp fiction stories from the '30s and '40s) is a weak book, one of the weaker of King's career but it's not as bad as other S.K. books like ""From a Buick 8."" The story is (after 184 pages) a mystery without an explanation. It presents us with a death, implies that it could be murder, than shuts the audience out. The book is narrated by two old men named Dave Bowie and Vince, who tell a young woman named Stephanie the story of The Colorado Kid. We hear exactly what Stephanie hears, know exactly what the two men know, and then are left out. Because (like the film ""Picnic at Hanging Rock"") we only get hints about what exactly is going on, that almost gives the book a haunting quality...But still leaves the audience unsatisfied. Vince and Dave tell Stephanie of The Colorado Kid, a man who was found propped up against a trashcan without any kind of identification. His cause of death is determined ""asphyxia due to choking"" (because a piece of meat is found in the back of his throat). The cops give up on the investigation, especially after the man is identified (his wife claims that he disappeared over a year ago), but Vince and Dave do not and begin to uncover many clues that seem to imply homicide. The man (never a smoker, according to his wife and the coroner) is found with a pack of cigarettes and a book of matches. One smoke is gone and one match is gone; The fact that cigarettes were purchased in Colorado may be a sign. Whatever it means, we'll never know. The book is entertaining and I read it in a couple hours, so it wasn't a complete waste of time. Entertaining, but too impenetrable.GRADE: C+",neu
"""Ed Wood gets a rap as the world's worst film director. But the real culprit is Al Adamson. His flicks had bottom-basement scripts, minuscule budgets and actors with one foot in the grave, such as Lon Chaney Jr. Adamson's cheesy legacy is nicely chronicled in SCHLOCK-O-RAMA: THE FILMS OF AL ADAMSON by David Konow.""",neu
Runs a little small but a little thicker and warmer than a regular long sleeve t,neu
The neck Gaiter would of been perfect if I'd gotten the one I ordered. My daughter loved the soft material but we ordered an anchor one as her brother is in the Coast Guard so was a huge bonus! Down fall we received a very childish looking Dinosaur one. She's soon to be 12 no way that was going to work so I returned and will be purchasing an anchor one.,pos
"Works great, but I would suggest installing the ""business"" version of the software offering, which has many more options than the ""personal"" version and comes at no additional cost.",pos
Registering was quick and simple,pos
"I like Harley Davidson brand and really like these glasses. It's a shame that the logo isn't more clear because I like showing off my Harley Davidson stuff, but I really like them.",pos
"This is the eleventh book in Chaosium's Cthulhu Cycle series. This volume features tales of Lovecraft's most well-known creation, the octopus-headed entity, Cthulhu. Included are the foundational stories (i.e. ""The Call Of Cthulhu"" by H.P. Lovecraft and ""The Black Island"" by August W. Derleth), some rare reprints (i.e. ""Some Notes Concerning A Green Box"" by Alan Dean Foster) and some interesting new stories of Cthulhu in the modern world (i.e. ""Rude Awakening"" by Will Murray). In any collection the stories are of varied quality but I enoyed the majority of the works collected. If you are a reader of Lovecraft's Mythos fiction then this is a must for your library.",pos
"It shows that it's charging, but after 12 hours it has less charge than when it started. To BargainCell's credit they sent another one, but it also does not work.",neg
"Great size. Took this small camera on several international trips and loved that I could slip it in my back pocket. Easy to carry even when hiking mountains or in the desert. Picture quality was very good. Never could get the wi-fi feature to work. Rating as a 3 because of Lens Error. I had heard this could be a problem when I purchased it and didn't have any trouble initially but it occurred sporadically and now I can't even use the camera at all, Repair estimate is $150 but that doesn't really make sense on a camera in this price range. I'd buy one again but recommend getting an extended warranty.",neu
"My expectations for the NSLU2 were fairly low, be able to access a USB external drive on my internal network. The device works well in this regard as long as you accept that access is somewhat slow when running at b/g wireless network speeds. The device came up using the supplied software CD. No problem. The problem arose when I changed the default IP address (this feature is supported). After changing the IP address I could not access nor ""see"" the device, even after disabling my firewall. I called Linksys support and spent over three hours on the phone with them to no avail. They could not discern the problem and we eventually reloaded the firmware. We were back to square one but the device works at the default settings. Leave the settings alone and you should be fine.",neu
"Sounds OK, but when compared with Cambridge Soundworks Curve ...",neu
"After buying four different converters, and having problems with all of them, I discovered that it's not really a problem with the converters, it's a Microsoft problem. Windows, regardless of whether it's XP, Vista, 7, or 8, has a flaw with assigning com ports. Until I can resolve this issue, and figure out the correct interrupt requests to use on the com ports, none of these adaptors will work. Thanks again, Microsoft!",neu
Boy package comes with 3 pair of girl colors socks!!!,neu
Good n' cheap. I spent <$62.00 for new head unit and four speakers. You can't beat that.,pos
"These headphones are marketed as 5.1 but they are actually 2.1. The bass was great. The response and sound was great. But the surround was just a echo made to sound like you were in a bubble. NO front and rear sounds, just pretend. Returned, wouldn't keep them, would never buy or recommend them.",neg
I would rate this higher but the keyboard just barely ...,neu
The clip broke but it was really my fault. The case is solid. I wish I could find things like this for some of my newer electronics.,pos
Too tiny to get on ear.,neg
"I bought this book thinking it would actually help me build a website. Their examples consist of amazon, yahoo, and a couple of other multi-million dollar sites and the advice they give is so simplistic it is obvious. Worst of all, the group that wrote the book sent me emails after i registered on their website and started calling me to buy software from their software company. do NOT buy this book.. there have to be better ones. . it's a big fat blue colorful book of fluff, designed to help them sell software apparently. i wish i could get my money back from amazon.com...",neg
"Too small, not noticeable.",neg
Sponge cover was no good,neu
I initially thought band was good but one end broke in half while my son was in karate class and he almost lost his watch. It is affordable but made of poor quality. I wanted to like it.,neg
"Terribly, terribly, terribly boring. I do not wish this torment on my worst enemy. Do not read it. There is not even a summary online, which means, nobody could endure the agony to finish this damn book.",neg
"An unstructured sampler of crime anecdotes does not add up to a well-developed book-length thesis.I bought this book partly due to the reviews here on Amazon, but I was a bit disappointed. By the time I'd got halfway through, it was clear that Robinson has presented the idea of a ""merger"" of transnational organized crime as a catch-all category for his large supply of stories about gangsters operating in various countries.Robinson presents many short anecdotes, laced with speculative connections to fill in the many gaps in the record of known fact. Moving from country to country, he gives thumbnail accounts of the careers of various criminals, from their obscure origins to their final capture by the beleaguered law-enforcement agencies around the world. I found the stories too short to get a good feel for each of the players, and so it became a blizzard of names for me.What this book is not is a systematic account of the rise of transnational crime and how it operates. Rather, it sketches many different criminal operations and careers and leaves the reader to surmise how they add up to a transnational crime ""system."" Preoccupied with details and specifics, Robinson does not really help the reader by drawing principles and themes from the material.I also found that Robinson's sarcastic writing style detracted from the authority of the book.Robinson clearly has a large database of crime knowledge, and many contacts in the law-enforcement world. But he is a ""short snippet"" kind of writer, and the book, for me, did not feel like a single unified whole.",neu
Little cheap looking but it will do,neu
Very good for the stated purpose,pos
Easy to install. Excellent price. Works from 100 yards away. I got it as a replacement for a broken remote on my Craftsman opener. Sears wanted $40 for a replacement!,pos
"Exact form, fit, and function for our Chrysler Minivan",pos
Not what we really wanted...,neg
"I bought this bag for the bright color and the overall style and shape. However, the bag is huge! I guess I didn't pay enough attention to that detail (my bad). It can fit my Kindle and a ton of other stuff.The ""faux leather"" is very stiff. I would give it five stars if the material were looser.",neu
"I liked this book considering it's the only source as of now of this Once Great Establishment before a Murderous regime took it over,However,The book does not stick to it's subject as the title would imply, The Club is covered but it goes back and fourth to the author(Rosa Lowinger,A Cuban american who apparently sees nothing wrong going back and fourth to the island, I am Cuban American and I can see past the Facade of Cultural Exchanges.)The book mainly tells the story from Ofelia Fox and Sadly her Lover Rosa Sanchez' side(Apparently she thinks the ""Autenticos"" were a bunch of Nobodys"",perhaps she was Batistiana? or doesn't know that under Carlos Prio,The National Bank was Founded,The Union kicked out it's undesirables under him and he had an Honest National Chief of Police,The Best and Only True Democratic President Cuba Has ever Had.)the book has a couple of black and white photographs,and the author again paints the picture of Batista somehow being in equal to Fidel, Fidel Sent Over 14,000+ to el paredon,and many more were unaccounted for or still languishing in prison,the 20,000(Batista) is a Myth as it is in the book pointed out which contradicts the author.The Author talks to known Dancers in The Current Regime's Cuba that either or unsympathetic to the plight of their fellow compatriots or are in cahoots with them,one is married to a Mexican Elitist Leftist and owns her place in Cuba,The author Laments the Strict Measures of the Embargo, Again messing up the whole premise of the book and title. That fact she thanks/Acknowledges Louise Ann Bardach author of AntiExile book:""Cuba Confidential"" and Castro Apologist,and she doesn't ""want to offend"" the authorities in order for her not to be denied re-entry into Cuba for her many Back And Fourths for her ""Research"",The other thing I don't care to know about is Ofelia and Rosa's Personal Life,If this was the intent why not just have called the book why I think the Embargo is bad or The Story of Two Women? something along that lines,Hopefully a better Book on The Once Great Tropicana will come out,my GrandFather worked there and It Prior to 1959 It was Owned BY CUBANS FOR CUBANS not by an Elite Committee who rules over their own people with an Fist.",neu
"I was looking for a bag that I could take to work which contained my iPad mini, a notebook, and misc other items (charger/cables, gum, etc). Originally I tried the STM iPad/Tablet only bag, but found it too small. With both bags, construction is top notch and it feels very high quality. I like this bag because I can fit in all my stuff however I do NOT take a laptop with me, the work issued 15.4"" behemoth requires its own backpack when I have to lug it around. This bag will easily fit a 13"" macbook pro (non retina) plus an iPad with no issues. Perhaps a small magazine in the rear pocket. This bag might be a decent day bag while traveling, however it does not have a spot to store a bottle of water (side pocket) and would fit a point & shoot camera, but not anything much larger. Overall it does what I'd hoped it would, and I likely would replace it with the same bag if it got lost/stolen/damaged.",neu
The paper was stuck to the decall and some came off.,neu
"This purse is very nice, but smaller than it looks in picture. Size would've been nice if stated, will keep for occasion when only need few items",neu
Starter falling apart after the first time wearing it. Looked great at first.,neg
"This dress is beautiful, unique and well designed... except for the fabric. I had to wash mine prior to wearing and it started to peel. I wore it once and received many compliments but sent it back because of the fabric.",neu
Poor!!!The earrings were broken upon opening the package,neg
Works only with a new Kindle HDX but not any other device in the house. Bought at WalMart and returning it to Walmart.,neg
Wore as Maternity - 7 - 9 months pregnant in XL. Fit fine.,pos
it took a very long time for me to receive the product. I have a product shipped from outside of the States before but not more than 2 weeks. This one is almost 5 weeks,neu
"This was a challenging book in a few different ways. Firstly, it's long and dense. I'm a pretty quick reader, but at 900+ tightly printed pages, the reading of The Source was definitely a marathon, not a sprint. Secondly, some of story was very slow moving and not very enjoyable.I'm not totally slamming the book here. There were parts I found fascinating, that really held my attention. It's just that long passages were the exact opposite.The book comprises two running narratives. On the one side there is the modern time (relatively speaking, of course) story of an archeological dig. This starts as the main thrust of the text, but gradually takes up less and less of the author's focus. The other is the running story of the site of the dig over the history of human inhabitance. The dig is located in what is now Isreal, so you can imagine the scope of timeframes covered.The issue I had with the book is that the modern story was, to me, much more interesting than the historical one. Since that part was ever-shrinking, and the latter ever-expanding, you can see my problem. I'm definitely a history buff, but I just couldn't get into much (though not all) of the story Michner was presenting. I was bored with it.All that said, I definitely came away from the book with a deeper understanding of Jewish culture and the history of the Middle East.",neu
"it doesn't work as well as i was hoping, but it's not bad. it's also a little irritating that it loses the connection every 2mins or so if you're not using it (never noticed if the regular USB line-of-sight version did this or not). really, matricom just needs to have a network remote/app to control the interface like Kodi",neu
I had two pairs of these headphones that both broke in a few months. I don't get why the cord looks so very heavy-duty when the part you work with the most is so brittle.,neu
"The Outsiders by S.E. Hinton is very well writen and I enjoyed it alot. The best character in this book would be Johnny because on the inside he is a good person even though he is a member of the gang known as ""Greasers."" The best most exciting part (other than the rumble) is when Johnny, Ponyboy, and Dally save the children from a fire in a old church. The theme of this book is to stay young and ""gold"". The book is much more interesting than the movie but it wasn't very exciting.",neu
"Assassins is book 6 in the tribulation force and my least favorite next to Apollyon. I'm not a big Ray fan, and in this one my respect for the character dropped another few yards. I just didn't *care* for how Ray treated Leah, or his endless whining and self-recrimination every time he strays from the path- especially when he continued to do it. How he treated Ray, Beau, and Hattie was annoying, and now we expect this same middle-aged pilot to become an Assassin? Please.This series has an interesting premise. But you pretty much figure that the main characters will live: Ray, Chloe, Buck and little Kenny and all other characters are cannon fodder. I can't count how many secondary characters were slain in this one and somehow the 'core group' seems to get away scott free.Also, the authors are showing their sexist roots by enforcing the image that women are either: hookers or wives and home-makers. Why is the idea that Hattie be an assassin any less realistic than a middle-aged pilot? Why does Leah cook and clean the house and Chloe take care of the baby and play a good wifey while the 'boy's are out dueling with the anti-christ,' when both women are more than capable of doing more? Why does it appear Ray is trolling for wife number 3 in end-times?The authors have a good series here, but characterization, dialogue is just not their strong point. 3 stars.",neu
The content is useful for noivce through advanced guitarists. The book itself literally fell apart the day after I bought it though. This publisher does that.,pos
"I was extremely disappointed in this book. The premise of the book seemed so promising! Gwendolyn Morris's writing was cheesy at best, horribly stilted at worst. I couldn't believe someone would pay her to write. True, short stories do not provide a lot of space to go in depth but it doesn't mean you have to write so far fetched, unrealistic, fake scenerios, with dialogue that is stupid just to fill the page. I would not recommend this book to any thinking person but if you are interested in cotton candy writing, please feel free to pick up this book. Just remember, too much candy can make you sick and possibly rot your teeth.",neg
"Fit perfect, super cute!",pos
"That anyone can create a story of this level of sophistication (and I don't care that it took 10 years) is absolutely astonishing. Sure it takes a few hundred pages to gain plot momentum, but every sentence is pure gold. I don't think it necessary to describe what I liked about it - it's the same stuff every reviewer (who got it) liked. Suffice to say I'm at a loss as to what to read next - everything I've picked up (and put down) since has seemed childish and hack. I guess I'll have to read it again.That said, it's not for everyone. An affinity for 19th century history and literature is a genuine prerequisite. Otherwise may never get past the first couple hundred pages. I guess if you're a fan of George MacDonald or that guy who wrote about rings (sorry - I'm not a fan), you should dig this.",pos
"Ankerberg and Weldon are a powerful, educated (at least 6 postgraduate degrees between the two of them) writing team with dozens of books to their credit. This book is a condensed version of their earlier book, Behind the Mask of Mormonism. They research the Bible, original and primary Mormon resources, and deliver a well-reasoned comparison of Mormonism and Christianity. Read this book and ponder truth.",pos
Just looks pretty.so uncomfortable.poorly made looks cheap no name brand hurts your feet and in between toes,neg
"This is not the Voltage Valet adapter sold by Going In Style. Despite the image in the product listing, this is a generic version of the product.",neg
"I do not know because the Green Gables Detectives book was never shipped to my address, even though I ordered it online from your site.",neg
"The Pilgrim's Progress is a wonderful work written by a 17th-century Puritan, John Bunyan, from his cell prison in a trying time of persecution. Rich in Biblical theology, it is the best-known allegory of the Christian's life. It tells the story of a pilgrim named Christian as he walked a journey from the City of Destruction (where he lived before his conversion) to the Celestial City (an allegory of heaven), sharing with us the many challenges, obstacles, comfort, and encouragement Christian encountered in his long journey. This book reminds me that I, too, am walking in a similar spiritual journey as Christian did.When I read of Christian passing through the Valley of Humility and falling into the Swamp of Despondence, I'm reminded of those times when I, too, was in such a swamp and valley, and how God graciously used those trials to humble, comfort, and rescue me.The Pilgrim's Progress reminds me and encourages me with the Biblical promise that regardless of what deep valleys I may be in, whatever swamps I fall into, whatever rough roads I tread, whatever rivers to ford, or whichever steep hills I may be climbing in my own life journey ... my Guide is ever watchful, my Deliverer unfailing, and He is indeed faithful in keeping and persevering all of His elect in the faith till they arrive to their final destination at the Celestial City--that glorious, everlasting City that is so different than the one I've traveled from and ""built not by the hands of man."" Every Christian can learn and be encouraged from the Biblical doctrines taught in this story.",pos
"My work needs me to be mobile within our company, with software with interfaces with Microsoft Communicator, I can use my assigned VOIP phone and stay connected with my partners at any location within the company that I can access the company network. When I ask if I sound clear, the respond - yes. Sounds just like my phone handset. Its comfortable!",pos
"As somebody who has not yet begun to seriously study Dari, I have found this to be a very helpful companion. It has helped me unravel the Dari words and phrases used in guide books and travelogues on Afghanistan, and the short guide to Afghan history is concise yet insightful.The ""Very Basic Grammar"" and ""Pronunciation Guide"" provide key building blocks to understanding and speaking the language. The dictionary, at 87 pages, is by no means comprehensive, but covers simple vocabulary beginners need to know. And the phrase book pulls together basic words and phrases for a myriad of situations one is likely to face as a tourist in Afghanistan.All in all, not bad for a book of a little more than 200 pages that can fit in your back pocket.",pos
Apple finally has their VISTA,neg
"Great Protection, But The Small One Is Too Small a Diameter To Fit Anything",neu
"good in all respects for a rebel - sized DSLR w/extra lens BUT (only one review mentions this) there are no pockets whatsoever. So SD/CF cards, lens tissue, whatever, must find a place elsewhere (eg, an outboard lens case). This is a shame as it would have been so easy to include a zippered top or front pocket. other than than, it's fine.",pos
"I'll tell ya what he's talkin' about, this issue with Dana Plato. Yeah, she's dead and stuff, but she was hot and I had a major crush on her back in the day, so having the issue where she leaves nothing to my adolescent imagination was a must have. Tha mag wa in good condition, no pages sticking together so it was all good.",pos
very handy. glad I got it.,pos
bought this for my girlfriend so we could talk while on bike rides. it worked for a few times but she broke the ear piece and doesn't know how she did it.,neu
the screwtape letters...another collection of epistles between two demons.,neg
Very tight. Too small.,neu
If you enjoy fantasy and humor read this book. Diana Wynne Jones is a master of both. And I love the twists and turns. Never assume the outcome...,pos
Why are there foreign troops training within the US? It has been observed with increasing frequency that foreign trops are engaging in urban warfare training within the US. Why is it necessary that they train here? This read will give you a good look at why they are here.,neu
"... This recent effort, Barbara Leaming's ""Mrs. Kennedy: The Missing History of the Kennedy Years"" must have been so elusive that even its author couldn't locate it! This book is a prime example of precisely what is wrong with so-called ""Modern Biography and History"" promising much while delivering NOTHING. Indeed, when I received this book, I was surprised at once by its brevity, given what I thought would be its scope and thouroughness. Ms. Leaming's premise(s), while ""interesting"" are in the final analysis, completely and utterly of her own mind and making, lacking ANY substantiation for which she should be ashamed and deeply apologetic. Her constant attempts to read Mrs. Onassis' mind and infer this and that at any given period, was particularly laughable, until one realizes that this is yet another ""History"" being added to the already largely incomplete and bogus study of Mrs. Onassis' life and times.Ms. Leaming merely refers to the sources for her book, such as Mrs. Onassis' Secret Service Agent, Clint Hill and his Testimony before The Warren Commission, not to mention the correspondence between Mrs. Onassis and British Prime Minister Harold MacMillan, which is really where I take great issue with her. Why, Ms. Leaming could you not publish said documents and allow the reader to gain a window into Mrs. Onassis, that you yourself stated was of particular importance... A dismal and insulting book (very similar to all those others, such as: Kiity Kelly's ""Jackie Oh!""; C. David Heyman's ""A Woman Named Jackie"" and Sarah Bradford's ""America's Queen"") folks, not worth a penny. My suggestion, write a book about Mrs. Onassis, yourself, I'm certain we could ALL do better.",neg
Love the way it fit,pos
This book thoroughly explains eclipses and how they impact your life. It details the magical effects that eclipses have on your being. It also has a comprehensive tool for tracking where and when they connect with your life. A must read for anyone who is trying to understand what is going on in their world.,pos
"The first 3/4 of this book is engaging and well thought out. But I think the ""revisited"" portion of the book demonstrates a loss of critical abilities on Heylin's part. Dylan has recently sung, ""The girls all say 'you're a worn out star'"" and unfortunately Heylin is one of those girls. I think it comes down to this. Heylin, in his original ""Behind the Shades"" wrote that Dylan's career looked bleak. The notion of the poet who has lost his muse, itself a cliche, runs throughout the final chapters of the book. Rather than providing true insight into the last decade of Dylan's career Heylin merely returns to this cliche time and again. The truth is more complicated and its quite clear that Dylan's creative powers, far from evaporating are on the upswing with both TOOM and Love and Theft.",neu
"Stephen King is a master of suspense, but for whatever reason he decided to leave his trademark out of this apocalyptic 'masterpiece.'I'm not sure what all the hype is about with this novel. I found it much too long and anti-climactic. The character development is extensive and wonderful, but if I had to read about one more commitee meeting I was going to throw the book out the door. Near the book's end I was ready for them all to die just so the story would stop.The great parts of this book were much too few and far between to justify the length. In the end I understood why his editors cut it down. I had much more fun reading Salem's Lot.",neg
Was not the correct model as described and I had to replace it. Probably no one's fault but mine.,neg
"This shirt is super cute! It's tight on the breast and body but is also flattering , will look great with a cardigan.",neu
I thought it was a little bigger... However the material has a good quality.,neu
"Shure has always done it right....well worth the investment, especially for a second cartridge! I love the mid range detail.",neu
Nice quality but runs small,neu
"Seller sent both the wrong dress (entirely different neckline than pictured, described) and wrong size. So, maybe the actual dress and right size would have been great—who knows? Not me. Returns are such a pain, and it's cheap, so I won't bother, but am annoyed at the lack of quality control",neg
"This thing ""browses"" the internet laboriously and clumsily, needing dozens of button pushes to get around, and is especially bad with Youtube. To sign in you need to run your computer at the same time, go on your account, via computer, input the extemporaneously given code, from the BDP and you will be signed in. If you sign out, via the Sony, you will get a new code, and have to go onto your account from the computer and redo the process. The point is, using the remote for a DVD player is NOT how to browse the internet. The remote even has a dedicated Netflix button--a waste of space--who gives a whatever about NEtflix? yea, alot of peep use it, but I don't care to invest in Sony's ""partners"". The player itself: It's fine, but put the price you pay over a non-browsing player--which with Bluray prob. doesn't exist--towards a tablet or netbook. Blurays usually have to a USB plug (but good luck picking up where you left off if you want to break off watching a film until another day).",neu
I read all three of the regency series and loved them when i heard about the scottish bride i was excited to go and read it. However when i started the book it wasn't exciting i kept on reading the book thinking it had to get better.The chracters never stood up for themselves and it seemed almost that they were letting things happen to them.I haven't even finished the book and am considering putting it the shelf. This is not one of the best catherine coulter's i have ever read and i love reading her books.,neu
"I bought this for my classroom. I have An extension cord running from a wall to the projector in the front of the room. I thought that this would prevent, a.) kids from tripping on the cord and b.) keep the cord from getting damaged. I think the cord is safe from damage, but the kids and I keep tripping on it. Like the other reviewers said, it won't lay flat and the tape it comes with is worthless. If this were someplace with less traffic, it would work just fine. But thats not my case. :(",neu
"John Kenneth Galbraith once called economics, ""a failed profession"". Apparently he lacked students like Prof. Paul Klugman.In recent times popular punditry would have us thinking that the world was economically divided into fiercely competitive national economies. The most common divide pitted the US and Europe against various 'low wage' economies emerging in the third world. Klugman examines such claims using the techniques of undergraduate economics and finds the idea wanting. Instead, he points out that since 1973, annual US real wage growth has stagnated at 0.3% for purely domestic reasons._Pop_Internationalism_ is not light reading. But it is certainly rewarding, and brief.I would also recommend Jeff Maddrick's _The_End_of_Affluence_ for a more thorough review of the data.",pos
"I wish the rack was bigger and it's hard to access the two racks on the inside, if you ahve bangles on the outside. More of a show piece, but not the most convenient product to use.",neu
"I usually wear a 2 in jeans and the size small stretched JUST enough to fit over my hips. They are really cute and fit nicely! Very comfortable, too. Quality is a little questionable; they came in with a lot of loose threads hanging off. I really hope they don't unravel at some of the seams. For now, I love them! Very happy for the price.",pos
Very good for the quick recharging days******,pos
"Returned it, the ear buds are just to bulky and they didn't work well with my phone Note 3...",neg
I ordered expecting to receive the colors that was advertised. I received duplicate colors earrings instead. Was disappointed in that. But the earrings themselves are cute.,neu
If you are just starting the redwall series you'd probably want to get this book first because it explains somethings about the warrior Martin and Salamadastron and other things. This book is one of my favorites(other than Mattimeo) and it is worth the price. Anyone who wants to add some good books on their bookshelves I reccomend the Redwall series.,pos
"It came with frayed handles, the stitching isn't very secure. Def expected better for the price.",neg
"I felt the entire book was one big sales pitch. It felt like I was sitting in on a sales presentation. Although the authors did a fairly good job of outlining the 4 stages of the e-business panorama, they neglected to provide solid case studies or real life examples. Instead, I kept coming across recurring messages throughout the book; ""all businesses will become ebusiness ...focus on your company's core competency, outsource your non-core competence in order to go to market fast...seamless backend application integration""... very basic stuff. If you are already familiar with ebusiness, this book will bore your as it did me after the first 3 chapters.I like to suggest a more objective book on ebusiness with better tactics and strategies: ""e-Business Roadmap for Success"" by, Dr. Ravi Kalakota",neg
The band itself is very nice but the metal clasp that connects to the watch is very weak. After a month or so of normal wearing the metal broke apart and can't be reconnected. If they used a more sturdy metal to connect to the watch this would be a 5 star review. I give it 2 stars rather than 1 because the band itself is nice.,neg
"Before I launch into a harangue on Jordan's detiorating plot writing, I'd like to acknowledge that he is a great writer - and the wheel of time is a great series. 1-6 are tremendous. With that said, there just a few things I want to say. Beginning with book five, and especially in 7-9, Jodan has given us these terribly boring and annoying accounts of immature women, and their minor adventures. I'm beginning to think that Jordan has some distorted or unhealthy perception of women. Maybe all the women he knows are bullies, brats, or snobs? Regardless, the dialogue and plot concerning Nynaeve, Faile, Elayne, and most Aes Sedai accomplish nothing except frustration at all the pettines. The genius of the WOT was Jordan's characterization of the main characters (ta'veren)and many minor (Lan/Moraine, Loial, Isam, Elyas,Thom, the Forsaken, and especially Fain). Also genius, was the sense of history conveyed, the good vs evil drama, and the plot movement. Well the plot movement is coming to a standstill, and all the character development is coming from the annoying and boring wives or girlfriends of the main characters. To top it off, the book length appears to shrink as the spaces between the lines increase. Please Mr Jordan, do your fans a favor - devote 1 chapter to the stupid wives instead of the main characters, and build some plot development with the characters your readers care more about than most of their friends.",neu
"Very thin material (not a major problem for s. Louisiana! but the length is too short. My son is 2 months old, i ordered 6mths and it is too small. :/",neu
"I found the first book very enjoyable and was looking forward to the second one but...I found it a bit flat. Although I did like how her relationship with Michael Archer seems to have evolved and the setting describing the aftermath of the big earthquake was interesting and the mystery involving her roommate and missing aunt was very enjoyable...I just didn't care much for the ninjas. They were just sort of sprung upon the reader. Also, I didn't care much for Freemont's attitude towards Private Albright. He tried asking her out a few times and trying to get to know her and she was rather cold towards him. I found her cold attitude contradictory towards her helping/caring attitude she distrubuted towards the Red Cross, doctors and ect.",neu
"Arthur Miller's Focus is never dull it has suspense, humor, and violence. His story of Lawrence, the main charactor afraid of the world, gives the reader an insight into the nature of prejudice. He writes about the beliefs middle-class white Americans have about Jews in 1945. His poignant way of explaining Lawrence to the reader gives us a forum to better understand our own feelings. This book is a definite read for anyone that wants to become more socially aware.",neu
"This is absolutely one of the best purchases I have made! It is PERFECT for what I needed and barely takes up any space. I love that it is acrylic and it has little feet on the bottom. It is made extremely well and has not tipped at all even when I only had it 1/2 way filled. When I am ready to purchase more, I WILL come back to this Seller.",pos
These are really cute and fun. I purchased these to go with a mermaid shirt for my daughters birthday. Problem is she was playing with new toys (she's 8) so the knees completely rubbed off and are black. The quality isn't that great .,neu
"this book is so poorly edited, it's distracting. the ending, I don't know, maybe the deadline snuck up but it almost seems like another writer stuck paragraphs here and there. much more disjointed than the bad editing seen earlier in the book. there is some fun stuff, some sections are compelling; quite readable for an inexpensive, Joan Collins book from the 80's.",neu
I felt like maybe I'm super strong,neg
I ordered a 2 x which normally is roomy . Had to return and get a 3 x it fitted the same as the 2 x and the seems around the waist starting to come undone after one use.... product is very nice just got to get your sizes 2 up,neu
"Noticeable, perceivable increase in throughput after I got it online. So that was worth it. Setup was no intuitive. But after I RTFM everything was okay. Preset profiles were useful. BE SURE to check your cable modem setup to assure it allows passthrough router mode. This was a challenge on my ATT U-Verse gigapower modem. About three months later it quick working. The power went out in the house during a thunderstorm, when it came back on everything else in my network came to life. But this EdgeRouter and my Ubiquiti AP-LR went to factory defaults and refuse to accept any configuration.",neu
"I read the first book,Got Fangs?, a few weeks prior to reading this book. I loved the Got Fangs, and thought it was a great, fun story. But I have to say, this sequel scked. The plot line was definitely on the boring side, Fran seems more like a typical immature teen - over dramatic - and Ben, her vampy boyfriend, is annoying here. Fran still doesn't seem sure about having Ben as her boyfriend; i was hoping they would flow well together in this book, but they didn't. they don't seem to really get along much, except for the attraction being 'Beloveds' creates, i guess, which makes me wonder why they are together ? Also, Fran's upcoming date(""An actual real date"") with Ben is made into such a ridiculously big thing that it became unrealistic. Maybe some people really are like that, but I can't relate to it. I mean really, practically everyone gives her advice for ""the big first date"". When Fran summons a goddess (sry, i forget the name), even the goddess gives her advise on her date (which, by the way, we never get to read about because the book ends before the actual date), as well as one of the Vikings (although i have to admit that what the viking said made me laugh).Anyway, maybe 2 stars is a bit unfair, but that's what i would personally rate it.",neg
"A great addition to a set of TIC Corporation TFS10-CN 8-Inch 175-Watt Terra-Forms Pro-Series speakers. Not the cleanest bass I've heard, but then I have some VERY high end indoor equipment. This adds just the right amount of low end punctuation to fill out the sound. Update 11/11/2016: just as others have said this speaker failed in less than 2 years. VERY unacceptable! The only good point is that the part of the crossover that feeds the satelites still works so I do have stereo sound. It sounded great while it worked. Either the bass output of the crossover failed or the voice coil of the woofer. Absolutely no output from the woofer... not a peep! In any case this is VERY poor quality! Shame on TIC!",neg
"These are far from oversized. I gave them to my 8 year old niece. I'm glad they were so cheap, otherwise I would have taken the effort to return them.",neg
"Much of the story was too contrived, although interesting for light reading. The building of a maze at so many locations seems unlikely -- and with his income? Also, a good editor would not have let so many errors slip by. For example, on p.35: She hit shorty in the breast when she was aiming for the throat.",neg
"A handy mount, but the plastic arm is skinny so the unit bounces around while driving. And the plastic wheel on the back enlarges on the plastic ball as you tighten so it never really clamps down so the unit will change angles. Missed returning by a day, but oh well. Going to go RAM Mount now as I should have from the start.",neg
"I'm a hopeless Evanovich fan, but even so, I couldn't make it through this book. It's very poorly written with implausible characters and situations.",neg
"I'm shocked that anyone would give this book more than two stars. I've been studying for my California's brokers license and I've had to use books by Walt Huber because they seem to be the only ones used by the schools offering the courses required to qualify to sit of the real estate licensure exams. I have found each one of these books to be terrible. I would give each one no more than one star. They are poorly organized, gramatically so poor that it is difficult to understand, incorrect when it comes to some of the answers to the end-of-chapter questions and -- worst of all -- inappropriately opinionated with the author expressing opinions as facts throughout the book. What irks me the most is that this seems to be the book that all schools offering the required courses for real estate licensure use. There's some sort of monopolistic practice going on here that stinks. It's preventing others from offering a better product and is probably financially benefitting someone. I would say ""Don't buy this book or any others by Huber"" but if you want to be a broker in California, it seems that you have to do so.",neg
"compared to the one i bought at radio shack, this ones reception is poor. thusly the 2 star rate. that is all",neg
This memory card is so fast.. I got it from a really good deal. Thanks.. ;),pos
Protected movies are a problem,neg
"Helen Chantal Pike's latest creation, ""Asbury Park's Glory Days,"" is a ""must read"" for those searching for the answers to how one of the greatest resorts in the world during the 19th century could collapse into urban decay in the 20th century. This 200-page book covers the ninety years from 1890 to 1980, with a 2002 epilogue. The political, economic, social, and cultural events are included in this century timeline. The pages are richly illustrated with vintage photographs, documents, excerpts from newspapers of the time, and dozens of first hand stories from people (still alive) who resided and worked in this ""city by the sea."" The architectural history of the theatres, hotels, public buildings, and the unique design of the city is remarkably researched and presented.""Asbury Park's Glory Days"" is a smooth and enjoyable trip to the boardwalk, and is densely packed with facts and details for Asbury Park historians everywhere.I highly recommend it.Bob Mataranglo - Artist",pos
Nice light weight case with magnetic cover but does NOT have the sleep/wake feature!,neu
"This book, subtitled ""A Story of Race and Inheritance"", is a written self-portrait of the beliefs of our president. It has four sections, written in 1995, in which he describes himself as an angry black activist who is a close friend and admirer of his pastor, Reverend Jeremiah Wright, a follower of Niebuhr, Tillich and Black Freedom Theology.No one who plans to vote in the November elections should fail to read this book!",pos
"My 2 year old son loves these little mittens, they fit well and they keep his hands warm.",pos
"This is my new favorite beach cover up!!the pattern is absolutely beautiful, the quality is good (not ichy or scratchy) & I love the little tassels on the ends! Super flowy & perfect for the beach or pool.",pos
"I had purchased this to replace the older version (Cordless Desktop Pro) of Ergo board from Logitech that I ABSOLUTELY LOVED but my wife had spilled water on and killed. I don't know why they changed the key feel but like some others have said it IS a bit stiff. I had an older M$ Natural (v1 of the 4000 w/o the scroll wheel in the split) and it just died now I am at a crossroads. I tried the Logitech wave but I am used to the key placement and comfort of a split keyboard and it's just not the same. The key touch of the Comfort Laser is responsive and accurate but the keys themselves are ""stiff"" so if you prefer a softer touch keyboard then you may consider something else. Otherwise it IS a good keyboard. I have never tried the mouse so I cannot praise or criticize that part of the product.",neu
"Ok, I could print the return label so I'm stuck with these things.. They are nothing like they appear.. this are socks that don't stay up and they or more like stockings, DO NOT WASTE YOUR MONEY.",neg
It was hard to get the wire into the right spot.,neu
"I'm 5'2, was way too long for me. I am going to get it altered to be a high/low though. Fabric is lightweight and nice.",pos
"I was expecting a powerful 45 second approach to get a sale that could possibly change my life. What I found was a series of napkin drawings that, if I was an artist, and if I had a couple hours, I might be able to use and confuse a potential client or customer about my complicated way of explaining network marketing. This book was a waste of my money.",neg
"The subtitle of the book ""The Basics and Beyond"" is a good description of the contents. There are many beautiful photos. There is great design inspiration in the book. It is perhaps more comprehensive than the beginner can digest.This is not a great book from which to learn to weave. That basic information is spread throughout the book, but there can be an overwhelming amount of advanced concepts, for which the beginner brain is not ready, along with the basics.Although it contains a large amount of useful information for all weavers, it is also not a book that makes it easy to find that bit of information you need that you know is in there.",neu
I like how they look but really haven't used them yet.,neu
"It doesn't look as new as the other two books I've ordered, but it's one hundred percent readable. It's a good book!",neu
OontZ XL - My Defective Problem,neg
A solid entry level record player,neu
"It's scary, exciting, and fun all at the same time! I love the first book too!",pos
Can purchase better quality in the Dollar Tree for a lot less.,neg
"Great idea, but did not meet my needs.",neu
"I like it, not too bad for the prize. my faceplate fits just fine. and it's not to bulky to carry in my purse.",pos
"Decent bag, but the interior has limited options for ...",neu
"My mom got me these for christmas and whike they are cool shore, the blue lights on the right sgoe stipped working after one hour of wear. I thought the battery had run out but it was the lights themselves that stipped working. They are still cool shoes but im bummed the lights didnt last longer",neg
"This device does what it advertises and works well enough. For me, it has limited use but is handy for storing videos to view on my Kindle Fire. It was a good value for the money, but has a few issues for me. One problem I have is that I have to give up my wireless connection to connect to the drive. Switching back and forth is a hassle. The drive has a slide back hood over the insertion device and when the ports are physically close together it makes plugging it in next to other USB plugs a little difficult. The only other thing I could wish for is that it had a little wire ring that would allow me to attach it to my key ring. Those are minor issues though and it makes a great addition to my Kindle and/or cell phone when I want to carry additional music or videos.",neu
"This lens is a great compromise solution for the pro-sumer photographer. The sharpness and resolving power can be exceptional in reasonable lighting and it is light and small enough to be carried around all day. I have used the very expensive 200-400mm f/4 pro lens and believe I will get more good shots with this lens, simply because it will get more use. I don't know if it will be as durable, but it will sure be useful and fun to use. I bought this lens after giving up on a non-Nikon 150-500mm product. While my old lens was good value at the time, I became increasingly frustrated with the low percentage of acceptably sharp results. So far the 80-400mm has produced much better results with excellent color and fast/accurate autofocus performance. The results show a great bokeh and accurate exposure when corrected by half a stop. The VR system seems effective and I have not had to turn it off during most shoots. I had to return the first unit received as it would not lock on to an isolated subject in the AF-C mode on my D800 body. The AF system would jitter continuously and deliver blurred results. This problem could be fixed by switching to AF-S (with a single focusing zone) but this was an intolerable performance problem at this price. The second unit arrived with far better packaging than the first, but I don't know if that was a contributing factor in causing the problem. Updated: Downgraded by two stars due to AF-C problems on a second copy with D800",neu
"small for a young child""s wrist.Beads are not 6mm",neg
Great for my needs - wanted a holder for a Note 3 and the Qi Charger,pos
"While I found the book had some good ideas, it was clearly not edited by anyone who knows basic grammar. It seemed like a rough draft, and the typos and errors in punctuation, run-on sentences and even capitalization drove me nuts. I couldn't finish it, which is really too bad. If the author is reading this, please get that old grammar book out and really proof your work. This is really unprofessional, and I KNOW you can do better.",neg
Super cute and soft but too tight to be comfortable in. Ordered a size 9 and they were too small. I recommend going up a size.,neu
I ordered a medium but it fit like a small. I recommend ordering one size up.,pos
"I cannot recommend, but it may be my location",neg
This was really a cute key chain. I gave this with a couple of other items to my grandsons bus driver at the end of the year.,pos
"The Futurist is a fresh, smart, current and hilarious new novel written by James P. Othmer. It is the tale of Yates, the futurist, whose world is turned upside-down when his girlfriend dumps him for a 6th grade History teacher. This, and other timely events, sends his life into another dimension of reality. His journey is so complex, rich and raucously funny that it was hard to put the book down. I highly recommend this book to anyone with a sense of humor and a social conscience.",pos
"This book makes a couple of good points...........but that is all this book has. The authors repeat themselves time and again. A book that is 149 pages could easily be 30. Although it is funny,I would say it is worth around.... [$]",neu
The product is exactly as described.,pos
"Summer is the season of the beach book; novels are selected because they are fluffy confections to be read on autopilot without a second backward thought. Classics are chunky, pedantic things; something to be read only if a gun is pressed to one's skull and VC Andrews is dangled like fleshpot flashlight at the end of a long dark tunnel. Luckily for us, Jordan Stump dove headfirst into Jules Verne's original French text and emerged with a book that is a happy marriage of the two: all of the melodramatic adventure and none of the tedious language from the original translation.The book speeds swiftly along, despite its size, and I often found myself reading several hundred pages when I'd only meant to take in a few chapters. The more modern linguistic style lends itself to readability even when some of the story is just pointless listing or telling rather than showing that would normally annoy me. Speaking of which, some things do strain the book's credibility, like the fact that Cyrus can invent everything *except* a way to get off the bloody island (Not unlike the Professor on Gilligan's Island) and there are more than a few fortuitous coincidences that will leave you snorting until you find out later that they're a deliberate part of the plot. Nothing much really actually 'happens' outside of the basic survival story until the pirates show up to provide some much needed conflict in part three where things become suspenseful, fun, and only slightly violent.Ferat's etchings are wonderful snapshots of the action, with the exception of a few sad reprints with far too much ink that render some scenes nearly unseeable. His portrayal of the castaways battling a whale may not be accurate (In fairness, how many anatomical renditions of sea life were really available for study in the 1800's?) but the spiky-flippered sea monster he creates is awe-inspiring.Unfortunately, some of these pictures are placed on pages that come before the actual events in the text and they, along with the introductions, often give away major plot points. The chapter sub-headings are equally guilty of spoiling surprises and you have to train yourself not to peek so nothing important is given away. Because of when this was written there is an uncomfortable moment or two where racism and stereotyping come into play i.e.; the black man who remains with his master out of devotion even after being freed and an orangutan's face being described as 'almost human' like 'that of an Aborigine', but they quickly disappear as characters evolve. This book is strangely listed as being abridged but nowhere in the book itself is there any indication that the translator has cut anything.3 1/2 stars for a literary classic that has finally had justice done to it and now actually begs to be read by all ages. It doesn't bludgeon you over the head with outdated language or force you to overanalyze themes. It's ideal for summer reading but won't turn you brain into jelly. As Pencroft would say 'Hurrah!'",neu
"Work well - extremely economical - feel a tad cheap - however, they do the job!",pos
"Wait to check out the paperback from the library. Ed Morales' best writing was at the beginning of his career in the Village Voice, where he displayed a passion for writing. This book smacks of someone trying to stay relevant in a desperate fashion akin to a Crackhead looking for rock in the gutter.",neg
"Waste of time and money, no support from website, drivers installation with errors.",neg
"Look good and light, but the size is not right",neu
The Great Deluge is what I expected and more. After seeing Douglas Brinkley on Tavis Smiley late night I was pleased with his attitude and picked up the book. What a great read!!! The first 30 pages are like reading four novels they are so packed with info. Fantastic!-Matthew Wolak,pos
"A good non-fiction book chronicling life and hardships in the Rocky Mountain West before it was really 'settled'. The author traveled and interacted with all manner of people (Mexicans, French Canadians, American Indians etc.) that were roaming/working in that area during the 1840's. This book makes you realize how pampered a life we now lead and that we really have no concept of being truly cold, without shelter, lost and hungry or being in danger of losing our lives due to the elements or through violence. There is also a lot of humor in this book. It is all the more remarkable in that the author has an excellent writing style and vocabulary. He also shows not a little horror at some western 'justice'... imagine my surprise when I learned that Lewis Garrard was only 17 when he embarked on this journey and the book was first published three years later. One portion of this book is apparently the only written eyewitness account of the trial and hanging of the 'revolutionaries' at Taos, NM. Worth reading!",neu
"This is beautiful, and looks like the model…Only thing is—It's a bit too large…so I need to wear a tank under it, but I could just take it in on the one seat, and tighten it up a bit. I adore the colour.",pos
I'm starting a small business and I needed a book to help me with making a lot of soap in one time. The recipes usually make about 30-40 bars in one shot. If you're buying this for personal use I'D PASS. On the other hand if you're looking to sell soap go for it. Now the problem is there are NO pictures showing the final product! I like to see what i'm making and I'd like to see if mine looks the same when I'm done. They basically have little drawings if that's what you want to call them..not to helpful it that area. It's an O.K. book....it gives you the list of things you need to make soap and that's what I basically bought it for...,neu
"This card did not work in my computer. A computer repair store diagnosed the card as defective as one of its' chips was overheating. A second card sent by Amazon did the same thing. Gigabyte blamed the problem on my computer, first that I did not have enough power (bought new power supply) and then on the motherboard (too old). Amazon simply solved the problem and took the card back for credit. Thanks Amazon.",neg
Did not work for me. Disappointing overall quality,neu
"The book Red Strangers is about a savannah tribe and the people in it. It focuses on one family in particular in which there are two boys, (this is where the names get mixed up) the older son is Muthengi, and the younger on is Matu. Muthengi is a warrior, where as Matu was sick as a boy, and he never really fully recovered. This book demonstrates the concept of ethnocentism, because the white people judge the tribes way of life by their own standards and don't even give the tribes people a chance. The tribesmen spend alot of time slaughtering goats, and going on journeys.",neg
Great Quality for price.,pos
"This is a super cute top that fits well...HOWEVER, it isn't even close to being a loose top that would fall off the shoulder if you wanted too (like the picture suggests). It stops right below the stomach with a tiny bit of stretch.",neu
"I thought the movie version of this graphic novel by Alan Moore was decent but believe me, reading this novel is a much better experience. It goes far beyond anything seen in the film and has a much different ending, so even if you've seen the film you'll still love this story. Like all of Alan Moore's works, the story is complex and builds to the final pages with a great payoff. V really is one of the most unique characters in modern fiction, and this book even includes some extras in the back, including an interview with Alan Moore and some early concept art and promotional work. If you haven't read this novel, buy it, if you've read it in the past spring for the hardcover because you'll want to read it many more times in the future.",pos
"As I had consumed all my leCarré, I sought something to fill the space of a long plane flight. This was suggested to me. If you are a JlC fan, be forewarned, this book's low-calorie diet will be very disappointing. Short on detail, a lot of repetitive word usage, even trite phraseology....it's all here. I have been told that this is not AF's best stuff, and I have no doubt that might be true. This feels formulaic, hurried. Remember the movie Foreign Correspondent? This book, of course, is not that story, but it illustrates an unusual point for me. Ordinarily, print has so much advantage over film in its ability to evoke imagination and supply rich textures. After all the praise of AF for his ability to evoke the moody 1930s, I was certainly jazzed to get some of that. But not this book. I was consistently aware I was reading a novel, unengrossed, unpersuaded, no disbelief suspended. The movie TFC, in contrast, is extremely effective in transporting you to pre-war times. It could well be--indeed, I have zero trouble imagining--that a movie of AF's book would actually be more interesting than the book itself, that in the hands of a great dirrector, it could be quite compelling. That's how unsatisfying the book is.",neg
This is a Christmas gift,neu
"I've had this for a few years and it's given me mostly good service. I only use it in a studio to photograph art, so no rough treatment or lugging and banging around. The plastic crank that raises and lowers the platform the camera attaches to has had a small plastic piece broken off that causes the handle to pop off of the tripod when you try to turn it, necessitating grabbing the top and pulling it up/pushing it down by hand before tightening the ring that holds it in place. I've also replaced the quick release platform for the same reason: breaking off of small plastic parts. If you're more professional, I wouldn't count on this for something that's expected to take wear and tear.",neu
Cheap looking IRL,neu
I have only used a few but the work great! I will buy again.,pos
"I understand this is a used book, but at least 100 pages with all kinds of activities are already filled out. Really? Some in pen!!!Very disappointed.",neg
Anderson is just a terrible writer. But if the story is good enough you can grit your teeth and find some enjoyment. The Darksaber story is not one of those. Don't read this bood.,neg
PRO: Not a bad pouch overall. CON: 1. Belt loop not located correctly that caused the camera to fall from the pouch on occasion if the the top flap wasn't fully secured. 2. Top flap Velcro tended to loose its grip over time. 3. Stitching tour loose from the belt loop that ended its relatively sort life. I would not recommend this pouch because of its short life.,neu
I ordered this along with 3 men's bibs as a joke for our upcoming cruise. They are well made and will definitely serve the purpose! Nice that they are washable!,pos
"Well designed and built bow tie antenna. Holds up to the wind, ice, and snow with no issue. Has worked flawlessly for me for over a year.",pos
A month and works fine,pos
"Bought this screen protector to replace a similar product I bought from GGS on Amazon. This Neewer screen protector cracked the day after I got it. It was sitting on my car seat, and must have bumped against other lenses sitting on the seat. This is really fragile compared to the GGS screen protector which only had a tiny chip after I dropped the camera onto concrete.",neg
"I have had it now for three hours, and cannot figure out how to get it open so I can wear it on my wrist! I'm hoping the seller will give some kind of instructions so that these bracelets can actually be worn.",pos
"I'm an experianced programming who was looking for a book with lots of technical depth on ADO. Whilst there are some good chapters in this book, generally the topics covered are not examined in detail, mainly because the coverage is too broad (eg. covers ADSI, Exchange etc etc). Everytime I use this book I find myself having to search MSDN to really get the details I need. aarrgghh!",neg
These shoes are cute just not super comfortable,neu
Picture appears that they are white with pattern: they are not. They are clear and the sun comes shining through so I returned them.,neu
"Good for the price, but not very scratch resistant lenses.",pos
Overpriced mouse that offers scant support for Mac users,neu
Spent More than I needed to!,neg
"You will get the exact same information contained in this book as you will on the DASH diet pages of the NIH & NHLBI websites. Nothing new, and the few recipes in the book are slight variations as those found on the NIH & NHLBI websites. The grocery/pantry list of things to buy list is pitiful - no brand names to look for, just ""no-salt tomatoes"".",neg
I returned mine. Kept getting disconnects.,neg
"The book had events of great interest, however, Beryl did not express other aspects of her life that a reader might want to know. She never mentioned anything about her mother, who was she, etc. Also, although her life was interesting, I began to loose interest and the book became quite tedious to read at times. In addition to this, I found several points about her life that were confusing and seemingly contradictory. I have read many autobiographies that are better than this.",neg
"I had been shooting with a K200D for about 4 years. While it was a good camera, it needed improvement in a few areas, specifically high ISO performance, focus speed and accuracy, and live view. The K50 offered all these things. With about 500 shots through the new camera, I can say it has exceeded my expectations, especially in the focus and live view areas. Low light performance is much better than the old camera but still not what the high end units offer. I also got the 18-135 lens and LOVE that as well. It has become my go to lens for almost all situations, replacing the 55-300 which I used to use about 80 percent of the time. That lens still performs well on the new camera but the shorter zoom is much more versatile and very sharp when stopped down one or two stops. The controls are different than the K200D, especially the two control wheels rather than one. I am getting used to this and will love it when it becomes second nature. I also like the quicker access to ISO and other settings that is available. Am using the AA battery adapter with Energizer Lithiums and continue to get excellent performance from them. Very pleased, would buy the camera again and would recommend to a friend.",pos
"I got this book as a gift and I thank God becasue, if I had actually paid money for it, I think I would have sued the publisher.This book is unfunny and the cartoon artwork looks like it was drawn by a 5-year-old.Save your money and buy a vegi-burger.",neg
"This is a tough one to review adequately. On the one hand, it is a clear and apparently authoritative introduction to an interesting subject.On the other, it is--hyperbolic, touting each advance as earth-shattering and each contributor to the field as the greatest or most unfairly ignored mathematician, biologist, etc.--repetitive, including analogies that, while sometimes helpful, often become longer and more convoluted than the exposition--self-aggrandizing, with loving attention to details of the author's autobiography that only a mother could pretend to be interested in--amazingly badly read, like an unskilled and condescending teacher reading to kindergarteners.4 for the topic and 2 for its presentation (4 for clarity and 1 for everything else).If Scientific American hasn't published the 15-page article and the topic interests you, my guess is that this is a book that reads much better in hard copy than the Audible recording.",neu
Works better than two passive 16 ft cables with a powered USB 2.0 hub in the middle.,pos
"Beware! This is a wonderful film, not yet available on DVD, but at least one of the VHS versions being sold has been colorized--which is a hideous and disrespectful thing to do to a great old black and white film. It would be helpful if Amazon could include this information on its sale pages. (In this case, the reproduced VHS box cover does include the word ""colorized"", which I didn't notice.) Since they don't, before buying a VHS, if getting the original B&W matters to you (and I hope it does), then inquire carefully of your seller. I got a VHS from Video Treasures, it was colorized, and I returned it.",neg
"This is an awesome case! But it arrived with these awful marks on it. I was so excited to receive the case, the I turned it over and ugh, there are black ink like marks that ruin it.",neg
Display cannot be shut off,neg
"Having recently enjoyed historical fiction set in the early 20th century (_The Somnambulist_, _The Alienist_, _Vienna Blood_), Lehane's latest book was recommended to me. While I enjoyed Lehane's writing tremendously (more on that in a bit), the interaction of fictional characters with real people seemed a bit forced. Certainly there was much going on in 1918 - 1919 (the Influenza Pandemic, the Red Scare, the Great Migration, revolution in Russia and labor unrest in the United States, the Black Sox controversey, the Boston Police strike) Lehane apparently felt the need to include all of this in a sweeping epic, his characters wrestling with these monumental changes as their lives intersect with the well-known and soon-to-be-famous.The story revolves around an African-American, Luther, who left his family in Tulsa for Boston after he was involved in a crime. There, his path crosses Danny Coughlin, a Irish Boston police officer and son of a prominent police captain. As the turbulent events of the early 20th century swirl around them, Lehane includes these characters into the great events of the day. That these characters come into contact with so many prominent figures: Babe Ruth, J. Edgar Hoover, John Reed, Eugene O'Neil, the Black Sox, Calvin Coolidge, James Storrow - was a bit contrived for my tastes. As a previous reviewer noted, it felt as if Lehane had a check list and was simply ticking off personalities and events as he wrote.Still, Lehane writes beautifully: ""And then the rain came, a fat pouring of it, clattering and hissing, streaming off bare heads."" (p621); ""It was hard work ... Kind of work made your shoulders tighten hard against your neck, the cartlidge under your kneecaps feel like rock salt, dug hot stones into the small of your back and the edges of your spine."" (290). His way with words were a real joy to read. Lehane also captures the frustration of the working class as they struggled to organize unions, the bitter enmity between American-born citizens and immigrants, between whites and blacks, the fear of terrorists and agents provocateur. Frequently I caught myself smiling at the similarities between the issues Lehane shows at the beginning of the 20th century and those at the beginning of the 21st. This could have been a ""great American novel.""In the end, however, I came away thinking he bit off more than he could chew - the Influenza Pandemic, for example, was a major event of the time, but Lehane gives it a scant 40 pages as a plot device. Similarly he includes the Great Migration as merely a back-drop to the personal conflict his characters wrestle with. Lehane should have either gone all-out (ala _War and Peace_) with the scope and scale of events and made the novel truly an epic, telling the reader something about the common man and great events, or narrowed it down considerably. As it is, the historical events and characters serve as almost one-dimensional backdrops for his fictional characters to walk in front of, and the theme ""the little guy gets stepped on by big money"" was flat.I did enjoy the book, in spite of my three-star review. Were I able to give half stars, I would do so, as there is much to like and enjoy about the story and Lehane's writing in particular. I wish Lehane had tried to do more with his characters and events and less with those who became famous.",neu
"The premise behind this book is a great idea, but poorly executed by Maxwell. The characters are shallow and repetitive - how many times did she work in Anne Boleyn's sixth finger?! I kept waiting for Elizabeth to have some interesting reflection about her mother, but none came. Someone else should write what this book could have been.",neg
Disappointingly loud,neg
"Ever since my wife bought me the fighting agents two weeks ago, I have been on a tear regarding griffin's books. The reason is simple: enjoyable characters. In the Brotherhood series, I am currently reading The Majors. Other than ""mouse"" who I could care less about, I am facinated by Lowell and what may come of him. I could do without all of the drinking (that's all they seem to do) and Griffin's constant references to previous novels. I'll be the first to agree he is no Clancy. But, his books move smoothly for the most part and develop their characters well. I look forward to the remainder of this series and also to the Corps series which I have yet to read.",neu
"Wild Cards has an interesting premise, but in this, the first volume, it fails to realise it's full potential. The main problem with this mosaic novel is the lack of continuity of characters throughout the book. As each chapter/story is written by a different author, they all seem to want to introduce several of their own characters into the story, and whilst these characters provide interesting plot lines, they never seem to interlace with other characters that were introduced earlier in the book, leaving you to ask; what's the point of having all these characters at all? There's only one character that appears consistently throughout the novel, and therefore he is the only one that provides any sort of interest.As each chapter/story is written by a different author, you have to constantly adjust to the authors style. This added to the fact that in each chapter the story jumps to a whole new set of characters, you can become confused and lose yourself very easily.The book, as a whole, is a hit and miss affair. For example, the story ""The Long, Dark Night of Fortunato"" by Lewis Shiner really is quite awful and to be frank, rather stupid. ""Shell Games"" by George R. R. Martin is very good indeed (though it lacks the sharp dialogue of his brilliant ""A Song of Ice and Fire"" series). ""Strings"" by Stephen Leigh is a taut web of a story with a few suprises and is easily the best in the book.Overall, the first volume of 'Wild Cards' is slightly disappointing with some major teething problems. However, the book is, in most parts, still immensely enjoyable due to the mostly accomplished storytelling of its authors, and the premise certainly has a lot of potential.",neu
It might be a little heavy for here in Florida. Fit is good. Very attractive.,pos
"Primarily because this book is too basic. Any claims by the author to reply back to email*s* (again, emails, not one!) have been false.Please don't write any such books just to rip us off... please!",neg
Equivalent to or better than Eneloop in my experience,pos
The skull prints are ridiculously enlarged and the neck gaiters run very big. I will probably have to take them in to actually use them. The prints are very vibrant but overall I'm a little dissapointed.,neu
The software on this thing is a nightmare. I ...,neg
"They look fine ... However, they DO NOT FIT OVER my glasses. I have basic black rim prescription glasses. They are NOT extremely large, they fit an average woman's face. I caution",neu
Very thick and the white print show on low cut shoe. Skinny legs had hard time keeping them up,neg
Good mask for Halloween. It does smush your nose but overall looked legit for being fake.,neu
"I ordered this for my 1 year old daughter. She loves Yo Gabba Gabba and we purchased the Foofa one in store for her sister last year. The size is probably for a 4 to 5 year old, but my 1 year old has a large head. The quality of the hat is great! It's nice and warm and very well made. My only problem is that when I took it out of the package there was small food specks on it in various places. Whomever packaged it must've had something on their hands. I washed it clean, no stains in sight. Had it not been for this I would've given 5 stars",neu
"First an antecdote.I was at school (I am 16), and a friend told me about a presentation about creationism so I went. It was the author of this book giving a speech with a slide show about his book. The person was Dr. Nicholas Comminellis. First of all, he clearly didn't do research. He presented two slides that I knew to be false. First, a slide about how Darwin denounced evolution on his deathbed, and second a slide about the place with the dinosaur footprints and human footprints together. That site is now known to be a hoax. The entire thing was a brainwashing seminar. In addition, he doesn't understand evolution at all (or if he does, he is twisting it to attack it). For example, he argues that the transitionary body part of two wings is one wing. One wing doesn't help the organism so the two wings wouldn't have arose. The problem is the transition of two wings is smaller or more primitive wings. Not one wing. Anyone who actually did research (even look in a biology book) could have figured that out. To anyone who doesn't know how an argument should be constructed, it needs a claim, warrant, and impact. The claim is what you are trying to prove. The warrant is why it is true. The impact is why the claim matters. If you don't have a warrrant the claim doesn't matter b/c the impact doesn't logically follow. If you don't have the impact the claim doesn't matter b/c there are no consequences of your argument being true. Here is an example.Claim: Pancakes are healthyWarrant: Pancakes have vitaminsImpact: We should all eat pancakes b/c they are healthyIf I forgot the warrant I haven't proved that pancakes are healthy so the impact (eathing pancakes) doesn't follow. If I forget the impact, the claim doesn't matter. Pancakes are healthy, so what.This book uses so many appeal to authority arguments, it is scary. It has a quote by someone with their claim and impact but the only warrant is that someone wrote it. The author must have 20 excerpts that show highly improbable odds for evolution but Dr. Comninellis only includes there claim. He doesn't give a methodology for the stats. Most of his other arguments have no impact. Comninellis has a good rhethorical style but his logic is terrible.",neg
Shoe Is already torn up. Wore first on June 5th and it's now Aug 3rd. Shoe has been torn up for 3 weeks now,neg
"I had to bought this book for a class I'm attending. I first read the preview available for this book and I was kind of nervous to buy this book but I had no choice, it was necessary. The only thing I want to say is that book should not be consulted except if it is really necessary... There is virtually no links between the parts of chapters and even between the chapters. You never know what the author is trying to explain. The information is always partial, there is plenty of references to paliated this lack of usefull information. Nevertheless, I think that it is not to complicated to understand. This is mainly why I have deceided to give it 2 stars. I strongly not recommend this book to anyone: students, teachers and professionnals. There must be many better book out there! In fact, I don't think that any book can be worst. I haven't read all the book yet but I'm pretty sure that the last chapters won't be more exciting than the first half.",neg
"Once I got used to the narrative form of this book, I did enjoy the plot in the begining. However, I felt that the characters remained one dimensional and could have been developed more. The ending was a disappointment. It was almost like the author got tired of writing and wanted to wrap up everything in a nice neat bow wrapped package. I feel that the plot could have also been developed further. I did enjoy the portrayal of strong black men, however.",neg
"This is.a typical Grisham book. Lawyer wants money and lawyer finds money. Has lots of lawyer friends who handle divorce, medical malpractice and other ambulance chasing activities.One thing about Grisham, he may not ever win an award for his writing, but his stories are readable. The book, like his others is fast paced and a quick read.Shakespeare he is not; Chaucer, Hemingway and Fitzgerald have nothing to worry about - Grisham will never displace their literary positions. But, if you want a light read where the story telling is good, John Grisham has several novels that pass the teat. While I would not count this as his best (I reserve that for ""A Time to Kill""), the story in ""The Summons"" is interesting and I could see it really happening.",neu
Perfect to wear under scrub top. I wish it came in cotton material.,pos
This book was the most exhaustive writing I have found on this subject matter. Dr. Paula Price has done extensive reasearch so I didn't have to. It is a must read for anyone exploring the topic of the prophetic office.Prophetess Angela A. Johnson,pos
"Pros: Good construction Rounded edges Cons: No tool-less drive bays Rear facing drive bays, inconvenient for adding drives after assembly Mediocre air flow Poor cable management No backplate cutout No painted interior Small This is not a gaming case, period. For the price you can do a lot better, I recommend the Corsair 300R. This case will not fit any serious graphics card, and forget about SLI or CrossFire. The drive bays face front-to-rear instead of sideways, which is extremely inconvenient for adding new drives after assembling the computer. The air flow is mediocre and case-fan placement is very limited. I will say that this case is well made, but the design is fairly poor. Go with a 300R, it will suit your needs much better if you are not a gamer.",neu
"Installing was quick and painless on my MBP. I had to download the latest EyeTV Lite package from the Pinnacle site since my computer is running Leopard, and used the included serial number to activate. The included antenna picked up all my local digital channels with ease. The card is wide but they thought ahead and included a small USB extension cable so that you don't lose the adjacent port. EyeTV Lite, though, is a bit lacking on certain features. I couldn't find a way to manually tune in a digital channel that wasn't found during the scan and the deinterlacing on 1080i channels was disappointing at times. I upgraded to the full version of EyeTV 3.0, which also works perfectly with Leopard. The full version has a few deinterlacing options, allows manual tuning of digital channels and has some neat features such as remote scheduling through TitanTV. I've been recording shows flawlessly. The quality is great and (at least with the full version; I didn't try with Lite) editing out commercials for archiving is fairly easy. The USB stick itself is the same as the Pinnacle PCTV Pro 800e, so if you download the drivers for that plus the free WatchHDTV program you can also use it with Windows, if you dual boot. I recommend this product, though it seems Pinnacle has updated the PCTV Pro with a newer tuner chip for better reception and hopefully will update this product soon as well.",pos
"These are so short they are way up when your glasses are off your face. I guess usable for float trips where it's a glasses life jacket, but as a glasses chain, it's a fail.",neu
too cool,pos
"This text is written for the cancer/nutrition specialist and assumes an adequate background in state of the art nutrition and cancer science. This is not a text for the uninitiated, however, it does not go far enough to inform the specialized reader in the wealth of knowledge available on nutrient signaling molecules and their role in normal cell cycle controls. It pays lip service to the role of non-calorie nutrient signal processing in health and disease while holding firm to status quo pharmaceutical medicine. This is to be expected and, while not terribly disappointing, it was informative. This makes this text a great way for an orthodox physician to become acquainted with nutrition as applied to oncology. It also can give the academically prepared nutritionist insight into the cellular mechanisms of cancer where nutritional therapies may have their actions. No text of this magnitude is without merits. Given the cost of this text, I would still buy it and read it and be all the better for the experience.",neu
"A delightful part of reading certain good books is realizing that you've fallen in love with the protagonist. The experience is heightened if you come to this affection a little reluctantly and with distinct misgivings. But best of all is closing in on the conclusion thoroughly hooked, mincing along that classic balance between comedy and tragedy. ""My,"" you suddenly think. ""She's really not taking good care of herself. Say, this could end very badly. Oh, golly, not that...""So it is with Jane Takagi-Little, the hero of Ruth Ozeki's ""My Year of Meats."" She first appears as an out-of-work (hungry) documentarian who gets an offer to work on a Japanese TV series to be called ""My American Wife!"" The series pretends to be about America and Americans, but really, ""Meat is the message."" Every week, a family of ""real"" Americans will share their life-and their favorite meat recipe. A council of beef producers (BEEF-EX) wants to sell Japanese housewives more meat. I was doubtful, but Jane needed to pay the rent. She bit.Soon we're on the road with Jane and the meat show. The Japanese production crew needs her language and negotiating abilities to make TV programs with ordinary people. Right away we sense the exploitative flavor of making programs that are more interested in what people eat than who they are. But Jane is interested in people. Yet, she's definitely a edgy character-six androgynous feet tall with streaks of purple hair. First doubtful thing she does is take up with a vaguely menacing guy that she met through phone sex. Hmmm.Just when we've had about enough of Jane for awhile, the narrative POV shifts to Akiko Ueno, a shy woman who watches My American Wife! at home in Japan and loves the show and really wants to eat more meat. Not coincidentally, Akiko is married to the sponsor's representative. And this is just the beginning of the complications.Structurally, this is a thoroughly modern text. Instead of a straight narrative line, it weaves together first and third person voices, classical Japanese literature and, of course, meat recipes. But it's never heavy; in fact, it's increasingly hilarious. Some of the most riotous series are exchanges of faxes and emails between the producers and Jane. The slightly mangled syntax of Japanese English is letter perfect. And Jane's obsequious, double-edged replies are masterful-particularly for anyone who's ever had to write such a memo to ones higher-ups. Increasingly, Jane comes into conflict with her producers-ultimately with BEEF-EX itself-and the supposedly fawning memo is her first line of attack.Why? Because Jane really does care. She finds beauty and nobility in the American heartland and she wants to tell the truth about it-even if that means making meat something of a side dish. And she has the artistic sensibilities to do a great job. First there's the Cajun couple who happen to have adopted 12 orphans of various races. (Think of all the meat they can eat.) Then there's the charming congregation of a primitive Baptist church. Trouble is, their best recipe is for fried chicken-not beef at all--and there's an odd thing about chicken. Wait a minute, these aren't the good corn-fed, wholesome Americans we had in mind. The producers are getting nervous. The pot really comes to a bubble when Jane decides to produce a segment about a really sweet lesbian couple. What's their favorite recipe? Unfortunately...So now I'm sold. Jane's a keeper. This book is funny. But just when it seems like the novel is sorting itself out into a safe little farce, the gravy starts to burn. Jane starts doing research about the hormone DES-sometimes used as a feed supplement in livestock production. Here, things got distinctly personal for me. Wait a minute, DES? DES is what they mistakenly gave pregnant women back in the 50s and never found out that anything was wrong with it 'til their daughters started developing cervical cancer 20 years out. My mother was part of the DES experiment in a Chicago research hospital-she got the placebo, or so I'm told. And every year or so, I get a letter from the DES research council checking to see if I'm alive. But what about Jane? Oh, this could be really bad...But I've got to stop writing about it before I give something away.Ruth Ozeki is the genuine article. She hits on every level and sneaks around and hits again. The Penguin edition has an informative series of appendices. They include a remarkable interview with Ozeki that convincingly spells out how the book evolved from a series of sketches about her experiences doing TV production. That sense of evolving artistic sensibility and the adventure of documentary research shines through at every turn. I have some critical quibbles about the structure of the ending. But I'm going to zip my trap because I want everyone to read it for themselves. No dessert 'til you've finished your main course.",pos
This book isn't very well written and I would only recommend for a breif summary of the people in it. I wasn't familiar with a lot of them so I still enjoyed it.,neu
"This guidebook is more of a ""super pamphlet"". It is about 3"" wide, 4"" tall, and 1.5"" thick with a glue tape binding. It is a well organized collation of USMC and DOD memos and instructional documents.",neg
